Name: CCTV-1 综合, URL: http://[2409:8087:7000:20:1000::22]:6060/yinhe/2/ch00000090990000001331/index.m3u8?virtualDomain=yinhe.live_hls.zte.com, From: local, IPv_Type: ipv6, Location: 中国, ISP: 中国移动, Date: None, Delay: -1 ms, Speed: 0.00 M/s, Resolution: None
Name: CCTV-2 财经, URL: http://[2409:8087:7000:20:1000::22]:6060/yinhe/2/ch00000090990000001332/index.m3u8?virtualDomain=yinhe.live_hls.zte.com, From: local, IPv_Type: ipv6, Location: 中国, ISP: 中国移动, Date: None, Delay: -1 ms, Speed: 0.00 M/s, Resolution: None
Name: CCTV-3 综艺, URL: http://[2409:8087:2001:20:2800:0:df6e:eb22]/ott.mobaibox.com/PLTV/4/224/3221228392/index.m3u8, From: local, IPv_Type: ipv6, Location: 中国, ISP: 中国移动, Date: None, Delay: -1 ms, Speed: 0.00 M/s, Resolution: None
Name: CCTV-4 中文国际, URL: http://[2409:8087:7000:20:1000::22]:6060/yinhe/2/ch00000090990000001333/index.m3u8?virtualDomain=yinhe.live_hls.zte.com, From: local, IPv_Type: ipv6, Location: 中国, ISP: 中国移动, Date: None, Delay: -1 ms, Speed: 0.00 M/s, Resolution: None
Name: CCTV-5 体育, URL: http://[2409:8087:2001:20:2800:0:df6e:eb22]/ott.mobaibox.com/PLTV/4/224/3221228502/index.m3u8, From: local, IPv_Type: ipv6, Location: 中国, ISP: 中国移动, Date: None, Delay: -1 ms, Speed: 0.00 M/s, Resolution: None
Name: CCTV-5+ 体育赛事, URL: http://[2409:8087:7000:20:1000::22]:6060/yinhe/2/ch00000090990000001334/index.m3u8?virtualDomain=yinhe.live_hls.zte.com, From: local, IPv_Type: ipv6, Location: 中国, ISP: 中国移动, Date: None, Delay: -1 ms, Speed: 0.00 M/s, Resolution: None
Name: CCTV-6 电影, URL: http://[2409:8087:2001:20:2800:0:df6e:eb14]:80/ott.mobaibox.com/PLTV/4/224/3221228123/index.m3u8, From: local, IPv_Type: ipv6, Location: 中国, ISP: 中国移动, Date: None, Delay: -1 ms, Speed: 0.00 M/s, Resolution: None
Name: CCTV-7 国防军事, URL: http://[2409:8087:1a01:df::4077]/PLTV/88888888/224/3221225671/index.m3u8, From: local, IPv_Type: ipv6, Location: 中国, ISP: 中国移动, Date: None, Delay: -1 ms, Speed: 0.00 M/s, Resolution: None
Name: CCTV-8 电视剧, URL: http://[2409:8087:2001:20:2800:0:df6e:eb13]:80/ott.mobaibox.com/PLTV/4/224/3221227473/index.m3u8, From: local, IPv_Type: ipv6, Location: 中国, ISP: 中国移动, Date: None, Delay: -1 ms, Speed: 0.00 M/s, Resolution: None
Name: CCTV-9 纪录, URL: http://[2409:8087:2001:20:2800:0:df6e:eb13]:80/ott.mobaibox.com/PLTV/4/224/3221227614/index.m3u8, From: local, IPv_Type: ipv6, Location: 中国, ISP: 中国移动, Date: None, Delay: -1 ms, Speed: 0.00 M/s, Resolution: None
Name: CCTV-10 科教, URL: http://[2409:8087:1a01:df::4077]/PLTV/88888888/224/3221225677/index.m3u8, From: local, IPv_Type: ipv6, Location: 中国, ISP: 中国移动, Date: None, Delay: -1 ms, Speed: 0.00 M/s, Resolution: None
Name: CCTV-11 戏曲, URL: http://[2409:8087:1a01:df::4077]/PLTV/88888888/224/3221225517/index.m3u8, From: local, IPv_Type: ipv6, Location: 中国, ISP: 中国移动, Date: None, Delay: -1 ms, Speed: 0.00 M/s, Resolution: None
Name: CCTV-12 社会与法, URL: http://[2409:8087:1a01:df::4077]/PLTV/88888888/224/3221225669/index.m3u8, From: local, IPv_Type: ipv6, Location: 中国, ISP: 中国移动, Date: None, Delay: -1 ms, Speed: 0.00 M/s, Resolution: None
Name: CCTV-13 新闻, URL: http://[2409:8087:2001:20:2800:0:df6e:eb17]:80/ott.mobaibox.com/PLTV/4/224/3221227387/index.m3u8, From: local, IPv_Type: ipv6, Location: 中国, ISP: 中国移动, Date: None, Delay: -1 ms, Speed: 0.00 M/s, Resolution: None
Name: CCTV-14 少儿, URL: http://[2409:8087:1a01:df::4077]/PLTV/88888888/224/3221225674/index.m3u8, From: local, IPv_Type: ipv6, Location: 中国, ISP: 中国移动, Date: None, Delay: -1 ms, Speed: 0.00 M/s, Resolution: None
Name: CCTV-15 音乐, URL: http://[2409:8087:1a01:df::4077]/PLTV/88888888/224/3221225513/index.m3u8, From: local, IPv_Type: ipv6, Location: 中国, ISP: 中国移动, Date: None, Delay: -1 ms, Speed: 0.00 M/s, Resolution: None
Name: CCTV-16 奥林匹克, URL: http://[2409:8087:2001:20:2800:0:df6e:eb17]:80/ott.mobaibox.com/PLTV/4/224/3221228112/index.m3u8, From: local, IPv_Type: ipv6, Location: 中国, ISP: 中国移动, Date: None, Delay: -1 ms, Speed: 0.00 M/s, Resolution: None
Name: CCTV-17 农业农村, URL: http://[2409:8087:2001:20:2800:0:df6e:eb17]:80/ott.mobaibox.com/PLTV/4/224/3221227592/index.m3u8, From: local, IPv_Type: ipv6, Location: 中国, ISP: 中国移动, Date: None, Delay: -1 ms, Speed: 0.00 M/s, Resolution: None
Name: CCTV-4K 超高清, URL: http://[2409:8087:2001:20:2800:0:df6e:eb13]/ott.mobaibox.com/PLTV/3/224/3221228228/index.m3u8, From: local, IPv_Type: ipv6, Location: 中国, ISP: 中国移动, Date: None, Delay: -1 ms, Speed: 0.00 M/s, Resolution: None
Name: CCTV-8K 超高清, URL: http://[2409:8087:2001:20:2800:0:df6e:eb03]/ott.mobaibox.com/PLTV/4/224/3221228165/index.m3u8, From: local, IPv_Type: ipv6, Location: 中国, ISP: 中国移动, Date: None, Delay: -1 ms, Speed: 0.00 M/s, Resolution: None
Name: CETV-1 综合教育, URL: http://[2409:8087:7004:20:1000::22]:6610/yinhe/2/ch00000090990000001063/index.m3u8?virtualDomain=yinhe.live_hls.zte.com, From: local, IPv_Type: ipv6, Location: 中国, ISP: 中国移动, Date: None, Delay: -1 ms, Speed: 0.00 M/s, Resolution: None
Name: CETV-2 空中课堂, URL: http://[2409:8087:7000:20:1000::22]:6060/yinhe/2/ch00000090990000001064/index.m3u8?virtualDomain=yinhe.live_hls.zte.com, From: local, IPv_Type: ipv6, Location: 中国, ISP: 中国移动, Date: None, Delay: -1 ms, Speed: 0.00 M/s, Resolution: None
Name: CETV-2 空中课堂, URL: http://[2409:8087:1:20:20::2c]/otttv.bj.chinamobile.com/PLTV/88888888/224/3221226537/1.m3u8?GuardEncType=2&accountinfo=%7E%7EV2.0%7E7AxXs4eTU2oiWrhopr9sHw%7E_eNUbgU9sJGUcVVduOMKhafLvQUgE_zlz_7pvDimJNNxsM0Bor098BJglrhfEQTl%2CEND, From: subscribe, IPv_Type: ipv6, Location: 中国, ISP: 中国移动, Date: None, Delay: -1 ms, Speed: 0.00 M/s, Resolution: None
Name: CETV-3 教育服务, URL: http://[2409:8087:7000:20:1000::22]:6060/yinhe/2/ch00000090990000001309/index.m3u8?virtualDomain=yinhe.live_hls.zte.com, From: local, IPv_Type: ipv6, Location: 中国, ISP: 中国移动, Date: None, Delay: -1 ms, Speed: 0.00 M/s, Resolution: None
Name: CETV-3 教育服务, URL: http://rrs01.hw.gmcc.net:8088/PLTV/81/224/3221226722/1.m3u8, From: subscribe, IPv_Type: ipv6, Location: 中国, ISP: 中国移动, Date: None, Delay: -1 ms, Speed: 0.00 M/s, Resolution: None
Name: CETV-3 教育服务, URL: http://[2409:8087:7004:20:1000::22]:6610/yinhe/2/ch00000090990000001309/index.m3u8?virtualDomain=yinhe.live_hls.zte.com, From: subscribe, IPv_Type: ipv6, Location: 中国, ISP: 中国移动, Date: None, Delay: -1 ms, Speed: 0.00 M/s, Resolution: None
Name: CETV-4 职业教育, URL: http://[2409:8087:7004:20:1000::22]:6610/yinhe/2/ch00000090990000001308/index.m3u8?virtualDomain=yinhe.live_hls.zte.com, From: local, IPv_Type: ipv6, Location: 中国, ISP: 中国移动, Date: None, Delay: -1 ms, Speed: 0.00 M/s, Resolution: None
Name: CETV-4 职业教育, URL: http://rrs01.hw.gmcc.net:8088/PLTV/81/224/3221226724/1.m3u8, From: subscribe, IPv_Type: ipv6, Location: 中国, ISP: 中国移动, Date: None, Delay: -1 ms, Speed: 0.00 M/s, Resolution: None
Name: CETV-4 职业教育, URL: http://[2409:8087:1:20:20::26]/otttv.bj.chinamobile.com/PLTV/88888888/224/3221226557/1.m3u8?GuardEncType=2&accountinfo=%7E%7EV2.0%7EBzZToIaOOoaa_jAUfhUQHQ%7E_eNUbgU9sJGUcVVduOMKhafLvQUgE_zlz_7pvDimJNOD9BEmVSNbqSQpqXZxnxbk%2CEND, From: subscribe, IPv_Type: ipv6, Location: 中国, ISP: 中国移动, Date: None, Delay: -1 ms, Speed: 0.00 M/s, Resolution: None
Name: 湖南卫视, URL: http://[2409:8087:7000:20:1000::22]:6060/yinhe/2/ch00000090990000001339/index.m3u8?virtualDomain=yinhe.live_hls.zte.com, From: local, IPv_Type: ipv6, Location: 中国, ISP: 中国移动, Date: None, Delay: -1 ms, Speed: 0.00 M/s, Resolution: None
Name: 湖南卫视, URL: http://php.jdshipin.com/TVOD/hnyd.php?id=200000001898/460000089800010058, From: subscribe, IPv_Type: ipv6, Location: 美国, ISP: CloudFlare Inc., Date: None, Delay: -1 ms, Speed: 0.00 M/s, Resolution: None
Name: 湖南卫视, URL: http://z.b.bkpcp.top/m.php?id=hunws, From: subscribe, IPv_Type: ipv6, Location: 美国, ISP: CloudFlare Inc., Date: None, Delay: -1 ms, Speed: 0.00 M/s, Resolution: None
Name: 湖南卫视, URL: http://j.x.bkpcp.top/jx/HUNANHD, From: subscribe, IPv_Type: ipv6, Location: 美国, ISP: CloudFlare Inc., Date: None, Delay: -1 ms, Speed: 0.00 M/s, Resolution: None
Name: 湖南卫视, URL: http://3501776.xyz:35455/itv/1000000005000265024.m3u8?cdn=ystenlive, From: subscribe, IPv_Type: ipv6, Location: 美国, ISP: CloudFlare Inc., Date: None, Delay: -1 ms, Speed: 0.00 M/s, Resolution: None
Name: 湖南卫视, URL: http://iptv.huuc.edu.cn/hls/hunanhd.m3u8, From: subscribe, IPv_Type: ipv6, Location: 中国, ISP: 教育网, Date: None, Delay: -1 ms, Speed: 0.00 M/s, Resolution: None
Name: 湖南卫视, URL: https://zby.130519.xyz/PLTV/11/224/3221225726/index.m3u8, From: subscribe, IPv_Type: ipv6, Location: 美国, ISP: CloudFlare Inc., Date: None, Delay: -1 ms, Speed: 0.00 M/s, Resolution: None
Name: 湖南卫视, URL: https://migu.188766.xyz/?migutoken=ade1bcf5c2da03d8fe794750a88004ae&id=hnws&type=sz, From: subscribe, IPv_Type: ipv6, Location: 美国, ISP: CloudFlare Inc., Date: None, Delay: -1 ms, Speed: 0.00 M/s, Resolution: None
Name: 湖南卫视, URL: https://iptv.catvod.com/live.php?id=%E6%B9%96%E5%8D%97%E5%8D%AB%E8%A7%86, From: subscribe, IPv_Type: ipv6, Location: 美国, ISP: CloudFlare Inc., Date: None, Delay: -1 ms, Speed: 0.00 M/s, Resolution: None
Name: 湖南卫视, URL: https://migu.188766.xyz/?migutoken=d1e258488029226e165e90c46209ec75&id=%E6%B9%96%E5%8D%97%E5%8D%AB%E8%A7%864K&pp=1, From: subscribe, IPv_Type: ipv6, Location: 美国, ISP: CloudFlare Inc., Date: None, Delay: -1 ms, Speed: 0.00 M/s, Resolution: None
Name: 湖南卫视, URL: http://[2409:8087:8:21::18]:6610/otttv.bj.chinamobile.com/PLTV/88888888/224/3221226509/1.m3u8?zoneoffset=480&servicetype=1&icpid=&limitflux=-1&limitdur=-1&tenantId=8601&accountinfo=%7E%7EV2.0%7EIGb_ib7rnBX9_sANRKq9sg%7EpK8OKM5JoJWWbLRyLfPcUMkwWZ90MzSI9S9PDltJsYzd0ZGcS3Tkh7syciNKJa-w60mDOdwtDyoNwCx9aRgzHNH9AUREV_qvNJtXHRPzYw0%7EExtInfo9bj61dxzlMXrsixrqcFYPg%3D%3D%3A20221022013542%2C915973%2C119.123.71.209%2C20221022013542%2C10000100000000050000000003873458%2C915973%2C-1%2C0%2C1%2C%2C%2C2%2C%2C%2C%2C2%2C%2C10000100000000060000000007253514_0%2CEND&GuardEncType=2, From: subscribe, IPv_Type: ipv6, Location: 中国, ISP: 中国移动, Date: None, Delay: -1 ms, Speed: 0.00 M/s, Resolution: None
Name: 湖南卫视, URL: https://migu.188766.xyz/?migutoken=bb4d5622d75252452a905ce1bc6131ad&id=hnws&type=sz, From: subscribe, IPv_Type: ipv6, Location: 美国, ISP: CloudFlare Inc., Date: None, Delay: -1 ms, Speed: 0.00 M/s, Resolution: None
Name: 湖南卫视, URL: https://iptv.catvod.com/live.php?id=%E6%B9%96%E5%8D%97%E5%8D%AB%E8%A7%86%E5%8F%B0, From: subscribe, IPv_Type: ipv6, Location: 美国, ISP: CloudFlare Inc., Date: None, Delay: -1 ms, Speed: 0.00 M/s, Resolution: None
Name: 湖南卫视, URL: https://migu.188766.xyz/?migutoken=51fc016797c0d786a069ba7f8af4f76c&id=hnws&type=sz, From: subscribe, IPv_Type: ipv6, Location: 美国, ISP: CloudFlare Inc., Date: None, Delay: -1 ms, Speed: 0.00 M/s, Resolution: None
Name: 湖南卫视, URL: https://iptv.catvod.com/live.php?id=%E6%B9%96%E5%8D%97%E5%8D%AB%E8%A7%864K%E5%8F%B0, From: subscribe, IPv_Type: ipv6, Location: 美国, ISP: CloudFlare Inc., Date: None, Delay: -1 ms, Speed: 0.00 M/s, Resolution: None
Name: 湖南卫视, URL: https://migu.188766.xyz/?migutoken=e93f960c070110b554b16d403a37d3ff&id=hnws&type=sz, From: subscribe, IPv_Type: ipv6, Location: 美国, ISP: CloudFlare Inc., Date: None, Delay: -1 ms, Speed: 0.00 M/s, Resolution: None
Name: 湖南卫视, URL: https://migu.188766.xyz/?migutoken=118a38550a629d0ff9f42244154fd7b9&id=hnws&type=sz, From: subscribe, IPv_Type: ipv6, Location: 美国, ISP: CloudFlare Inc., Date: None, Delay: -1 ms, Speed: 0.00 M/s, Resolution: None
Name: 湖南卫视, URL: https://migu.188766.xyz/?migutoken=6d9a93d339494260bf4a5c5a2359889d&id=hnws&type=sz, From: subscribe, IPv_Type: ipv6, Location: 美国, ISP: CloudFlare Inc., Date: None, Delay: -1 ms, Speed: 0.00 M/s, Resolution: None
Name: 湖南卫视, URL: https://migu.188766.xyz/?migutoken=3bf38c9591614aaa188554e6db59e3eb&id=hnws&type=sz, From: subscribe, IPv_Type: ipv6, Location: 美国, ISP: CloudFlare Inc., Date: None, Delay: -1 ms, Speed: 0.00 M/s, Resolution: None
Name: 湖南卫视, URL: https://migu.188766.xyz/?migutoken=53d5c9d9c68c05c7cfce29a876eb2e32&id=hnws&type=sz, From: subscribe, IPv_Type: ipv6, Location: 美国, ISP: CloudFlare Inc., Date: None, Delay: -1 ms, Speed: 0.00 M/s, Resolution: None
Name: 湖南卫视, URL: https://migu.188766.xyz/?migutoken=b3feac6e659599eab9408f632c2285cd&id=hnws&type=sz, From: subscribe, IPv_Type: ipv6, Location: 美国, ISP: CloudFlare Inc., Date: None, Delay: -1 ms, Speed: 0.00 M/s, Resolution: None
Name: 湖南卫视, URL: https://migu.188766.xyz/?migutoken=8e3b0046b3d819d0a910720719af224e&id=hnws&type=sz, From: subscribe, IPv_Type: ipv6, Location: 美国, ISP: CloudFlare Inc., Date: None, Delay: -1 ms, Speed: 0.00 M/s, Resolution: None
Name: 湖南卫视, URL: https://migu.188766.xyz/?migutoken=4198a9bb2d6d6381798d1e9ef320e2cf&id=hnws&type=sz, From: subscribe, IPv_Type: ipv6, Location: 美国, ISP: CloudFlare Inc., Date: None, Delay: -1 ms, Speed: 0.00 M/s, Resolution: None
Name: 湖南卫视, URL: https://migu.188766.xyz/?migutoken=1db83c606ac2f324aee6eecc2d7004fa&id=hnws&type=sz, From: subscribe, IPv_Type: ipv6, Location: 美国, ISP: CloudFlare Inc., Date: None, Delay: -1 ms, Speed: 0.00 M/s, Resolution: None
Name: 湖南卫视, URL: https://migu.188766.xyz/?migutoken=4c250901056c99e27e7b946a8e080f03&id=hnws&type=sz, From: subscribe, IPv_Type: ipv6, Location: 美国, ISP: CloudFlare Inc., Date: None, Delay: -1 ms, Speed: 0.00 M/s, Resolution: None
Name: 湖南卫视, URL: https://migu.188766.xyz/?migutoken=a2978eea743b2a0a629d1e26982ecbda&id=hnws&type=sz, From: subscribe, IPv_Type: ipv6, Location: 美国, ISP: CloudFlare Inc., Date: None, Delay: -1 ms, Speed: 0.00 M/s, Resolution: None
Name: 湖南卫视, URL: https://migu.188766.xyz/?migutoken=a57551e18259544ddee41b3656c837fa&id=hnws&type=sz, From: subscribe, IPv_Type: ipv6, Location: 美国, ISP: CloudFlare Inc., Date: None, Delay: -1 ms, Speed: 0.00 M/s, Resolution: None
Name: 湖南卫视, URL: https://migu.188766.xyz/?migutoken=1c6a39de1910a965411e7db8c3207658&id=hnws&type=sz, From: subscribe, IPv_Type: ipv6, Location: 美国, ISP: CloudFlare Inc., Date: None, Delay: -1 ms, Speed: 0.00 M/s, Resolution: None
Name: 湖南卫视, URL: https://tv.iill.top/migu/hnws&token=cc939526aed05a9c3f42c88c61fb8cb76c2acee2ebd65691e243451029eb7b84, From: subscribe, IPv_Type: ipv6, Location: 美国, ISP: CloudFlare Inc., Date: None, Delay: -1 ms, Speed: 0.00 M/s, Resolution: None
Name: 湖南卫视, URL: https://migu.188766.xyz/?migutoken=be121fdc39d1fff4e09427db93a1973a&id=hnws&type=sz, From: subscribe, IPv_Type: ipv6, Location: 美国, ISP: CloudFlare Inc., Date: None, Delay: -1 ms, Speed: 0.00 M/s, Resolution: None
Name: 湖南卫视, URL: http://k.061899.xyz/k.php?id=hunws, From: subscribe, IPv_Type: ipv6, Location: 新加坡, ISP: Aceville Pte.Ltd., Date: None, Delay: -1 ms, Speed: 0.00 M/s, Resolution: None
Name: 湖南卫视, URL: http://hwltc.tv.cdn.zj.chinamobile.com/PLTV/88888888/224/3221236225/index.m3u8, From: subscribe, IPv_Type: ipv6, Location: 中国, ISP: 中国移动, Date: None, Delay: -1 ms, Speed: 0.00 M/s, Resolution: None
Name: 湖南卫视, URL: http://hwottcdn.ln.chinamobile.com/PLTV/11/224/3221226144/index.m3u8, From: subscribe, IPv_Type: ipv6, Location: 中国, ISP: 中国移动, Date: None, Delay: -1 ms, Speed: 0.00 M/s, Resolution: None
Name: 湖南卫视, URL: http://iptvrr.sh.chinamobile.com:6060/cms001/ch00000090990000001026/index.m3u8, From: subscribe, IPv_Type: ipv6, Location: 中国, ISP: 中国移动, Date: None, Delay: -1 ms, Speed: 0.00 M/s, Resolution: None
Name: 湖南卫视, URL: http://hwottcdn.ln.chinamobile.com/PLTV/11/224/3221226669/index.m3u8, From: subscribe, IPv_Type: ipv6, Location: 中国, ISP: 中国移动, Date: None, Delay: -1 ms, Speed: 0.00 M/s, Resolution: None
Name: 湖南卫视, URL: http://hwottcdn.ln.chinamobile.com/PLTV/11/224/3221226727/index.m3u8, From: subscribe, IPv_Type: ipv6, Location: 中国, ISP: 中国移动, Date: None, Delay: -1 ms, Speed: 0.00 M/s, Resolution: None
Name: 湖南卫视, URL: http://hwottcdn.ln.chinamobile.com/PLTV/11/224/3221227316/index.m3u8, From: subscribe, IPv_Type: ipv6, Location: 中国, ISP: 中国移动, Date: None, Delay: -1 ms, Speed: 0.00 M/s, Resolution: None
Name: 湖南卫视, URL: http://hwottcdn.ln.chinamobile.com/PLTV/11/224/3221226161/index.m3u8, From: subscribe, IPv_Type: ipv6, Location: 中国, ISP: 中国移动, Date: None, Delay: -1 ms, Speed: 0.00 M/s, Resolution: None
Name: 湖南卫视, URL: http://hwottcdn.ln.chinamobile.com/PLTV/11/224/3221226772/index.m3u8, From: subscribe, IPv_Type: ipv6, Location: 中国, ISP: 中国移动, Date: None, Delay: -1 ms, Speed: 0.00 M/s, Resolution: None
Name: 湖南卫视, URL: http://ott.mobaibox.com/PLTV/3/224/3221227482/index.m3u8, From: subscribe, IPv_Type: ipv6, Location: 中国, ISP: 中国移动, Date: None, Delay: -1 ms, Speed: 0.00 M/s, Resolution: None
Name: 湖南卫视, URL: http://tvgslb.hn.chinamobile.com:8089/180000001002/00000001000000000099000000193885/main.m3u8?stbid=, From: subscribe, IPv_Type: ipv6, Location: 中国, ISP: 中国移动, Date: None, Delay: -1 ms, Speed: 0.00 M/s, Resolution: None
Name: 湖南卫视, URL: http://tvgslb.hn.chinamobile.com:8089/180000001002/00000001000000000010000000040382/main.m3u8?stbid=, From: subscribe, IPv_Type: ipv6, Location: 中国, ISP: 中国移动, Date: None, Delay: -1 ms, Speed: 0.00 M/s, Resolution: None
Name: 湖南卫视, URL: http://rrs01.hw.gmcc.net:8088/PLTV/81/224/3221226698/1.m3u8, From: subscribe, IPv_Type: ipv6, Location: 中国, ISP: 中国移动, Date: None, Delay: -1 ms, Speed: 0.00 M/s, Resolution: None
Name: 湖南卫视, URL: http://tvgslb.hn.chinamobile.com:8089/180000001002/00000001000000000064000000308827/main.m3u8?stbid=, From: subscribe, IPv_Type: ipv6, Location: 中国, ISP: 中国移动, Date: None, Delay: -1 ms, Speed: 0.00 M/s, Resolution: None
Name: 湖南卫视, URL: https://tv.iill.top/migu/hnws&token=2f124ab6ac087bc9ff8827f65331bcefcc19f2be5fdb4aa28fe293a39b7c65a6, From: subscribe, IPv_Type: ipv6, Location: 美国, ISP: CloudFlare Inc., Date: None, Delay: -1 ms, Speed: 0.00 M/s, Resolution: None
Name: 湖南卫视, URL: https://migu.188766.xyz/?migutoken=79d1f9258205c894ae0b1c3ab88605c7&id=hnws&type=sz, From: subscribe, IPv_Type: ipv6, Location: 美国, ISP: CloudFlare Inc., Date: None, Delay: -1 ms, Speed: 0.00 M/s, Resolution: None
Name: 湖南卫视, URL: https://tv.iill.top/migu/hnws&token=7ce15d51da8e60be86cc1bde4d856274b2bd781528e9f64ff1d7d9370b9d7268, From: subscribe, IPv_Type: ipv6, Location: 美国, ISP: CloudFlare Inc., Date: None, Delay: -1 ms, Speed: 0.00 M/s, Resolution: None
Name: 湖南卫视, URL: https://migu.188766.xyz/?migutoken=38d5546fff1044a8b29c094471eb02f8&id=hnws&type=sz, From: subscribe, IPv_Type: ipv6, Location: 美国, ISP: CloudFlare Inc., Date: None, Delay: -1 ms, Speed: 0.00 M/s, Resolution: None
Name: 湖南卫视, URL: https://tv.iill.top/migu/hnws&token=0749f23d5e878af0a55d054879eccdba22a00cca8f13177bf8d0007c856ca9b9, From: subscribe, IPv_Type: ipv6, Location: 美国, ISP: CloudFlare Inc., Date: None, Delay: -1 ms, Speed: 0.00 M/s, Resolution: None
Name: 湖南卫视, URL: https://migu.188766.xyz/?migutoken=04f0bd8d7a24f80832b352789e86fd12&id=hnws&type=sz, From: subscribe, IPv_Type: ipv6, Location: 美国, ISP: CloudFlare Inc., Date: None, Delay: -1 ms, Speed: 0.00 M/s, Resolution: None
Name: 湖南卫视, URL: https://tv.iill.top/migu/hnws&token=ea4803836ab3759697c651bbaf9b16d10a6339fab2e1a980e276b15296478409, From: subscribe, IPv_Type: ipv6, Location: 美国, ISP: CloudFlare Inc., Date: None, Delay: -1 ms, Speed: 0.00 M/s, Resolution: None
Name: 湖南卫视, URL: http://38.75.136.137:98/gslb/dsdqpub/hnwshd.m3u8?auth=testpub, From: subscribe, IPv_Type: ipv4, Location: 美国-伊利诺伊州-库克, ISP: Cogent, Date: None, Delay: 384 ms, Speed: 11.63 M/s, Resolution: 1920x1080
Name: 湖南卫视, URL: http://38.75.136.137:98/gslb/dsdqbv/hnwshd.m3u8?auth=test20251009, From: subscribe, IPv_Type: ipv4, Location: 美国-伊利诺伊州-库克, ISP: Cogent, Date: None, Delay: 422 ms, Speed: 10.46 M/s, Resolution: 1920x1080
Name: 湖南卫视, URL: http://38.75.136.137:98/gslb/dsdqca/hnwshd.m3u8?auth=test20251009, From: subscribe, IPv_Type: ipv4, Location: 美国-伊利诺伊州-库克, ISP: Cogent, Date: None, Delay: 826 ms, Speed: 7.62 M/s, Resolution: 1920x1080
Name: 湖南卫视, URL: http://23.237.228.134/live6/hunan.m3u8, From: subscribe, IPv_Type: ipv4, Location: 北美地区, ISP: , Date: None, Delay: 360 ms, Speed: 5.90 M/s, Resolution: 1920x1080
Name: 湖南卫视, URL: http://satellitepull.cnr.cn/live/wx32hunws/playlist.m3u8, From: subscribe, IPv_Type: ipv4, Location: 美国-伊利诺伊州-库克, ISP: 网宿CDN节点, Date: None, Delay: 141 ms, Speed: 0.69 M/s, Resolution: None
Name: 湖南卫视, URL: http://hlsal-ldvt.qing.mgtv.com/nn_live/nn_x64/dWlwPTEyNy4wLjAuMSZ1aWQ9cWluZy1jbXMmbm5fdGltZXpvbmU9OCZjZG5leF9pZD1hbF9obHNfbGR2dCZ1dWlkPTliODY4NmU5ZTM2YzYwMmMmZT02OTE0NjA0JnY9MSZpZD1ITldTWkdTVCZzPTcwN2RiYTc2YzJjNmJmMTQ4MmUyZGYzOWU2NWM3YWFi/HNWSZGST.m3u8, From: subscribe, IPv_Type: ipv4, Location: 美国-加利福尼亚州-洛杉矶, ISP: Level3, Date: None, Delay: 2965 ms, Speed: 0.50 M/s, Resolution: 3840x2160
Name: 湖南卫视, URL: http://dodge.lwfz.fun:8800/rtp/239.16.20.72:10720, From: subscribe, IPv_Type: ipv4, Location: 中国-河南-郑州, ISP: 电信, Date: None, Delay: 729 ms, Speed: 0.07 M/s, Resolution: 1920x1080
Name: 浙江卫视, URL: http://[2409:8087:7000:20:1000::22]:6060/yinhe/2/ch00000090990000001345/index.m3u8?virtualDomain=yinhe.live_hls.zte.com, From: local, IPv_Type: ipv6, Location: 中国, ISP: 中国移动, Date: None, Delay: -1 ms, Speed: 0.00 M/s, Resolution: None
Name: 浙江卫视, URL: http://php.jdshipin.com/TVOD/hnyd.php?id=200000001898/460000089800010070, From: subscribe, IPv_Type: ipv6, Location: 美国, ISP: CloudFlare Inc., Date: None, Delay: -1 ms, Speed: 0.00 M/s, Resolution: None
Name: 浙江卫视, URL: http://z.b.bkpcp.top/m.php?id=zjws, From: subscribe, IPv_Type: ipv6, Location: 美国, ISP: CloudFlare Inc., Date: None, Delay: -1 ms, Speed: 0.00 M/s, Resolution: None
Name: 浙江卫视, URL: http://3501776.xyz:35455/itv/1000000005000265031.m3u8?cdn=ystenlive, From: subscribe, IPv_Type: ipv6, Location: 美国, ISP: CloudFlare Inc., Date: None, Delay: -1 ms, Speed: 0.00 M/s, Resolution: None
Name: 浙江卫视, URL: http://goo.bkpcp.top/mg/zjws, From: subscribe, IPv_Type: ipv6, Location: 美国, ISP: CloudFlare Inc., Date: None, Delay: -1 ms, Speed: 0.00 M/s, Resolution: None
Name: 浙江卫视, URL: http://ali-vl.cztv.com/channels/lantian/channel001/360p.m3u8?a=1000&d=d396e340de48108a9576134d5b090354&k=60ede3db45d8640ab1db2b9f0dfa7549&t=1671539989, From: subscribe, IPv_Type: ipv6, Location: 中国, ISP: 中国电信, Date: None, Delay: -1 ms, Speed: 0.00 M/s, Resolution: None
Name: 浙江卫视, URL: http://iptv.huuc.edu.cn/hls/zjhd.m3u8, From: subscribe, IPv_Type: ipv6, Location: 中国, ISP: 教育网, Date: None, Delay: -1 ms, Speed: 0.00 M/s, Resolution: None
Name: 浙江卫视, URL: https://zby.130519.xyz/PLTV/11/224/3221225727/index.m3u8, From: subscribe, IPv_Type: ipv6, Location: 美国, ISP: CloudFlare Inc., Date: None, Delay: -1 ms, Speed: 0.00 M/s, Resolution: None
Name: 浙江卫视, URL: https://migu.188766.xyz/?migutoken=9b47031fbcbf709ffc607a69c0a399b8&id=%E6%B5%99%E6%B1%9F%E5%8D%AB%E8%A7%86&pp=1, From: subscribe, IPv_Type: ipv6, Location: 美国, ISP: CloudFlare Inc., Date: None, Delay: -1 ms, Speed: 0.00 M/s, Resolution: None
Name: 浙江卫视, URL: https://migu.188766.xyz/?migutoken=d7fc860d1b9b65bb5543cb9138caa92e&id=z_jws&type=sz, From: subscribe, IPv_Type: ipv6, Location: 美国, ISP: CloudFlare Inc., Date: None, Delay: -1 ms, Speed: 0.00 M/s, Resolution: None
Name: 浙江卫视, URL: https://iptv.catvod.com/live.php?id=%E6%B5%99%E6%B1%9F%E5%8D%AB%E8%A7%86, From: subscribe, IPv_Type: ipv6, Location: 美国, ISP: CloudFlare Inc., Date: None, Delay: -1 ms, Speed: 0.00 M/s, Resolution: None
Name: 浙江卫视, URL: https://iptv.catvod.com/live.php?id=%E6%B5%99%E6%B1%9F%E5%8D%AB%E8%A7%86%E5%8F%B0, From: subscribe, IPv_Type: ipv6, Location: 美国, ISP: CloudFlare Inc., Date: None, Delay: -1 ms, Speed: 0.00 M/s, Resolution: None
Name: 浙江卫视, URL: http://ali-vl.cztv.com/channels/lantian/channel001/360p.m3u8, From: subscribe, IPv_Type: ipv6, Location: 中国, ISP: 中国电信, Date: None, Delay: -1 ms, Speed: 0.00 M/s, Resolution: None
Name: 浙江卫视, URL: http://[2409:8087:8:21::18]:6610/otttv.bj.chinamobile.com/PLTV/88888888/224/3221226899/1.m3u8?GuardEncType=2&accountinfo=%7E%7EV2.0%7ETYfTgTra_pUx2cPrgZ_BDw%7EtP4-l0lmSfjwLWEfK_el1vH_mv-s1zo4AQJwdedaVwG9xkuFTDg8J26cwOrNJzn20BErrHdLhuZ9EzLUCD3PMW-OMx4MGteHV2vLeW6BqoY%2CEND, From: subscribe, IPv_Type: ipv6, Location: 中国, ISP: 中国移动, Date: None, Delay: -1 ms, Speed: 0.00 M/s, Resolution: None
Name: 浙江卫视, URL: https://migu.188766.xyz/?migutoken=dcd3ca50220983e16cd40b39ed345809&id=%E6%B5%99%E6%B1%9F%E5%8D%AB%E8%A7%86&pp=1, From: subscribe, IPv_Type: ipv6, Location: 美国, ISP: CloudFlare Inc., Date: None, Delay: -1 ms, Speed: 0.00 M/s, Resolution: None
Name: 浙江卫视, URL: https://migu.188766.xyz/?migutoken=1fd1da4b05b654a8bbc4975cbefd960f&id=z_jws&type=sz, From: subscribe, IPv_Type: ipv6, Location: 美国, ISP: CloudFlare Inc., Date: None, Delay: -1 ms, Speed: 0.00 M/s, Resolution: None
Name: 浙江卫视, URL: https://migu.188766.xyz/?migutoken=54a0ec09d7a06e64a7eb3b48603bb7f9&id=%E6%B5%99%E6%B1%9F%E5%8D%AB%E8%A7%86&pp=1, From: subscribe, IPv_Type: ipv6, Location: 美国, ISP: CloudFlare Inc., Date: None, Delay: -1 ms, Speed: 0.00 M/s, Resolution: None
Name: 浙江卫视, URL: https://migu.188766.xyz/?migutoken=697d5e064f43a2c5348ad8a59e1fc2e5&id=z_jws&type=sz, From: subscribe, IPv_Type: ipv6, Location: 美国, ISP: CloudFlare Inc., Date: None, Delay: -1 ms, Speed: 0.00 M/s, Resolution: None
Name: 浙江卫视, URL: https://migu.188766.xyz/?migutoken=4def8d92425a51801a108ff5d59ca02a&id=%E6%B5%99%E6%B1%9F%E5%8D%AB%E8%A7%86&pp=1, From: subscribe, IPv_Type: ipv6, Location: 美国, ISP: CloudFlare Inc., Date: None, Delay: -1 ms, Speed: 0.00 M/s, Resolution: None
Name: 浙江卫视, URL: https://migu.188766.xyz/?migutoken=08ac90543836d9651345ade52fa5bd51&id=z_jws&type=sz, From: subscribe, IPv_Type: ipv6, Location: 美国, ISP: CloudFlare Inc., Date: None, Delay: -1 ms, Speed: 0.00 M/s, Resolution: None
Name: 浙江卫视, URL: https://migu.188766.xyz/?migutoken=bbe3f7ed9f7ad1f23df7d0c4b28ebd88&id=%E6%B5%99%E6%B1%9F%E5%8D%AB%E8%A7%86&pp=1, From: subscribe, IPv_Type: ipv6, Location: 美国, ISP: CloudFlare Inc., Date: None, Delay: -1 ms, Speed: 0.00 M/s, Resolution: None
Name: 浙江卫视, URL: https://migu.188766.xyz/?migutoken=3fd4b525c838e723bd75af53630d6e96&id=z_jws&type=sz, From: subscribe, IPv_Type: ipv6, Location: 美国, ISP: CloudFlare Inc., Date: None, Delay: -1 ms, Speed: 0.00 M/s, Resolution: None
Name: 浙江卫视, URL: https://migu.188766.xyz/?migutoken=fea711b14e70d626d56b3a7567f08cc6&id=%E6%B5%99%E6%B1%9F%E5%8D%AB%E8%A7%86&pp=1, From: subscribe, IPv_Type: ipv6, Location: 美国, ISP: CloudFlare Inc., Date: None, Delay: -1 ms, Speed: 0.00 M/s, Resolution: None
Name: 浙江卫视, URL: https://migu.188766.xyz/?migutoken=3fbe9be17b9e1e3dd4a01ed807e0ab97&id=z_jws&type=sz, From: subscribe, IPv_Type: ipv6, Location: 美国, ISP: CloudFlare Inc., Date: None, Delay: -1 ms, Speed: 0.00 M/s, Resolution: None
Name: 浙江卫视, URL: https://migu.188766.xyz/?migutoken=2c1760ad695252f418f201f99509360b&id=%E6%B5%99%E6%B1%9F%E5%8D%AB%E8%A7%86&pp=1, From: subscribe, IPv_Type: ipv6, Location: 美国, ISP: CloudFlare Inc., Date: None, Delay: -1 ms, Speed: 0.00 M/s, Resolution: None
Name: 浙江卫视, URL: https://migu.188766.xyz/?migutoken=2ab9ebcb7ff4baa90e527b8680691647&id=z_jws&type=sz, From: subscribe, IPv_Type: ipv6, Location: 美国, ISP: CloudFlare Inc., Date: None, Delay: -1 ms, Speed: 0.00 M/s, Resolution: None
Name: 浙江卫视, URL: https://migu.188766.xyz/?migutoken=069f4ed3852a03795a3ca5e824428ba5&id=%E6%B5%99%E6%B1%9F%E5%8D%AB%E8%A7%86&pp=1, From: subscribe, IPv_Type: ipv6, Location: 美国, ISP: CloudFlare Inc., Date: None, Delay: -1 ms, Speed: 0.00 M/s, Resolution: None
Name: 浙江卫视, URL: https://migu.188766.xyz/?migutoken=9596c1feef3de1106d29c6522c1c2a5b&id=z_jws&type=sz, From: subscribe, IPv_Type: ipv6, Location: 美国, ISP: CloudFlare Inc., Date: None, Delay: -1 ms, Speed: 0.00 M/s, Resolution: None
Name: 浙江卫视, URL: https://migu.188766.xyz/?migutoken=de6318d33052eeeb4c4cd2714f30b734&id=%E6%B5%99%E6%B1%9F%E5%8D%AB%E8%A7%86&pp=1, From: subscribe, IPv_Type: ipv6, Location: 美国, ISP: CloudFlare Inc., Date: None, Delay: -1 ms, Speed: 0.00 M/s, Resolution: None
Name: 浙江卫视, URL: https://migu.188766.xyz/?migutoken=2606589ff0b4e26f2040d5c6d4553155&id=z_jws&type=sz, From: subscribe, IPv_Type: ipv6, Location: 美国, ISP: CloudFlare Inc., Date: None, Delay: -1 ms, Speed: 0.00 M/s, Resolution: None
Name: 浙江卫视, URL: https://migu.188766.xyz/?migutoken=2d323a9589f37fbc690cf13b2fc35ee4&id=%E6%B5%99%E6%B1%9F%E5%8D%AB%E8%A7%86&pp=1, From: subscribe, IPv_Type: ipv6, Location: 美国, ISP: CloudFlare Inc., Date: None, Delay: -1 ms, Speed: 0.00 M/s, Resolution: None
Name: 浙江卫视, URL: https://migu.188766.xyz/?migutoken=95f39a5d4a4ae6dd8dd92c2b3daedc8e&id=z_jws&type=sz, From: subscribe, IPv_Type: ipv6, Location: 美国, ISP: CloudFlare Inc., Date: None, Delay: -1 ms, Speed: 0.00 M/s, Resolution: None
Name: 浙江卫视, URL: https://migu.188766.xyz/?migutoken=11a1c9a7cf2479b69dffd489057d95dd&id=%E6%B5%99%E6%B1%9F%E5%8D%AB%E8%A7%86&pp=1, From: subscribe, IPv_Type: ipv6, Location: 美国, ISP: CloudFlare Inc., Date: None, Delay: -1 ms, Speed: 0.00 M/s, Resolution: None
Name: 浙江卫视, URL: https://migu.188766.xyz/?migutoken=172b4624f2ff7fd2baeb9be82c27b78f&id=z_jws&type=sz, From: subscribe, IPv_Type: ipv6, Location: 美国, ISP: CloudFlare Inc., Date: None, Delay: -1 ms, Speed: 0.00 M/s, Resolution: None
Name: 浙江卫视, URL: https://migu.188766.xyz/?migutoken=64d6bd8ee00b917d0d737506664f0771&id=%E6%B5%99%E6%B1%9F%E5%8D%AB%E8%A7%86&pp=1, From: subscribe, IPv_Type: ipv6, Location: 美国, ISP: CloudFlare Inc., Date: None, Delay: -1 ms, Speed: 0.00 M/s, Resolution: None
Name: 浙江卫视, URL: https://migu.188766.xyz/?migutoken=352cdc3e29d03f6ff148a6ca455a586f&id=z_jws&type=sz, From: subscribe, IPv_Type: ipv6, Location: 美国, ISP: CloudFlare Inc., Date: None, Delay: -1 ms, Speed: 0.00 M/s, Resolution: None
Name: 浙江卫视, URL: https://migu.188766.xyz/?migutoken=ecf431863d3de5572dd7d035f6bf130e&id=%E6%B5%99%E6%B1%9F%E5%8D%AB%E8%A7%86&pp=1, From: subscribe, IPv_Type: ipv6, Location: 美国, ISP: CloudFlare Inc., Date: None, Delay: -1 ms, Speed: 0.00 M/s, Resolution: None
Name: 浙江卫视, URL: https://migu.188766.xyz/?migutoken=99754cf5a007c51ffed53486e99b9987&id=z_jws&type=sz, From: subscribe, IPv_Type: ipv6, Location: 美国, ISP: CloudFlare Inc., Date: None, Delay: -1 ms, Speed: 0.00 M/s, Resolution: None
Name: 浙江卫视, URL: https://migu.188766.xyz/?migutoken=e4ca87fee6069b9043c43dde6c18d6b6&id=%E6%B5%99%E6%B1%9F%E5%8D%AB%E8%A7%86&pp=1, From: subscribe, IPv_Type: ipv6, Location: 美国, ISP: CloudFlare Inc., Date: None, Delay: -1 ms, Speed: 0.00 M/s, Resolution: None
Name: 浙江卫视, URL: https://migu.188766.xyz/?migutoken=a15ad4bec7407fe0ce0ae0e9341760e0&id=z_jws&type=sz, From: subscribe, IPv_Type: ipv6, Location: 美国, ISP: CloudFlare Inc., Date: None, Delay: -1 ms, Speed: 0.00 M/s, Resolution: None
Name: 浙江卫视, URL: https://migu.188766.xyz/?migutoken=2f531593e15d1ed6b246bad5efbd8ab2&id=%E6%B5%99%E6%B1%9F%E5%8D%AB%E8%A7%86&pp=1, From: subscribe, IPv_Type: ipv6, Location: 美国, ISP: CloudFlare Inc., Date: None, Delay: -1 ms, Speed: 0.00 M/s, Resolution: None
Name: 浙江卫视, URL: https://migu.188766.xyz/?migutoken=bf93c5f0d556a9a174414f8dd74ceb85&id=z_jws&type=sz, From: subscribe, IPv_Type: ipv6, Location: 美国, ISP: CloudFlare Inc., Date: None, Delay: -1 ms, Speed: 0.00 M/s, Resolution: None
Name: 浙江卫视, URL: https://migu.188766.xyz/?migutoken=080283a89ffe4b42a2a1a344a6e10029&id=%E6%B5%99%E6%B1%9F%E5%8D%AB%E8%A7%86&pp=1, From: subscribe, IPv_Type: ipv6, Location: 美国, ISP: CloudFlare Inc., Date: None, Delay: -1 ms, Speed: 0.00 M/s, Resolution: None
Name: 浙江卫视, URL: https://migu.188766.xyz/?migutoken=dd4fa8c5bd9d32877cc08611a43def98&id=z_jws&type=sz, From: subscribe, IPv_Type: ipv6, Location: 美国, ISP: CloudFlare Inc., Date: None, Delay: -1 ms, Speed: 0.00 M/s, Resolution: None
Name: 浙江卫视, URL: https://migu.188766.xyz/?migutoken=22985e5fb01090ac6b4f3115477f6b1c&id=%E6%B5%99%E6%B1%9F%E5%8D%AB%E8%A7%86&pp=1, From: subscribe, IPv_Type: ipv6, Location: 美国, ISP: CloudFlare Inc., Date: None, Delay: -1 ms, Speed: 0.00 M/s, Resolution: None
Name: 浙江卫视, URL: https://migu.188766.xyz/?migutoken=90a870785c7c87ab28bf572b18797fd6&id=z_jws&type=sz, From: subscribe, IPv_Type: ipv6, Location: 美国, ISP: CloudFlare Inc., Date: None, Delay: -1 ms, Speed: 0.00 M/s, Resolution: None
Name: 浙江卫视, URL: http://hwltc.tv.cdn.zj.chinamobile.com/PLTV/88888888/224/3221236171/index.m3u8, From: subscribe, IPv_Type: ipv6, Location: 中国, ISP: 中国移动, Date: None, Delay: -1 ms, Speed: 0.00 M/s, Resolution: None
Name: 浙江卫视, URL: http://rrs01.hw.gmcc.net:8088/PLTV/81/224/3221226690/1.m3u8, From: subscribe, IPv_Type: ipv6, Location: 中国, ISP: 中国移动, Date: None, Delay: -1 ms, Speed: 0.00 M/s, Resolution: None
Name: 浙江卫视, URL: http://hwottcdn.ln.chinamobile.com/PLTV/11/224/3221226854/index.m3u8, From: subscribe, IPv_Type: ipv6, Location: 中国, ISP: 中国移动, Date: None, Delay: -1 ms, Speed: 0.00 M/s, Resolution: None
Name: 浙江卫视, URL: http://hwottcdn.ln.chinamobile.com/PLTV/11/224/3221226134/index.m3u8, From: subscribe, IPv_Type: ipv6, Location: 中国, ISP: 中国移动, Date: None, Delay: -1 ms, Speed: 0.00 M/s, Resolution: None
Name: 浙江卫视, URL: http://hwottcdn.ln.chinamobile.com/PLTV/11/224/3221226700/index.m3u8, From: subscribe, IPv_Type: ipv6, Location: 中国, ISP: 中国移动, Date: None, Delay: -1 ms, Speed: 0.00 M/s, Resolution: None
Name: 浙江卫视, URL: http://hwottcdn.ln.chinamobile.com/PLTV/11/224/3221226795/index.m3u8, From: subscribe, IPv_Type: ipv6, Location: 中国, ISP: 中国移动, Date: None, Delay: -1 ms, Speed: 0.00 M/s, Resolution: None
Name: 浙江卫视, URL: http://hwottcdn.ln.chinamobile.com/PLTV/11/224/3221227313/index.m3u8, From: subscribe, IPv_Type: ipv6, Location: 中国, ISP: 中国移动, Date: None, Delay: -1 ms, Speed: 0.00 M/s, Resolution: None
Name: 浙江卫视, URL: http://hwottcdn.ln.chinamobile.com/PLTV/11/224/3221226147/index.m3u8, From: subscribe, IPv_Type: ipv6, Location: 中国, ISP: 中国移动, Date: None, Delay: -1 ms, Speed: 0.00 M/s, Resolution: None
Name: 浙江卫视, URL: http://iptvrr.sh.chinamobile.com:6060/cms001/ch00000090990000001023/index.m3u8, From: subscribe, IPv_Type: ipv6, Location: 中国, ISP: 中国移动, Date: None, Delay: -1 ms, Speed: 0.00 M/s, Resolution: None
Name: 浙江卫视, URL: http://ott.mobaibox.com/PLTV/3/224/3221227491/index.m3u8, From: subscribe, IPv_Type: ipv6, Location: 中国, ISP: 中国移动, Date: None, Delay: -1 ms, Speed: 0.00 M/s, Resolution: None
Name: 浙江卫视, URL: http://tvgslb.hn.chinamobile.com:8089/180000001002/00000001000000000007000000001250/main.m3u8?stbid=, From: subscribe, IPv_Type: ipv6, Location: 中国, ISP: 中国移动, Date: None, Delay: -1 ms, Speed: 0.00 M/s, Resolution: None
Name: 浙江卫视, URL: http://k.061899.xyz/k.php?id=zjws, From: subscribe, IPv_Type: ipv6, Location: 新加坡, ISP: Aceville Pte.Ltd., Date: None, Delay: -1 ms, Speed: 0.00 M/s, Resolution: None
Name: 浙江卫视, URL: http://tvgslb.hn.chinamobile.com:8089/180000001002/00000000000000020000000000182563/main.m3u8?stbid=, From: subscribe, IPv_Type: ipv6, Location: 中国, ISP: 中国移动, Date: None, Delay: -1 ms, Speed: 0.00 M/s, Resolution: None
Name: 浙江卫视, URL: https://migu.188766.xyz/?migutoken=ff6c290806a5b74b7804b14788a378ab&id=%E6%B5%99%E6%B1%9F%E5%8D%AB%E8%A7%86&pp=1, From: subscribe, IPv_Type: ipv6, Location: 美国, ISP: CloudFlare Inc., Date: None, Delay: -1 ms, Speed: 0.00 M/s, Resolution: None
Name: 浙江卫视, URL: https://migu.188766.xyz/?migutoken=6ae17ad0e1ad191a3b574036c44c6d59&id=z_jws&type=sz, From: subscribe, IPv_Type: ipv6, Location: 美国, ISP: CloudFlare Inc., Date: None, Delay: -1 ms, Speed: 0.00 M/s, Resolution: None
Name: 浙江卫视, URL: https://migu.188766.xyz/?migutoken=007570867b1c83805980923fd909257e&id=%E6%B5%99%E6%B1%9F%E5%8D%AB%E8%A7%86&pp=1, From: subscribe, IPv_Type: ipv6, Location: 美国, ISP: CloudFlare Inc., Date: None, Delay: -1 ms, Speed: 0.00 M/s, Resolution: None
Name: 浙江卫视, URL: https://migu.188766.xyz/?migutoken=1af4024709a6452e0124c0887aa02d43&id=z_jws&type=sz, From: subscribe, IPv_Type: ipv6, Location: 美国, ISP: CloudFlare Inc., Date: None, Delay: -1 ms, Speed: 0.00 M/s, Resolution: None
Name: 浙江卫视, URL: https://migu.188766.xyz/?migutoken=316df023372b0a404e4aa98ec527b949&id=%E6%B5%99%E6%B1%9F%E5%8D%AB%E8%A7%86&pp=1, From: subscribe, IPv_Type: ipv6, Location: 美国, ISP: CloudFlare Inc., Date: None, Delay: -1 ms, Speed: 0.00 M/s, Resolution: None
Name: 浙江卫视, URL: https://migu.188766.xyz/?migutoken=f691800010035c5b05887497ba42d18d&id=z_jws&type=sz, From: subscribe, IPv_Type: ipv6, Location: 美国, ISP: CloudFlare Inc., Date: None, Delay: -1 ms, Speed: 0.00 M/s, Resolution: None
Name: 浙江卫视, URL: http://38.75.136.137:98/gslb/dsdqpub/zjwshd.m3u8?auth=testpub, From: subscribe, IPv_Type: ipv4, Location: 美国-伊利诺伊州-库克, ISP: Cogent, Date: None, Delay: 331 ms, Speed: 8.76 M/s, Resolution: 1920x1080
Name: 浙江卫视, URL: http://38.75.136.137:98/gslb/dsdqca/zjwshd.m3u8?auth=test20251009, From: subscribe, IPv_Type: ipv4, Location: 美国-伊利诺伊州-库克, ISP: Cogent, Date: None, Delay: 453 ms, Speed: 5.73 M/s, Resolution: 1920x1080
Name: 浙江卫视, URL: https://play-qukan.cztv.com/live/1746687519046362.m3u8, From: subscribe, IPv_Type: ipv4, Location: 美国, ISP: 阿里云, Date: None, Delay: 547 ms, Speed: 5.14 M/s, Resolution: 1920x1080
Name: 浙江卫视, URL: http://69.30.246.194/live/zjws.m3u8, From: subscribe, IPv_Type: ipv4, Location: 美国-密苏里州-杰克逊县, ISP: WholeSale互联网股份有限公司, Date: None, Delay: 1416 ms, Speed: 3.42 M/s, Resolution: 1920x1080
Name: 浙江卫视, URL: http://23.237.228.134/live6/zhejiang.m3u8, From: subscribe, IPv_Type: ipv4, Location: 北美地区, ISP: , Date: None, Delay: 1175 ms, Speed: 2.21 M/s, Resolution: 1920x1080
Name: 浙江卫视, URL: http://ali-m-l.cztv.com/channels/lantian/channel001/1080p.m3u8, From: subscribe, IPv_Type: ipv4, Location: 中国-上海-上海, ISP: 电信, Date: None, Delay: 1469 ms, Speed: 1.28 M/s, Resolution: 1920x1080
Name: 浙江卫视, URL: http://ali-m-l.cztv.com:80/channels/lantian/channel001/1080p.m3u8, From: subscribe, IPv_Type: ipv4, Location: 中国-上海-上海, ISP: 电信, Date: None, Delay: 1594 ms, Speed: 1.25 M/s, Resolution: 1920x1080
Name: 浙江卫视, URL: https://ali-m-l.cztv.com/channels/lantian/channel001/1080p.m3u8?, From: subscribe, IPv_Type: ipv4, Location: 中国-上海-上海, ISP: 电信, Date: None, Delay: 1885 ms, Speed: 1.13 M/s, Resolution: 1920x1080
Name: 浙江卫视, URL: https://ali-m-l.cztv.com/channels/lantian/channel001/1080p.m3u8, From: subscribe, IPv_Type: ipv4, Location: 中国-上海-上海, ISP: 电信, Date: None, Delay: 1935 ms, Speed: 1.12 M/s, Resolution: 1920x1080
Name: 浙江卫视, URL: http://ali-m-l.cztv.com/channels/lantian/channel01/1080p.m3u8, From: subscribe, IPv_Type: ipv4, Location: 中国-上海-上海, ISP: 电信, Date: None, Delay: 1606 ms, Speed: 0.49 M/s, Resolution: 1920x1080
Name: 浙江卫视, URL: http://59.173.123.31:8989/rtp/239.254.96.143:8932, From: subscribe, IPv_Type: ipv4, Location: 中国-湖北-武汉, ISP: 电信, Date: None, Delay: 436 ms, Speed: 0.03 M/s, Resolution: 1920x1080
Name: 浙江卫视, URL: http://ali-m-l.cztv.com/channels/lantian/channel001/1080p.m3u8#mitv://generationnexxxt.com:19806/7bf4b3a65eaf421ab6d71bd8dcc4547a, From: subscribe, IPv_Type: ipv4, Location: 中国-上海-上海, ISP: 电信, Date: None, Delay: 363 ms, Speed: 0.00 M/s, Resolution: None
Name: 东方卫视, URL: http://[2409:8087:7000:20:1000::22]:6060/yinhe/2/ch00000090990000001336/index.m3u8?virtualDomain=yinhe.live_hls.zte.com, From: local, IPv_Type: ipv6, Location: 中国, ISP: 中国移动, Date: None, Delay: -1 ms, Speed: 0.00 M/s, Resolution: None
Name: 东方卫视, URL: http://php.jdshipin.com/TVOD/hnyd.php?id=200000001898/460000089800010054, From: subscribe, IPv_Type: ipv6, Location: 美国, ISP: CloudFlare Inc., Date: None, Delay: -1 ms, Speed: 0.00 M/s, Resolution: None
Name: 东方卫视, URL: http://z.b.bkpcp.top/m.php?id=dfws#rtsp://115.85.232.19/PLTV/88888910/224/3221225531/10000100000000060000000000107311_0.smil, From: subscribe, IPv_Type: ipv6, Location: 美国, ISP: CloudFlare Inc., Date: None, Delay: -1 ms, Speed: 0.00 M/s, Resolution: None
Name: 东方卫视, URL: http://3501776.xyz:35455/itv/1000000005000265018.m3u8?cdn=ystenlive, From: subscribe, IPv_Type: ipv6, Location: 美国, ISP: CloudFlare Inc., Date: None, Delay: -1 ms, Speed: 0.00 M/s, Resolution: None
Name: 东方卫视, URL: http://goo.bkpcp.top/mg/dfws, From: subscribe, IPv_Type: ipv6, Location: 美国, ISP: CloudFlare Inc., Date: None, Delay: -1 ms, Speed: 0.00 M/s, Resolution: None
Name: 东方卫视, URL: http://iptv.huuc.edu.cn/hls/dfhd.m3u8, From: subscribe, IPv_Type: ipv6, Location: 中国, ISP: 教育网, Date: None, Delay: -1 ms, Speed: 0.00 M/s, Resolution: None
Name: 东方卫视, URL: https://zby.130519.xyz/PLTV/11/224/3221225725/index.m3u8, From: subscribe, IPv_Type: ipv6, Location: 美国, ISP: CloudFlare Inc., Date: None, Delay: -1 ms, Speed: 0.00 M/s, Resolution: None
Name: 东方卫视, URL: https://zby.130519.xyz/PLTV/11/224/3221226106/index.m3u8, From: subscribe, IPv_Type: ipv6, Location: 美国, ISP: CloudFlare Inc., Date: None, Delay: -1 ms, Speed: 0.00 M/s, Resolution: None
Name: 东方卫视, URL: https://migu.188766.xyz/?migutoken=5a3b360fbc4586c55b73a6684f50c3dd&id=%E4%B8%9C%E6%96%B9%E5%8D%AB%E8%A7%86&type=yy, From: subscribe, IPv_Type: ipv6, Location: 美国, ISP: CloudFlare Inc., Date: None, Delay: -1 ms, Speed: 0.00 M/s, Resolution: None
Name: 东方卫视, URL: http://[2409:8087:8:21::18]:6610/otttv.bj.chinamobile.com/PLTV/88888888/224/3221226898/1.m3u8?GuardEncType=2&accountinfo=%7E%7EV2.0%7E0uh4lyjjBCCN7TCq21vSIQ%7EtP4-l0lmSfjwLWEfK_el1vH_mv-s1zo4AQJwdedaVwG9xkuFTDg8J26cwOrNJzn20BErrHdLhuZ9EzLUCD3PMW-OMx4MGteHV2vLeW6BqoY%2CEND, From: subscribe, IPv_Type: ipv6, Location: 中国, ISP: 中国移动, Date: None, Delay: -1 ms, Speed: 0.00 M/s, Resolution: None
Name: 东方卫视, URL: https://stream1.freetv.fun/dong-fang-wei-shi-gao-qing-2.m3u8, From: subscribe, IPv_Type: ipv6, Location: 美国, ISP: CloudFlare Inc., Date: None, Delay: -1 ms, Speed: 0.00 M/s, Resolution: None
Name: 东方卫视, URL: https://migu.188766.xyz/?migutoken=82a2c4d8ea7dd0f68845c1d5cc7bdf66&id=%E4%B8%9C%E6%96%B9%E5%8D%AB%E8%A7%86&type=yy, From: subscribe, IPv_Type: ipv6, Location: 美国, ISP: CloudFlare Inc., Date: None, Delay: -1 ms, Speed: 0.00 M/s, Resolution: None
Name: 东方卫视, URL: https://migu.188766.xyz/?migutoken=ada8b0c22568bf44bbc363792a669983&id=%E4%B8%9C%E6%96%B9%E5%8D%AB%E8%A7%86&type=yy, From: subscribe, IPv_Type: ipv6, Location: 美国, ISP: CloudFlare Inc., Date: None, Delay: -1 ms, Speed: 0.00 M/s, Resolution: None
Name: 东方卫视, URL: https://migu.188766.xyz/?migutoken=acbbd730cd879f5354d77a6d40214b92&id=%E4%B8%9C%E6%96%B9%E5%8D%AB%E8%A7%86&type=yy, From: subscribe, IPv_Type: ipv6, Location: 美国, ISP: CloudFlare Inc., Date: None, Delay: -1 ms, Speed: 0.00 M/s, Resolution: None
Name: 东方卫视, URL: https://migu.188766.xyz/?migutoken=b63115b9fb80bfbdb1472e062e04556c&id=%E4%B8%9C%E6%96%B9%E5%8D%AB%E8%A7%86&type=yy, From: subscribe, IPv_Type: ipv6, Location: 美国, ISP: CloudFlare Inc., Date: None, Delay: -1 ms, Speed: 0.00 M/s, Resolution: None
Name: 东方卫视, URL: https://migu.188766.xyz/?migutoken=b0daaa9f1fd5c09b835cec994c2dbf66&id=%E4%B8%9C%E6%96%B9%E5%8D%AB%E8%A7%86&type=yy, From: subscribe, IPv_Type: ipv6, Location: 美国, ISP: CloudFlare Inc., Date: None, Delay: -1 ms, Speed: 0.00 M/s, Resolution: None
Name: 东方卫视, URL: https://migu.188766.xyz/?migutoken=99028ef133b41859c0534601c0b6c5cc&id=%E4%B8%9C%E6%96%B9%E5%8D%AB%E8%A7%86&type=yy, From: subscribe, IPv_Type: ipv6, Location: 美国, ISP: CloudFlare Inc., Date: None, Delay: -1 ms, Speed: 0.00 M/s, Resolution: None
Name: 东方卫视, URL: https://iptv.catvod.com/live.php?id=%E4%B8%9C%E6%96%B9%E5%8D%AB%E8%A7%86, From: subscribe, IPv_Type: ipv6, Location: 美国, ISP: CloudFlare Inc., Date: None, Delay: -1 ms, Speed: 0.00 M/s, Resolution: None
Name: 东方卫视, URL: https://migu.188766.xyz/?migutoken=5b9ed13c9ab6ef800c5b95a15951436d&id=%E4%B8%9C%E6%96%B9%E5%8D%AB%E8%A7%86&type=yy, From: subscribe, IPv_Type: ipv6, Location: 美国, ISP: CloudFlare Inc., Date: None, Delay: -1 ms, Speed: 0.00 M/s, Resolution: None
Name: 东方卫视, URL: https://migu.188766.xyz/?migutoken=895552df7017b0610fe089f7804f629a&id=%E4%B8%9C%E6%96%B9%E5%8D%AB%E8%A7%86&type=yy, From: subscribe, IPv_Type: ipv6, Location: 美国, ISP: CloudFlare Inc., Date: None, Delay: -1 ms, Speed: 0.00 M/s, Resolution: None
Name: 东方卫视, URL: https://migu.188766.xyz/?migutoken=651a0f3b442dfdb7243321c856255d4d&id=%E4%B8%9C%E6%96%B9%E5%8D%AB%E8%A7%86&type=yy, From: subscribe, IPv_Type: ipv6, Location: 美国, ISP: CloudFlare Inc., Date: None, Delay: -1 ms, Speed: 0.00 M/s, Resolution: None
Name: 东方卫视, URL: https://migu.188766.xyz/?migutoken=c89e3296e6f40c3e1c526ca120d42516&id=%E4%B8%9C%E6%96%B9%E5%8D%AB%E8%A7%86&type=yy, From: subscribe, IPv_Type: ipv6, Location: 美国, ISP: CloudFlare Inc., Date: None, Delay: -1 ms, Speed: 0.00 M/s, Resolution: None
Name: 东方卫视, URL: https://migu.188766.xyz/?migutoken=fbb8b74e810c6897e133877a6442bfc5&id=%E4%B8%9C%E6%96%B9%E5%8D%AB%E8%A7%86&type=yy, From: subscribe, IPv_Type: ipv6, Location: 美国, ISP: CloudFlare Inc., Date: None, Delay: -1 ms, Speed: 0.00 M/s, Resolution: None
Name: 东方卫视, URL: https://migu.188766.xyz/?migutoken=b244c34555b306619b620d133669d94d&id=%E4%B8%9C%E6%96%B9%E5%8D%AB%E8%A7%86&type=yy, From: subscribe, IPv_Type: ipv6, Location: 美国, ISP: CloudFlare Inc., Date: None, Delay: -1 ms, Speed: 0.00 M/s, Resolution: None
Name: 东方卫视, URL: https://migu.188766.xyz/?migutoken=f141f3c21c232a540ba05699c4aa0677&id=%E4%B8%9C%E6%96%B9%E5%8D%AB%E8%A7%86&type=yy, From: subscribe, IPv_Type: ipv6, Location: 美国, ISP: CloudFlare Inc., Date: None, Delay: -1 ms, Speed: 0.00 M/s, Resolution: None
Name: 东方卫视, URL: https://migu.188766.xyz/?migutoken=2abdd9c2eaf3855b2a361e81e57b15e3&id=%E4%B8%9C%E6%96%B9%E5%8D%AB%E8%A7%86&type=yy, From: subscribe, IPv_Type: ipv6, Location: 美国, ISP: CloudFlare Inc., Date: None, Delay: -1 ms, Speed: 0.00 M/s, Resolution: None
Name: 东方卫视, URL: https://migu.188766.xyz/?migutoken=a41a667523450a6886123758fc0438bb&id=%E4%B8%9C%E6%96%B9%E5%8D%AB%E8%A7%86&type=yy, From: subscribe, IPv_Type: ipv6, Location: 美国, ISP: CloudFlare Inc., Date: None, Delay: -1 ms, Speed: 0.00 M/s, Resolution: None
Name: 东方卫视, URL: https://migu.188766.xyz/?migutoken=1fd7b3dde0f6d8b1f69f35a4da471c6c&id=%E4%B8%9C%E6%96%B9%E5%8D%AB%E8%A7%86&type=yy, From: subscribe, IPv_Type: ipv6, Location: 美国, ISP: CloudFlare Inc., Date: None, Delay: -1 ms, Speed: 0.00 M/s, Resolution: None
Name: 东方卫视, URL: http://k.061899.xyz/k.php?id=dfws, From: subscribe, IPv_Type: ipv6, Location: 新加坡, ISP: Aceville Pte.Ltd., Date: None, Delay: -1 ms, Speed: 0.00 M/s, Resolution: None
Name: 东方卫视, URL: http://tvgslb.hn.chinamobile.com:8089/180000001002/00000001000000000008000000047445/main.m3u8?stbid=, From: subscribe, IPv_Type: ipv6, Location: 中国, ISP: 中国移动, Date: None, Delay: -1 ms, Speed: 0.00 M/s, Resolution: None
Name: 东方卫视, URL: http://hwottcdn.ln.chinamobile.com/PLTV/11/224/3221226697/index.m3u8, From: subscribe, IPv_Type: ipv6, Location: 中国, ISP: 中国移动, Date: None, Delay: -1 ms, Speed: 0.00 M/s, Resolution: None
Name: 东方卫视, URL: http://hwottcdn.ln.chinamobile.com/PLTV/11/224/3221226187/index.m3u8, From: subscribe, IPv_Type: ipv6, Location: 中国, ISP: 中国移动, Date: None, Delay: -1 ms, Speed: 0.00 M/s, Resolution: None
Name: 东方卫视, URL: http://hwottcdn.ln.chinamobile.com/PLTV/11/224/3221226733/index.m3u8, From: subscribe, IPv_Type: ipv6, Location: 中国, ISP: 中国移动, Date: None, Delay: -1 ms, Speed: 0.00 M/s, Resolution: None
Name: 东方卫视, URL: http://hwottcdn.ln.chinamobile.com/PLTV/11/224/3221227212/index.m3u8, From: subscribe, IPv_Type: ipv6, Location: 中国, ISP: 中国移动, Date: None, Delay: -1 ms, Speed: 0.00 M/s, Resolution: None
Name: 东方卫视, URL: http://hwltc.tv.cdn.zj.chinamobile.com/PLTV/88888888/224/3221236227/index.m3u8, From: subscribe, IPv_Type: ipv6, Location: 中国, ISP: 中国移动, Date: None, Delay: -1 ms, Speed: 0.00 M/s, Resolution: None
Name: 东方卫视, URL: http://hwottcdn.ln.chinamobile.com/PLTV/11/224/3221226168/index.m3u8, From: subscribe, IPv_Type: ipv6, Location: 中国, ISP: 中国移动, Date: None, Delay: -1 ms, Speed: 0.00 M/s, Resolution: None
Name: 东方卫视, URL: http://ott.mobaibox.com/PLTV/3/224/3221227511/index.m3u8, From: subscribe, IPv_Type: ipv6, Location: 中国, ISP: 中国移动, Date: None, Delay: -1 ms, Speed: 0.00 M/s, Resolution: None
Name: 东方卫视, URL: http://hwottcdn.ln.chinamobile.com/PLTV/11/224/3221226872/index.m3u8, From: subscribe, IPv_Type: ipv6, Location: 中国, ISP: 中国移动, Date: None, Delay: -1 ms, Speed: 0.00 M/s, Resolution: None
Name: 东方卫视, URL: http://rrs01.hw.gmcc.net:8088/PLTV/81/224/3221226734/1.m3u8, From: subscribe, IPv_Type: ipv6, Location: 中国, ISP: 中国移动, Date: None, Delay: -1 ms, Speed: 0.00 M/s, Resolution: None
Name: 东方卫视, URL: http://iptvrr.sh.chinamobile.com:6060/cms001/ch00000090990000001013/index.m3u8, From: subscribe, IPv_Type: ipv6, Location: 中国, ISP: 中国移动, Date: None, Delay: -1 ms, Speed: 0.00 M/s, Resolution: None
Name: 东方卫视, URL: http://tvgslb.hn.chinamobile.com:8089/180000001002/00000000000000020000000000182568/main.m3u8?stbid=, From: subscribe, IPv_Type: ipv6, Location: 中国, ISP: 中国移动, Date: None, Delay: -1 ms, Speed: 0.00 M/s, Resolution: None
Name: 东方卫视, URL: https://migu.188766.xyz/?migutoken=1d8b80576afb3ba7a25d2b7f57933c85&id=%E4%B8%9C%E6%96%B9%E5%8D%AB%E8%A7%86&type=yy, From: subscribe, IPv_Type: ipv6, Location: 美国, ISP: CloudFlare Inc., Date: None, Delay: -1 ms, Speed: 0.00 M/s, Resolution: None
Name: 东方卫视, URL: https://migu.188766.xyz/?migutoken=d47a6323dfdf07b89235f2a5220e7c47&id=%E4%B8%9C%E6%96%B9%E5%8D%AB%E8%A7%86&type=yy, From: subscribe, IPv_Type: ipv6, Location: 美国, ISP: CloudFlare Inc., Date: None, Delay: -1 ms, Speed: 0.00 M/s, Resolution: None
Name: 东方卫视, URL: https://zby.130519.xyz/PLTV/11/224/3221226106/index.m3u8, From: subscribe, IPv_Type: ipv6, Location: 美国, ISP: CloudFlare Inc., Date: None, Delay: -1 ms, Speed: 0.00 M/s, Resolution: None
Name: 东方卫视, URL: https://migu.188766.xyz/?migutoken=ae4294491d0342fcde473012ed568855&id=%E4%B8%9C%E6%96%B9%E5%8D%AB%E8%A7%86&type=yy, From: subscribe, IPv_Type: ipv6, Location: 美国, ISP: CloudFlare Inc., Date: None, Delay: -1 ms, Speed: 0.00 M/s, Resolution: None
Name: 东方卫视, URL: https://epg.pw/stream/6aec3ea636542c53729b5c9dd290864ab04d4a69d2b9cb7864a9898779915898.m3u8, From: subscribe, IPv_Type: ipv6, Location: 美国, ISP: CloudFlare Inc., Date: None, Delay: -1 ms, Speed: 0.00 M/s, Resolution: None
Name: 东方卫视, URL: http://38.75.136.137:98/gslb/dsdqpub/dfwshd.m3u8?auth=testpub, From: subscribe, IPv_Type: ipv4, Location: 美国-伊利诺伊州-库克, ISP: Cogent, Date: None, Delay: 295 ms, Speed: 13.57 M/s, Resolution: 1920x1080
Name: 东方卫视, URL: http://38.75.136.137:98/gslb/dsdqca/dfwshd.m3u8?auth=test20251009, From: subscribe, IPv_Type: ipv4, Location: 美国-伊利诺伊州-库克, ISP: Cogent, Date: None, Delay: 513 ms, Speed: 7.15 M/s, Resolution: 1920x1080
Name: 东方卫视, URL: http://38.75.136.137:98/gslb/dsdqbv/dfwshd.m3u8?auth=test20251009, From: subscribe, IPv_Type: ipv4, Location: 美国-伊利诺伊州-库克, ISP: Cogent, Date: None, Delay: 605 ms, Speed: 5.17 M/s, Resolution: 1920x1080
Name: 东方卫视, URL: http://23.237.228.134/live6/dongnan.m3u8, From: subscribe, IPv_Type: ipv4, Location: 北美地区, ISP: , Date: None, Delay: 855 ms, Speed: 4.94 M/s, Resolution: 1920x1080
Name: 东方卫视, URL: http://69.30.246.194/live/dfws.m3u8, From: subscribe, IPv_Type: ipv4, Location: 美国-密苏里州-杰克逊县, ISP: WholeSale互联网股份有限公司, Date: None, Delay: 3352 ms, Speed: 2.53 M/s, Resolution: 1920x1080
Name: 东方卫视, URL: http://bp-resource-dfl.bestv.cn/155/3/video.m3u8, From: subscribe, IPv_Type: ipv4, Location: 美国-加利福尼亚州-洛杉矶, ISP: Level3, Date: None, Delay: 3549 ms, Speed: 1.71 M/s, Resolution: 1920x1080
Name: 北京卫视, URL: http://[2409:8087:7000:20:1000::22]:6060/yinhe/2/ch00000090990000001335/index.m3u8?virtualDomain=yinhe.live_hls.zte.com, From: local, IPv_Type: ipv6, Location: 中国, ISP: 中国移动, Date: None, Delay: -1 ms, Speed: 0.00 M/s, Resolution: None
Name: 北京卫视, URL: http://php.jdshipin.com/TVOD/hnyd.php?id=200000001898/460000089800010143, From: subscribe, IPv_Type: ipv6, Location: 美国, ISP: CloudFlare Inc., Date: None, Delay: -1 ms, Speed: 0.00 M/s, Resolution: None
Name: 北京卫视, URL: http://z.b.bkpcp.top/m.php?id=bjws, From: subscribe, IPv_Type: ipv6, Location: 美国, ISP: CloudFlare Inc., Date: None, Delay: -1 ms, Speed: 0.00 M/s, Resolution: None
Name: 北京卫视, URL: http://j.x.bkpcp.top/jx/BEIJHD, From: subscribe, IPv_Type: ipv6, Location: 美国, ISP: CloudFlare Inc., Date: None, Delay: -1 ms, Speed: 0.00 M/s, Resolution: None
Name: 北京卫视, URL: http://3501776.xyz:35455/itv/1000000005000265027.m3u8?cdn=ystenlive, From: subscribe, IPv_Type: ipv6, Location: 美国, ISP: CloudFlare Inc., Date: None, Delay: -1 ms, Speed: 0.00 M/s, Resolution: None
Name: 北京卫视, URL: http://iptv.huuc.edu.cn/hls/btv1hd.m3u8, From: subscribe, IPv_Type: ipv6, Location: 中国, ISP: 教育网, Date: None, Delay: -1 ms, Speed: 0.00 M/s, Resolution: None
Name: 北京卫视, URL: https://zby.130519.xyz/PLTV/11/224/3221225724/index.m3u8, From: subscribe, IPv_Type: ipv6, Location: 美国, ISP: CloudFlare Inc., Date: None, Delay: -1 ms, Speed: 0.00 M/s, Resolution: None
Name: 北京卫视, URL: https://migu.188766.xyz/?migutoken=b272105d3b1441290132591481def05b&id=%E5%8C%97%E4%BA%AC%E5%8D%AB%E8%A7%86&type=yy, From: subscribe, IPv_Type: ipv6, Location: 美国, ISP: CloudFlare Inc., Date: None, Delay: -1 ms, Speed: 0.00 M/s, Resolution: None
Name: 北京卫视, URL: https://iptv.catvod.com/live.php?id=%E5%8C%97%E4%BA%AC%E5%8D%AB%E8%A7%86%E5%8F%B0, From: subscribe, IPv_Type: ipv6, Location: 美国, ISP: CloudFlare Inc., Date: None, Delay: -1 ms, Speed: 0.00 M/s, Resolution: None
Name: 北京卫视, URL: http://[2409:8087:8:21::18]:6610/otttv.bj.chinamobile.com/PLTV/88888888/224/3221226900/1.m3u8?GuardEncType=2&accountinfo=%7E%7EV2.0%7EcYPi33WFyhvd6SjmqUKhJg%7EtP4-l0lmSfjwLWEfK_el1vH_mv-s1zo4AQJwdedaVwG9xkuFTDg8J26cwOrNJzn20BErrHdLhuZ9EzLUCD3PMW-OMx4MGteHV2vLeW6BqoY%2CEND, From: subscribe, IPv_Type: ipv6, Location: 中国, ISP: 中国移动, Date: None, Delay: -1 ms, Speed: 0.00 M/s, Resolution: None
Name: 北京卫视, URL: https://migu.188766.xyz/?migutoken=7571c90680b64daba2578015a9350dea&id=%E5%8C%97%E4%BA%AC%E5%8D%AB%E8%A7%86&type=yy, From: subscribe, IPv_Type: ipv6, Location: 美国, ISP: CloudFlare Inc., Date: None, Delay: -1 ms, Speed: 0.00 M/s, Resolution: None
Name: 北京卫视, URL: https://migu.188766.xyz/?migutoken=14bc123b60c5cb4b7d310634a6eb9f84&id=%E5%8C%97%E4%BA%AC%E5%8D%AB%E8%A7%86&type=yy, From: subscribe, IPv_Type: ipv6, Location: 美国, ISP: CloudFlare Inc., Date: None, Delay: -1 ms, Speed: 0.00 M/s, Resolution: None
Name: 北京卫视, URL: https://migu.188766.xyz/?migutoken=f7cf891ef163470add4aa7a305413d2a&id=%E5%8C%97%E4%BA%AC%E5%8D%AB%E8%A7%86&type=yy, From: subscribe, IPv_Type: ipv6, Location: 美国, ISP: CloudFlare Inc., Date: None, Delay: -1 ms, Speed: 0.00 M/s, Resolution: None
Name: 北京卫视, URL: https://migu.188766.xyz/?migutoken=b1148f9b26fb960477de21809a7f424d&id=%E5%8C%97%E4%BA%AC%E5%8D%AB%E8%A7%86&type=yy, From: subscribe, IPv_Type: ipv6, Location: 美国, ISP: CloudFlare Inc., Date: None, Delay: -1 ms, Speed: 0.00 M/s, Resolution: None
Name: 北京卫视, URL: https://migu.188766.xyz/?migutoken=21226bc74774481b148a8be99e35277c&id=%E5%8C%97%E4%BA%AC%E5%8D%AB%E8%A7%86&type=yy, From: subscribe, IPv_Type: ipv6, Location: 美国, ISP: CloudFlare Inc., Date: None, Delay: -1 ms, Speed: 0.00 M/s, Resolution: None
Name: 北京卫视, URL: https://migu.188766.xyz/?migutoken=dc1ada074b2938a9c14c8ee94498e485&id=%E5%8C%97%E4%BA%AC%E5%8D%AB%E8%A7%86&type=yy, From: subscribe, IPv_Type: ipv6, Location: 美国, ISP: CloudFlare Inc., Date: None, Delay: -1 ms, Speed: 0.00 M/s, Resolution: None
Name: 北京卫视, URL: https://migu.188766.xyz/?migutoken=de5987457f769438a3e28d376b4edc9f&id=%E5%8C%97%E4%BA%AC%E5%8D%AB%E8%A7%86&type=yy, From: subscribe, IPv_Type: ipv6, Location: 美国, ISP: CloudFlare Inc., Date: None, Delay: -1 ms, Speed: 0.00 M/s, Resolution: None
Name: 北京卫视, URL: https://migu.188766.xyz/?migutoken=b432f8d42afb931b41c9fbaf0de601d5&id=%E5%8C%97%E4%BA%AC%E5%8D%AB%E8%A7%86&type=yy, From: subscribe, IPv_Type: ipv6, Location: 美国, ISP: CloudFlare Inc., Date: None, Delay: -1 ms, Speed: 0.00 M/s, Resolution: None
Name: 北京卫视, URL: https://migu.188766.xyz/?migutoken=06fbfd752dea31b767d728cc31e879fb&id=%E5%8C%97%E4%BA%AC%E5%8D%AB%E8%A7%86&type=yy, From: subscribe, IPv_Type: ipv6, Location: 美国, ISP: CloudFlare Inc., Date: None, Delay: -1 ms, Speed: 0.00 M/s, Resolution: None
Name: 北京卫视, URL: https://migu.188766.xyz/?migutoken=9ce1d466efd9887fac31d7b791dffe8e&id=%E5%8C%97%E4%BA%AC%E5%8D%AB%E8%A7%86&type=yy, From: subscribe, IPv_Type: ipv6, Location: 美国, ISP: CloudFlare Inc., Date: None, Delay: -1 ms, Speed: 0.00 M/s, Resolution: None
Name: 北京卫视, URL: http://[2409:8087:1a01:df::4077]/ottrrs.hl.chinamobile.com/PLTV/88888888/8/3221226450/index.m3u8, From: subscribe, IPv_Type: ipv6, Location: 中国, ISP: 中国移动, Date: None, Delay: -1 ms, Speed: 0.00 M/s, Resolution: None
Name: 北京卫视, URL: https://migu.188766.xyz/?migutoken=ad65821a37ebb0654608f20412b85165&id=%E5%8C%97%E4%BA%AC%E5%8D%AB%E8%A7%86&type=yy, From: subscribe, IPv_Type: ipv6, Location: 美国, ISP: CloudFlare Inc., Date: None, Delay: -1 ms, Speed: 0.00 M/s, Resolution: None
Name: 北京卫视, URL: https://migu.188766.xyz/?migutoken=d14994d195ae3c43325b210f15346a65&id=%E5%8C%97%E4%BA%AC%E5%8D%AB%E8%A7%86&type=yy, From: subscribe, IPv_Type: ipv6, Location: 美国, ISP: CloudFlare Inc., Date: None, Delay: -1 ms, Speed: 0.00 M/s, Resolution: None
Name: 北京卫视, URL: https://migu.188766.xyz/?migutoken=3fcfe6747e27590d5cbc2d8ab0b88bfe&id=%E5%8C%97%E4%BA%AC%E5%8D%AB%E8%A7%86&type=yy, From: subscribe, IPv_Type: ipv6, Location: 美国, ISP: CloudFlare Inc., Date: None, Delay: -1 ms, Speed: 0.00 M/s, Resolution: None
Name: 北京卫视, URL: https://migu.188766.xyz/?migutoken=f7b2456f9f0e96d9d93eca980f8a8630&id=%E5%8C%97%E4%BA%AC%E5%8D%AB%E8%A7%86&type=yy, From: subscribe, IPv_Type: ipv6, Location: 美国, ISP: CloudFlare Inc., Date: None, Delay: -1 ms, Speed: 0.00 M/s, Resolution: None
Name: 北京卫视, URL: https://migu.188766.xyz/?migutoken=65c61272d97cd518f0e80aa6205f4e6f&id=%E5%8C%97%E4%BA%AC%E5%8D%AB%E8%A7%86&type=yy, From: subscribe, IPv_Type: ipv6, Location: 美国, ISP: CloudFlare Inc., Date: None, Delay: -1 ms, Speed: 0.00 M/s, Resolution: None
Name: 北京卫视, URL: https://tv.iill.top/migu/bjws&token=cc939526aed05a9c3f42c88c61fb8cb76c2acee2ebd65691e243451029eb7b84, From: subscribe, IPv_Type: ipv6, Location: 美国, ISP: CloudFlare Inc., Date: None, Delay: -1 ms, Speed: 0.00 M/s, Resolution: None
Name: 北京卫视, URL: https://migu.188766.xyz/?migutoken=aa43a2c7f643796b994e299b5b6d0f04&id=%E5%8C%97%E4%BA%AC%E5%8D%AB%E8%A7%86&type=yy, From: subscribe, IPv_Type: ipv6, Location: 美国, ISP: CloudFlare Inc., Date: None, Delay: -1 ms, Speed: 0.00 M/s, Resolution: None
Name: 北京卫视, URL: http://ott.mobaibox.com/PLTV/4/224/3221227896/index.m3u8, From: subscribe, IPv_Type: ipv6, Location: 中国, ISP: 中国移动, Date: None, Delay: -1 ms, Speed: 0.00 M/s, Resolution: None
Name: 北京卫视, URL: http://tvgslb.hn.chinamobile.com:8089/180000001002/00000000000000020000000000182564/main.m3u8?stbid=, From: subscribe, IPv_Type: ipv6, Location: 中国, ISP: 中国移动, Date: None, Delay: -1 ms, Speed: 0.00 M/s, Resolution: None
Name: 北京卫视, URL: http://tvgslb.hn.chinamobile.com:8089/180000001002/00000001000000000008000000047443/main.m3u8?stbid=, From: subscribe, IPv_Type: ipv6, Location: 中国, ISP: 中国移动, Date: None, Delay: -1 ms, Speed: 0.00 M/s, Resolution: None
Name: 北京卫视, URL: http://hwltc.tv.cdn.zj.chinamobile.com/PLTV/88888888/224/3221236241/index.m3u8, From: subscribe, IPv_Type: ipv6, Location: 中国, ISP: 中国移动, Date: None, Delay: -1 ms, Speed: 0.00 M/s, Resolution: None
Name: 北京卫视, URL: http://hwottcdn.ln.chinamobile.com/PLTV/11/224/3221226185/index.m3u8, From: subscribe, IPv_Type: ipv6, Location: 中国, ISP: 中国移动, Date: None, Delay: -1 ms, Speed: 0.00 M/s, Resolution: None
Name: 北京卫视, URL: http://hwottcdn.ln.chinamobile.com/PLTV/11/224/3221226823/index.m3u8, From: subscribe, IPv_Type: ipv6, Location: 中国, ISP: 中国移动, Date: None, Delay: -1 ms, Speed: 0.00 M/s, Resolution: None
Name: 北京卫视, URL: http://hwottcdn.ln.chinamobile.com/PLTV/11/224/3221226195/index.m3u8, From: subscribe, IPv_Type: ipv6, Location: 中国, ISP: 中国移动, Date: None, Delay: -1 ms, Speed: 0.00 M/s, Resolution: None
Name: 北京卫视, URL: http://hwottcdn.ln.chinamobile.com/PLTV/11/224/3221226666/index.m3u8, From: subscribe, IPv_Type: ipv6, Location: 中国, ISP: 中国移动, Date: None, Delay: -1 ms, Speed: 0.00 M/s, Resolution: None
Name: 北京卫视, URL: http://hwottcdn.ln.chinamobile.com/PLTV/11/224/3221226724/index.m3u8, From: subscribe, IPv_Type: ipv6, Location: 中国, ISP: 中国移动, Date: None, Delay: -1 ms, Speed: 0.00 M/s, Resolution: None
Name: 北京卫视, URL: http://hwottcdn.ln.chinamobile.com/PLTV/11/224/3221227340/index.m3u8, From: subscribe, IPv_Type: ipv6, Location: 中国, ISP: 中国移动, Date: None, Delay: -1 ms, Speed: 0.00 M/s, Resolution: None
Name: 北京卫视, URL: http://iptvrr.sh.chinamobile.com:6060/cms001/ch00000090990000001029/index.m3u8, From: subscribe, IPv_Type: ipv6, Location: 中国, ISP: 中国移动, Date: None, Delay: -1 ms, Speed: 0.00 M/s, Resolution: None
Name: 北京卫视, URL: http://k.061899.xyz/k.php?id=bjws, From: subscribe, IPv_Type: ipv6, Location: 新加坡, ISP: Aceville Pte.Ltd., Date: None, Delay: -1 ms, Speed: 0.00 M/s, Resolution: None
Name: 北京卫视, URL: http://ott.mobaibox.com/PLTV/3/224/3221227508/index.m3u8, From: subscribe, IPv_Type: ipv6, Location: 中国, ISP: 中国移动, Date: None, Delay: -1 ms, Speed: 0.00 M/s, Resolution: None
Name: 北京卫视, URL: http://rrs01.hw.gmcc.net:8088/PLTV/81/224/3221226719/1.m3u8, From: subscribe, IPv_Type: ipv6, Location: 中国, ISP: 中国移动, Date: None, Delay: -1 ms, Speed: 0.00 M/s, Resolution: None
Name: 北京卫视, URL: https://tv.iill.top/migu/bjws&token=2f124ab6ac087bc9ff8827f65331bcefcc19f2be5fdb4aa28fe293a39b7c65a6, From: subscribe, IPv_Type: ipv6, Location: 美国, ISP: CloudFlare Inc., Date: None, Delay: -1 ms, Speed: 0.00 M/s, Resolution: None
Name: 北京卫视, URL: https://migu.188766.xyz/?migutoken=e9421ad223ceade3672fe449cf2db4c2&id=%E5%8C%97%E4%BA%AC%E5%8D%AB%E8%A7%86&type=yy, From: subscribe, IPv_Type: ipv6, Location: 美国, ISP: CloudFlare Inc., Date: None, Delay: -1 ms, Speed: 0.00 M/s, Resolution: None
Name: 北京卫视, URL: https://tv.iill.top/migu/bjws&token=7ce15d51da8e60be86cc1bde4d856274b2bd781528e9f64ff1d7d9370b9d7268, From: subscribe, IPv_Type: ipv6, Location: 美国, ISP: CloudFlare Inc., Date: None, Delay: -1 ms, Speed: 0.00 M/s, Resolution: None
Name: 北京卫视, URL: https://migu.188766.xyz/?migutoken=55525ca5930d71c443062717821568b2&id=%E5%8C%97%E4%BA%AC%E5%8D%AB%E8%A7%86&type=yy, From: subscribe, IPv_Type: ipv6, Location: 美国, ISP: CloudFlare Inc., Date: None, Delay: -1 ms, Speed: 0.00 M/s, Resolution: None
Name: 北京卫视, URL: https://tv.iill.top/migu/bjws&token=0749f23d5e878af0a55d054879eccdba22a00cca8f13177bf8d0007c856ca9b9, From: subscribe, IPv_Type: ipv6, Location: 美国, ISP: CloudFlare Inc., Date: None, Delay: -1 ms, Speed: 0.00 M/s, Resolution: None
Name: 北京卫视, URL: https://migu.188766.xyz/?migutoken=cf7a6d07fa5f81e3887a0070503004f6&id=%E5%8C%97%E4%BA%AC%E5%8D%AB%E8%A7%86&type=yy, From: subscribe, IPv_Type: ipv6, Location: 美国, ISP: CloudFlare Inc., Date: None, Delay: -1 ms, Speed: 0.00 M/s, Resolution: None
Name: 北京卫视, URL: https://tv.iill.top/migu/bjws&token=ea4803836ab3759697c651bbaf9b16d10a6339fab2e1a980e276b15296478409, From: subscribe, IPv_Type: ipv6, Location: 美国, ISP: CloudFlare Inc., Date: None, Delay: -1 ms, Speed: 0.00 M/s, Resolution: None
Name: 北京卫视, URL: http://38.75.136.137:98/gslb/dsdqpub/bjwshd.m3u8?auth=testpub, From: subscribe, IPv_Type: ipv4, Location: 美国-伊利诺伊州-库克, ISP: Cogent, Date: None, Delay: 535 ms, Speed: 9.69 M/s, Resolution: 1920x1080
Name: 北京卫视, URL: http://38.75.136.137:98/gslb/dsdqbv/bjwshd.m3u8?auth=test20251009, From: subscribe, IPv_Type: ipv4, Location: 美国-伊利诺伊州-库克, ISP: Cogent, Date: None, Delay: 417 ms, Speed: 7.13 M/s, Resolution: 1920x1080
Name: 北京卫视, URL: http://satellitepull.cnr.cn/live/wxbtv/playlist.m3u8, From: subscribe, IPv_Type: ipv4, Location: 美国-伊利诺伊州-库克, ISP: 网宿CDN节点, Date: None, Delay: 142 ms, Speed: 0.70 M/s, Resolution: None
Name: 北京卫视, URL: https://iptv.catvod.com/live.php?id=%E5%8C%97%E4%BA%AC%E5%8D%AB%E8%A7%86, From: subscribe, IPv_Type: ipv4, Location: 美国-加利福尼亚州-洛杉矶, ISP: IT7网络, Date: None, Delay: 214 ms, Speed: 0.00 M/s, Resolution: None
Name: 江苏卫视, URL: http://[2409:8087:7000:20:1000::22]:6060/yinhe/2/ch00000090990000001344/index.m3u8?virtualDomain=yinhe.live_hls.zte.com, From: local, IPv_Type: ipv6, Location: 中国, ISP: 中国移动, Date: None, Delay: -1 ms, Speed: 0.00 M/s, Resolution: None
Name: 江苏卫视, URL: http://php.jdshipin.com/TVOD/hnyd.php?id=200000001898/460000089800010059, From: subscribe, IPv_Type: ipv6, Location: 美国, ISP: CloudFlare Inc., Date: None, Delay: -1 ms, Speed: 0.00 M/s, Resolution: None
Name: 江苏卫视, URL: http://z.b.bkpcp.top/m.php?id=jsws, From: subscribe, IPv_Type: ipv6, Location: 美国, ISP: CloudFlare Inc., Date: None, Delay: -1 ms, Speed: 0.00 M/s, Resolution: None
Name: 江苏卫视, URL: http://3501776.xyz:35455/itv/1000000005000265030.m3u8?cdn=ystenlive, From: subscribe, IPv_Type: ipv6, Location: 美国, ISP: CloudFlare Inc., Date: None, Delay: -1 ms, Speed: 0.00 M/s, Resolution: None
Name: 江苏卫视, URL: http://goo.bkpcp.top/mg/jsws, From: subscribe, IPv_Type: ipv6, Location: 美国, ISP: CloudFlare Inc., Date: None, Delay: -1 ms, Speed: 0.00 M/s, Resolution: None
Name: 江苏卫视, URL: http://iptv.huuc.edu.cn/hls/jshd.m3u8, From: subscribe, IPv_Type: ipv6, Location: 中国, ISP: 教育网, Date: None, Delay: -1 ms, Speed: 0.00 M/s, Resolution: None
Name: 江苏卫视, URL: https://zby.130519.xyz/PLTV/11/224/3221225720/index.m3u8, From: subscribe, IPv_Type: ipv6, Location: 美国, ISP: CloudFlare Inc., Date: None, Delay: -1 ms, Speed: 0.00 M/s, Resolution: None
Name: 江苏卫视, URL: https://migu.188766.xyz/?migutoken=0ee86a388b0b2c66c0119b221162d6bd&id=%E6%B1%9F%E8%8B%8F%E5%8D%AB%E8%A7%86&type=yy, From: subscribe, IPv_Type: ipv6, Location: 美国, ISP: CloudFlare Inc., Date: None, Delay: -1 ms, Speed: 0.00 M/s, Resolution: None
Name: 江苏卫视, URL: http://[2409:8087:8:21::18]:6610/otttv.bj.chinamobile.com/PLTV/88888888/224/3221226897/1.m3u8?GuardEncType=2&accountinfo=%7E%7EV2.0%7E0BmO6uHF7WFoTed__Xr3NQ%7EtP4-l0lmSfjwLWEfK_el1vH_mv-s1zo4AQJwdedaVwG9xkuFTDg8J26cwOrNJzn20BErrHdLhuZ9EzLUCD3PMW-OMx4MGteHV2vLeW6BqoY%2CEND, From: subscribe, IPv_Type: ipv6, Location: 中国, ISP: 中国移动, Date: None, Delay: -1 ms, Speed: 0.00 M/s, Resolution: None
Name: 江苏卫视, URL: http://[2409:8087:1a01:df::4077]/ottrrs.hl.chinamobile.com/PLTV/88888888/8/3221226310/index.m3u8, From: subscribe, IPv_Type: ipv6, Location: 中国, ISP: 中国移动, Date: None, Delay: -1 ms, Speed: 0.00 M/s, Resolution: None
Name: 江苏卫视, URL: https://migu.188766.xyz/?migutoken=cc0409aac63f45310e6948c04057b7ed&id=%E6%B1%9F%E8%8B%8F%E5%8D%AB%E8%A7%86&type=yy, From: subscribe, IPv_Type: ipv6, Location: 美国, ISP: CloudFlare Inc., Date: None, Delay: -1 ms, Speed: 0.00 M/s, Resolution: None
Name: 江苏卫视, URL: https://iptv.catvod.com/live.php?id=%E6%B1%9F%E8%8B%8F%E5%8D%AB%E8%A7%86%E5%8F%B0, From: subscribe, IPv_Type: ipv6, Location: 美国, ISP: CloudFlare Inc., Date: None, Delay: -1 ms, Speed: 0.00 M/s, Resolution: None
Name: 江苏卫视, URL: https://migu.188766.xyz/?migutoken=538fccd8296e7f6e949e4d82405a4018&id=%E6%B1%9F%E8%8B%8F%E5%8D%AB%E8%A7%86&type=yy, From: subscribe, IPv_Type: ipv6, Location: 美国, ISP: CloudFlare Inc., Date: None, Delay: -1 ms, Speed: 0.00 M/s, Resolution: None
Name: 江苏卫视, URL: https://migu.188766.xyz/?migutoken=817ce1c50e95bcad73a290a7012c6a92&id=%E6%B1%9F%E8%8B%8F%E5%8D%AB%E8%A7%86&type=yy, From: subscribe, IPv_Type: ipv6, Location: 美国, ISP: CloudFlare Inc., Date: None, Delay: -1 ms, Speed: 0.00 M/s, Resolution: None
Name: 江苏卫视, URL: https://migu.188766.xyz/?migutoken=81b11a849284d2d2d4a9ad0791163061&id=%E6%B1%9F%E8%8B%8F%E5%8D%AB%E8%A7%86&type=yy, From: subscribe, IPv_Type: ipv6, Location: 美国, ISP: CloudFlare Inc., Date: None, Delay: -1 ms, Speed: 0.00 M/s, Resolution: None
Name: 江苏卫视, URL: https://migu.188766.xyz/?migutoken=f137d2c3fab9be3d03d2a900dcf84e38&id=%E6%B1%9F%E8%8B%8F%E5%8D%AB%E8%A7%86&type=yy, From: subscribe, IPv_Type: ipv6, Location: 美国, ISP: CloudFlare Inc., Date: None, Delay: -1 ms, Speed: 0.00 M/s, Resolution: None
Name: 江苏卫视, URL: https://migu.188766.xyz/?migutoken=bb57257901e893cb075485be3eadca6b&id=%E6%B1%9F%E8%8B%8F%E5%8D%AB%E8%A7%86&type=yy, From: subscribe, IPv_Type: ipv6, Location: 美国, ISP: CloudFlare Inc., Date: None, Delay: -1 ms, Speed: 0.00 M/s, Resolution: None
Name: 江苏卫视, URL: https://migu.188766.xyz/?migutoken=2e0e62cb2236cfe129b7bdad12ead239&id=%E6%B1%9F%E8%8B%8F%E5%8D%AB%E8%A7%86&type=yy, From: subscribe, IPv_Type: ipv6, Location: 美国, ISP: CloudFlare Inc., Date: None, Delay: -1 ms, Speed: 0.00 M/s, Resolution: None
Name: 江苏卫视, URL: https://migu.188766.xyz/?migutoken=2556c381b5cfdfbd0a90454bb0c5672a&id=%E6%B1%9F%E8%8B%8F%E5%8D%AB%E8%A7%86&type=yy, From: subscribe, IPv_Type: ipv6, Location: 美国, ISP: CloudFlare Inc., Date: None, Delay: -1 ms, Speed: 0.00 M/s, Resolution: None
Name: 江苏卫视, URL: https://migu.188766.xyz/?migutoken=fd64baa1838b012f4fd200184647e36f&id=%E6%B1%9F%E8%8B%8F%E5%8D%AB%E8%A7%86&type=yy, From: subscribe, IPv_Type: ipv6, Location: 美国, ISP: CloudFlare Inc., Date: None, Delay: -1 ms, Speed: 0.00 M/s, Resolution: None
Name: 江苏卫视, URL: https://migu.188766.xyz/?migutoken=cb45ad5f5351ee2345c85b35b459c350&id=%E6%B1%9F%E8%8B%8F%E5%8D%AB%E8%A7%86&type=yy, From: subscribe, IPv_Type: ipv6, Location: 美国, ISP: CloudFlare Inc., Date: None, Delay: -1 ms, Speed: 0.00 M/s, Resolution: None
Name: 江苏卫视, URL: https://migu.188766.xyz/?migutoken=05141b2fbcc05b80e38abf7bd3214503&id=%E6%B1%9F%E8%8B%8F%E5%8D%AB%E8%A7%86&type=yy, From: subscribe, IPv_Type: ipv6, Location: 美国, ISP: CloudFlare Inc., Date: None, Delay: -1 ms, Speed: 0.00 M/s, Resolution: None
Name: 江苏卫视, URL: https://migu.188766.xyz/?migutoken=8e66dd8e70fec45209f2cc4d1f400291&id=%E6%B1%9F%E8%8B%8F%E5%8D%AB%E8%A7%86&type=yy, From: subscribe, IPv_Type: ipv6, Location: 美国, ISP: CloudFlare Inc., Date: None, Delay: -1 ms, Speed: 0.00 M/s, Resolution: None
Name: 江苏卫视, URL: https://migu.188766.xyz/?migutoken=0f877f215fb87097652cf0293f01e0c9&id=%E6%B1%9F%E8%8B%8F%E5%8D%AB%E8%A7%86&type=yy, From: subscribe, IPv_Type: ipv6, Location: 美国, ISP: CloudFlare Inc., Date: None, Delay: -1 ms, Speed: 0.00 M/s, Resolution: None
Name: 江苏卫视, URL: https://migu.188766.xyz/?migutoken=fbacec3f235e1aae9cbd63d229996b53&id=%E6%B1%9F%E8%8B%8F%E5%8D%AB%E8%A7%86&type=yy, From: subscribe, IPv_Type: ipv6, Location: 美国, ISP: CloudFlare Inc., Date: None, Delay: -1 ms, Speed: 0.00 M/s, Resolution: None
Name: 江苏卫视, URL: https://migu.188766.xyz/?migutoken=1951e3f9d28445aab3bfdbfb40fc2f4e&id=%E6%B1%9F%E8%8B%8F%E5%8D%AB%E8%A7%86&type=yy, From: subscribe, IPv_Type: ipv6, Location: 美国, ISP: CloudFlare Inc., Date: None, Delay: -1 ms, Speed: 0.00 M/s, Resolution: None
Name: 江苏卫视, URL: https://migu.188766.xyz/?migutoken=1182393f43784024d41e526b6d500511&id=%E6%B1%9F%E8%8B%8F%E5%8D%AB%E8%A7%86&type=yy, From: subscribe, IPv_Type: ipv6, Location: 美国, ISP: CloudFlare Inc., Date: None, Delay: -1 ms, Speed: 0.00 M/s, Resolution: None
Name: 江苏卫视, URL: http://hwottcdn.ln.chinamobile.com/PLTV/11/224/3221226781/index.m3u8, From: subscribe, IPv_Type: ipv6, Location: 中国, ISP: 中国移动, Date: None, Delay: -1 ms, Speed: 0.00 M/s, Resolution: None
Name: 江苏卫视, URL: http://hwottcdn.ln.chinamobile.com/PLTV/11/224/3221226143/index.m3u8, From: subscribe, IPv_Type: ipv6, Location: 中国, ISP: 中国移动, Date: None, Delay: -1 ms, Speed: 0.00 M/s, Resolution: None
Name: 江苏卫视, URL: http://iptvrr.sh.chinamobile.com:6060/cms001/ch00000090990000001033/index.m3u8, From: subscribe, IPv_Type: ipv6, Location: 中国, ISP: 中国移动, Date: None, Delay: -1 ms, Speed: 0.00 M/s, Resolution: None
Name: 江苏卫视, URL: http://k.061899.xyz/k.php?id=jsws, From: subscribe, IPv_Type: ipv6, Location: 新加坡, ISP: Aceville Pte.Ltd., Date: None, Delay: -1 ms, Speed: 0.00 M/s, Resolution: None
Name: 江苏卫视, URL: http://tvgslb.hn.chinamobile.com:8089/180000001002/00000001000000000099000000197694/main.m3u8?stbid=, From: subscribe, IPv_Type: ipv6, Location: 中国, ISP: 中国移动, Date: None, Delay: -1 ms, Speed: 0.00 M/s, Resolution: None
Name: 江苏卫视, URL: http://hwltc.tv.cdn.zj.chinamobile.com/PLTV/88888888/224/3221236221/index.m3u8, From: subscribe, IPv_Type: ipv6, Location: 中国, ISP: 中国移动, Date: None, Delay: -1 ms, Speed: 0.00 M/s, Resolution: None
Name: 江苏卫视, URL: http://tvgslb.hn.chinamobile.com:8089/180000001002/00000000000000020000000000182569/main.m3u8?stbid=, From: subscribe, IPv_Type: ipv6, Location: 中国, ISP: 中国移动, Date: None, Delay: -1 ms, Speed: 0.00 M/s, Resolution: None
Name: 江苏卫视, URL: http://hwottcdn.ln.chinamobile.com/PLTV/11/224/3221226902/index.m3u8, From: subscribe, IPv_Type: ipv6, Location: 中国, ISP: 中国移动, Date: None, Delay: -1 ms, Speed: 0.00 M/s, Resolution: None
Name: 江苏卫视, URL: http://hwottcdn.ln.chinamobile.com/PLTV/11/224/3221226672/index.m3u8, From: subscribe, IPv_Type: ipv6, Location: 中国, ISP: 中国移动, Date: None, Delay: -1 ms, Speed: 0.00 M/s, Resolution: None
Name: 江苏卫视, URL: http://hwottcdn.ln.chinamobile.com/PLTV/11/224/3221226160/index.m3u8, From: subscribe, IPv_Type: ipv6, Location: 中国, ISP: 中国移动, Date: None, Delay: -1 ms, Speed: 0.00 M/s, Resolution: None
Name: 江苏卫视, URL: http://rrs01.hw.gmcc.net:8088/PLTV/81/224/3221226692/1.m3u8, From: subscribe, IPv_Type: ipv6, Location: 中国, ISP: 中国移动, Date: None, Delay: -1 ms, Speed: 0.00 M/s, Resolution: None
Name: 江苏卫视, URL: http://ott.mobaibox.com/PLTV/3/224/3221228097/index.m3u8, From: subscribe, IPv_Type: ipv6, Location: 中国, ISP: 中国移动, Date: None, Delay: -1 ms, Speed: 0.00 M/s, Resolution: None
Name: 江苏卫视, URL: http://hwottcdn.ln.chinamobile.com/PLTV/11/224/3221227303/index.m3u8, From: subscribe, IPv_Type: ipv6, Location: 中国, ISP: 中国移动, Date: None, Delay: -1 ms, Speed: 0.00 M/s, Resolution: None
Name: 江苏卫视, URL: https://migu.188766.xyz/?migutoken=4e6d72bb411418cd63d92cad785e0f89&id=%E6%B1%9F%E8%8B%8F%E5%8D%AB%E8%A7%86&type=yy, From: subscribe, IPv_Type: ipv6, Location: 美国, ISP: CloudFlare Inc., Date: None, Delay: -1 ms, Speed: 0.00 M/s, Resolution: None
Name: 江苏卫视, URL: https://migu.188766.xyz/?migutoken=140fb5bc4277d24cc79863ea4ae4ee47&id=%E6%B1%9F%E8%8B%8F%E5%8D%AB%E8%A7%86&type=yy, From: subscribe, IPv_Type: ipv6, Location: 美国, ISP: CloudFlare Inc., Date: None, Delay: -1 ms, Speed: 0.00 M/s, Resolution: None
Name: 江苏卫视, URL: https://migu.188766.xyz/?migutoken=1a72612c470c9ea498cc41956e652be2&id=%E6%B1%9F%E8%8B%8F%E5%8D%AB%E8%A7%86&type=yy, From: subscribe, IPv_Type: ipv6, Location: 美国, ISP: CloudFlare Inc., Date: None, Delay: -1 ms, Speed: 0.00 M/s, Resolution: None
Name: 江苏卫视, URL: http://38.75.136.137:98/gslb/dsdqpub/jswshd.m3u8?auth=testpub, From: subscribe, IPv_Type: ipv4, Location: 美国-伊利诺伊州-库克, ISP: Cogent, Date: None, Delay: 663 ms, Speed: 8.03 M/s, Resolution: 1920x1080
Name: 江苏卫视, URL: http://38.75.136.137:98/gslb/dsdqca/jswshd.m3u8?auth=test20251009, From: subscribe, IPv_Type: ipv4, Location: 美国-伊利诺伊州-库克, ISP: Cogent, Date: None, Delay: 669 ms, Speed: 6.86 M/s, Resolution: 1920x1080
Name: 江苏卫视, URL: http://69.30.246.194/live/jsws.m3u8, From: subscribe, IPv_Type: ipv4, Location: 美国-密苏里州-杰克逊县, ISP: WholeSale互联网股份有限公司, Date: None, Delay: 4511 ms, Speed: 1.16 M/s, Resolution: 1920x1080
Name: 江苏卫视, URL: http://59.173.123.31:8989/rtp/239.254.96.144:8938, From: subscribe, IPv_Type: ipv4, Location: 中国-湖北-武汉, ISP: 电信, Date: None, Delay: 437 ms, Speed: 0.01 M/s, Resolution: 1920x1080
Name: 江苏卫视, URL: https://iptv.catvod.com/live.php?id=%E6%B1%9F%E8%8B%8F%E5%8D%AB%E8%A7%86, From: subscribe, IPv_Type: ipv4, Location: 美国-加利福尼亚州-洛杉矶, ISP: IT7网络, Date: None, Delay: 204 ms, Speed: 0.00 M/s, Resolution: 1920x1080
Name: 安徽卫视, URL: http://[2409:8087:7000:20:1000::22]:6060/yinhe/2/ch00000090990000001346/index.m3u8?virtualDomain=yinhe.live_hls.zte.com, From: local, IPv_Type: ipv6, Location: 中国, ISP: 中国移动, Date: None, Delay: -1 ms, Speed: 0.00 M/s, Resolution: None
Name: 安徽卫视, URL: http://php.jdshipin.com/TVOD/hljyd.php?id=3221226391, From: subscribe, IPv_Type: ipv6, Location: 美国, ISP: CloudFlare Inc., Date: None, Delay: -1 ms, Speed: 0.00 M/s, Resolution: None
Name: 安徽卫视, URL: http://j.x.bkpcp.top/jx/ANHUIHD, From: subscribe, IPv_Type: ipv6, Location: 美国, ISP: CloudFlare Inc., Date: None, Delay: -1 ms, Speed: 0.00 M/s, Resolution: None
Name: 安徽卫视, URL: http://iptv.huuc.edu.cn/hls/ahhd.m3u8, From: subscribe, IPv_Type: ipv6, Location: 中国, ISP: 教育网, Date: None, Delay: -1 ms, Speed: 0.00 M/s, Resolution: None
Name: 安徽卫视, URL: https://zby.130519.xyz/PLTV/11/224/3221225739/index.m3u8, From: subscribe, IPv_Type: ipv6, Location: 美国, ISP: CloudFlare Inc., Date: None, Delay: -1 ms, Speed: 0.00 M/s, Resolution: None
Name: 安徽卫视, URL: http://[2409:8087:8:21::18]:6610/otttv.bj.chinamobile.com/PLTV/88888888/224/3221226943/1.m3u8?GuardEncType=2&accountinfo=%7E%7EV2.0%7E0QmKQ_slRCwvVVUUfxPVbw%7EtP4-l0lmSfjwLWEfK_el1vH_mv-s1zo4AQJwdedaVwG9xkuFTDg8J26cwOrNJzn20BErrHdLhuZ9EzLUCD3PMW-OMx4MGteHV2vLeW6BqoY%2CEND, From: subscribe, IPv_Type: ipv6, Location: 中国, ISP: 中国移动, Date: None, Delay: -1 ms, Speed: 0.00 M/s, Resolution: None
Name: 安徽卫视, URL: http://[2409:8087:1a01:df::4077]/ottrrs.hl.chinamobile.com/PLTV/88888888/8/3221226498/index.m3u8, From: subscribe, IPv_Type: ipv6, Location: 中国, ISP: 中国移动, Date: None, Delay: -1 ms, Speed: 0.00 M/s, Resolution: None
Name: 安徽卫视, URL: http://[2409:8087:1a01:df::4077]/ottrrs.hl.chinamobile.com/PLTV/88888888/8/3221226391/index.m3u8, From: subscribe, IPv_Type: ipv6, Location: 中国, ISP: 中国移动, Date: None, Delay: -1 ms, Speed: 0.00 M/s, Resolution: None
Name: 安徽卫视, URL: https://iptv.catvod.com/live.php?id=%E5%AE%89%E5%BE%BD%E5%8D%AB%E8%A7%86%E5%8F%B0, From: subscribe, IPv_Type: ipv6, Location: 美国, ISP: CloudFlare Inc., Date: None, Delay: -1 ms, Speed: 0.00 M/s, Resolution: None
Name: 安徽卫视, URL: http://rrs01.hw.gmcc.net:8088/PLTV/81/224/3221226664/1.m3u8, From: subscribe, IPv_Type: ipv6, Location: 中国, ISP: 中国移动, Date: None, Delay: -1 ms, Speed: 0.00 M/s, Resolution: None
Name: 安徽卫视, URL: http://tvgslb.hn.chinamobile.com:8089/180000001002/00000001000000000016000000007224/main.m3u8?stbid=, From: subscribe, IPv_Type: ipv6, Location: 中国, ISP: 中国移动, Date: None, Delay: -1 ms, Speed: 0.00 M/s, Resolution: None
Name: 安徽卫视, URL: http://hwottcdn.ln.chinamobile.com/PLTV/11/224/3221226746/index.m3u8, From: subscribe, IPv_Type: ipv6, Location: 中国, ISP: 中国移动, Date: None, Delay: -1 ms, Speed: 0.00 M/s, Resolution: None
Name: 安徽卫视, URL: http://rrs01.hw.gmcc.net:8088/PLTV/81/224/3221226655/1.m3u8, From: subscribe, IPv_Type: ipv6, Location: 中国, ISP: 中国移动, Date: None, Delay: -1 ms, Speed: 0.00 M/s, Resolution: None
Name: 安徽卫视, URL: http://hwottcdn.ln.chinamobile.com/PLTV/11/224/3221227233/index.m3u8, From: subscribe, IPv_Type: ipv6, Location: 中国, ISP: 中国移动, Date: None, Delay: -1 ms, Speed: 0.00 M/s, Resolution: None
Name: 安徽卫视, URL: http://ott.mobaibox.com/PLTV/3/224/3221227558/index.m3u8, From: subscribe, IPv_Type: ipv6, Location: 中国, ISP: 中国移动, Date: None, Delay: -1 ms, Speed: 0.00 M/s, Resolution: None
Name: 安徽卫视, URL: http://hwottcdn.ln.chinamobile.com/PLTV/11/224/3221226196/index.m3u8, From: subscribe, IPv_Type: ipv6, Location: 中国, ISP: 中国移动, Date: None, Delay: -1 ms, Speed: 0.00 M/s, Resolution: None
Name: 安徽卫视, URL: http://hwottcdn.ln.chinamobile.com/PLTV/11/224/3221226856/index.m3u8, From: subscribe, IPv_Type: ipv6, Location: 中国, ISP: 中国移动, Date: None, Delay: -1 ms, Speed: 0.00 M/s, Resolution: None
Name: 安徽卫视, URL: http://iptvrr.sh.chinamobile.com:6060/cms001/ch00000090990000001037/index.m3u8, From: subscribe, IPv_Type: ipv6, Location: 中国, ISP: 中国移动, Date: None, Delay: -1 ms, Speed: 0.00 M/s, Resolution: None
Name: 安徽卫视, URL: http://tvgslb.hn.chinamobile.com:8089/180000001002/00000000000000020000000000182280/main.m3u8?stbid=, From: subscribe, IPv_Type: ipv6, Location: 中国, ISP: 中国移动, Date: None, Delay: -1 ms, Speed: 0.00 M/s, Resolution: None
Name: 安徽卫视, URL: http://k.061899.xyz/k.php?id=ahws, From: subscribe, IPv_Type: ipv6, Location: 新加坡, ISP: Aceville Pte.Ltd., Date: None, Delay: -1 ms, Speed: 0.00 M/s, Resolution: None
Name: 安徽卫视, URL: http://hwltc.tv.cdn.zj.chinamobile.com/PLTV/88888888/224/3221236177/index.m3u8, From: subscribe, IPv_Type: ipv6, Location: 中国, ISP: 中国移动, Date: None, Delay: -1 ms, Speed: 0.00 M/s, Resolution: None
Name: 安徽卫视, URL: http://38.75.136.137:98/gslb/dsdqpub/ahwshd.m3u8?auth=testpub, From: subscribe, IPv_Type: ipv4, Location: 美国-伊利诺伊州-库克, ISP: Cogent, Date: None, Delay: 351 ms, Speed: 10.46 M/s, Resolution: 1920x1080
Name: 安徽卫视, URL: http://23.237.228.134/live8/anhui.m3u8, From: subscribe, IPv_Type: ipv4, Location: 北美地区, ISP: , Date: None, Delay: 2263 ms, Speed: 2.00 M/s, Resolution: 1920x1080
Name: 安徽卫视, URL: http://satellitepull.cnr.cn/live/wxahws/playlist.m3u8, From: subscribe, IPv_Type: ipv4, Location: 美国-伊利诺伊州-库克, ISP: 网宿CDN节点, Date: None, Delay: 139 ms, Speed: 0.66 M/s, Resolution: None
Name: 安徽卫视, URL: https://iptv.catvod.com/live.php?id=%E5%AE%89%E5%BE%BD%E5%8D%AB%E8%A7%86, From: subscribe, IPv_Type: ipv4, Location: 美国-加利福尼亚州-洛杉矶, ISP: IT7网络, Date: None, Delay: 217 ms, Speed: 0.00 M/s, Resolution: 1920x1080
Name: 重庆卫视, URL: http://[2409:8087:2001:20:2800:0:df6e:eb09]:80/ott.mobaibox.com/PLTV/4/224/3221228133/index.m3u8, From: local, IPv_Type: ipv6, Location: 中国, ISP: 中国移动, Date: None, Delay: -1 ms, Speed: 0.00 M/s, Resolution: None
Name: 重庆卫视, URL: http://php.jdshipin.com/TVOD/hnyd.php?id=200000001898/460000089800010053, From: subscribe, IPv_Type: ipv6, Location: 美国, ISP: CloudFlare Inc., Date: None, Delay: -1 ms, Speed: 0.00 M/s, Resolution: None
Name: 重庆卫视, URL: http://z.b.bkpcp.top/m.php?id=cqws, From: subscribe, IPv_Type: ipv6, Location: 美国, ISP: CloudFlare Inc., Date: None, Delay: -1 ms, Speed: 0.00 M/s, Resolution: None
Name: 重庆卫视, URL: http://j.x.bkpcp.top/jx/CHONGQHD, From: subscribe, IPv_Type: ipv6, Location: 美国, ISP: CloudFlare Inc., Date: None, Delay: -1 ms, Speed: 0.00 M/s, Resolution: None
Name: 重庆卫视, URL: http://iptv.huuc.edu.cn/hls/cqhd.m3u8, From: subscribe, IPv_Type: ipv6, Location: 中国, ISP: 教育网, Date: None, Delay: -1 ms, Speed: 0.00 M/s, Resolution: None
Name: 重庆卫视, URL: https://zby.130519.xyz/PLTV/11/224/3221226171/index.m3u8, From: subscribe, IPv_Type: ipv6, Location: 美国, ISP: CloudFlare Inc., Date: None, Delay: -1 ms, Speed: 0.00 M/s, Resolution: None
Name: 重庆卫视, URL: http://[2409:8087:8:21::18]:6610/otttv.bj.chinamobile.com/PLTV/88888888/224/3221226963/1.m3u8?GuardEncType=2&accountinfo=%7E%7EV2.0%7EjTXsJprEx2nE38tdvu5lhA%7EtP4-l0lmSfjwLWEfK_el1vH_mv-s1zo4AQJwdedaVwG9xkuFTDg8J26cwOrNJzn20BErrHdLhuZ9EzLUCD3PMW-OMx4MGteHV2vLeW6BqoY%2CEND, From: subscribe, IPv_Type: ipv6, Location: 中国, ISP: 中国移动, Date: None, Delay: -1 ms, Speed: 0.00 M/s, Resolution: None
Name: 重庆卫视, URL: http://[2409:8087:1a01:df::4077]/ottrrs.hl.chinamobile.com/PLTV/88888888/8/3221226409/index.m3u8, From: subscribe, IPv_Type: ipv6, Location: 中国, ISP: 中国移动, Date: None, Delay: -1 ms, Speed: 0.00 M/s, Resolution: None
Name: 重庆卫视, URL: https://iptv.catvod.com/live.php?id=%E9%87%8D%E5%BA%86%E5%8D%AB%E8%A7%86%E5%8F%B0, From: subscribe, IPv_Type: ipv6, Location: 美国, ISP: CloudFlare Inc., Date: None, Delay: -1 ms, Speed: 0.00 M/s, Resolution: None
Name: 重庆卫视, URL: http://tvgslb.hn.chinamobile.com:8089/180000001002/00000001000000000064000000308825/main.m3u8?stbid=, From: subscribe, IPv_Type: ipv6, Location: 中国, ISP: 中国移动, Date: None, Delay: -1 ms, Speed: 0.00 M/s, Resolution: None
Name: 重庆卫视, URL: http://tvgslb.hn.chinamobile.com:8089/180000001002/00000000000000020000000000182258/main.m3u8?stbid=, From: subscribe, IPv_Type: ipv6, Location: 中国, ISP: 中国移动, Date: None, Delay: -1 ms, Speed: 0.00 M/s, Resolution: None
Name: 重庆卫视, URL: http://rrs01.hw.gmcc.net:8088/PLTV/81/224/3221226680/1.m3u8, From: subscribe, IPv_Type: ipv6, Location: 中国, ISP: 中国移动, Date: None, Delay: -1 ms, Speed: 0.00 M/s, Resolution: None
Name: 重庆卫视, URL: http://iptvrr.sh.chinamobile.com:6060/cms001/ch00000090990000001129/index.m3u8, From: subscribe, IPv_Type: ipv6, Location: 中国, ISP: 中国移动, Date: None, Delay: -1 ms, Speed: 0.00 M/s, Resolution: None
Name: 重庆卫视, URL: http://hwltc.tv.cdn.zj.chinamobile.com/PLTV/88888888/224/3221236292/index.m3u8, From: subscribe, IPv_Type: ipv6, Location: 中国, ISP: 中国移动, Date: None, Delay: -1 ms, Speed: 0.00 M/s, Resolution: None
Name: 重庆卫视, URL: http://hwottcdn.ln.chinamobile.com/PLTV/11/224/3221226169/index.m3u8, From: subscribe, IPv_Type: ipv6, Location: 中国, ISP: 中国移动, Date: None, Delay: -1 ms, Speed: 0.00 M/s, Resolution: None
Name: 重庆卫视, URL: http://hwottcdn.ln.chinamobile.com/PLTV/11/224/3221226868/index.m3u8, From: subscribe, IPv_Type: ipv6, Location: 中国, ISP: 中国移动, Date: None, Delay: -1 ms, Speed: 0.00 M/s, Resolution: None
Name: 重庆卫视, URL: http://hwottcdn.ln.chinamobile.com/PLTV/11/224/3221227227/index.m3u8, From: subscribe, IPv_Type: ipv6, Location: 中国, ISP: 中国移动, Date: None, Delay: -1 ms, Speed: 0.00 M/s, Resolution: None
Name: 重庆卫视, URL: http://hwottcdn.ln.chinamobile.com/PLTV/11/224/3221226737/index.m3u8, From: subscribe, IPv_Type: ipv6, Location: 中国, ISP: 中国移动, Date: None, Delay: -1 ms, Speed: 0.00 M/s, Resolution: None
Name: 重庆卫视, URL: http://k.061899.xyz/k.php?id=cqws, From: subscribe, IPv_Type: ipv6, Location: 新加坡, ISP: Aceville Pte.Ltd., Date: None, Delay: -1 ms, Speed: 0.00 M/s, Resolution: None
Name: 重庆卫视, URL: http://ott.mobaibox.com/PLTV/3/224/3221228133/index.m3u8, From: subscribe, IPv_Type: ipv6, Location: 中国, ISP: 中国移动, Date: None, Delay: -1 ms, Speed: 0.00 M/s, Resolution: None
Name: 重庆卫视, URL: http://38.75.136.137:98/gslb/dsdqpub/cqwshd.m3u8?auth=testpub, From: subscribe, IPv_Type: ipv4, Location: 美国-伊利诺伊州-库克, ISP: Cogent, Date: None, Delay: 348 ms, Speed: 10.58 M/s, Resolution: 1920x1080
Name: 重庆卫视, URL: http://38.75.136.137:98/gslb/dsdqca/cqwshd.m3u8?auth=test20251009, From: subscribe, IPv_Type: ipv4, Location: 美国-伊利诺伊州-库克, ISP: Cogent, Date: None, Delay: 512 ms, Speed: 9.45 M/s, Resolution: 1920x1080
Name: 重庆卫视, URL: http://23.237.228.134/live6/chongqing.m3u8, From: subscribe, IPv_Type: ipv4, Location: 北美地区, ISP: , Date: None, Delay: 1156 ms, Speed: 3.22 M/s, Resolution: 1920x1080
Name: 重庆卫视, URL: http://satellitepull.cnr.cn/live/wxcqws/playlist.m3u8, From: subscribe, IPv_Type: ipv4, Location: 美国-伊利诺伊州-库克, ISP: 网宿CDN节点, Date: None, Delay: 141 ms, Speed: 0.68 M/s, Resolution: None
Name: 重庆卫视, URL: http://111.221.137.155:44330/tsfile/live/0142_1.m3u8?key=txiptv, From: subscribe, IPv_Type: ipv4, Location: 中国-广东-深圳, ISP: 天威视讯, Date: None, Delay: 10753 ms, Speed: 0.03 M/s, Resolution: None
Name: 重庆卫视, URL: https://iptv.catvod.com/live.php?id=%E9%87%8D%E5%BA%86%E5%8D%AB%E8%A7%86, From: subscribe, IPv_Type: ipv4, Location: 美国-加利福尼亚州-洛杉矶, ISP: IT7网络, Date: None, Delay: 192 ms, Speed: 0.00 M/s, Resolution: 1920x1080
Name: 东南卫视, URL: http://[2409:8087:1a01:df::4077]/PLTV/88888888/224/3221225950/index.m3u8, From: local, IPv_Type: ipv6, Location: 中国, ISP: 中国移动, Date: None, Delay: -1 ms, Speed: 0.00 M/s, Resolution: None
Name: 东南卫视, URL: http://php.jdshipin.com/TVOD/hnyd.php?id=200000001898/460000089800010096, From: subscribe, IPv_Type: ipv6, Location: 美国, ISP: CloudFlare Inc., Date: None, Delay: -1 ms, Speed: 0.00 M/s, Resolution: None
Name: 东南卫视, URL: http://z.b.bkpcp.top/m.php?id=dnws, From: subscribe, IPv_Type: ipv6, Location: 美国, ISP: CloudFlare Inc., Date: None, Delay: -1 ms, Speed: 0.00 M/s, Resolution: None
Name: 东南卫视, URL: http://j.x.bkpcp.top/jx/DONGNHD, From: subscribe, IPv_Type: ipv6, Location: 美国, ISP: CloudFlare Inc., Date: None, Delay: -1 ms, Speed: 0.00 M/s, Resolution: None
Name: 东南卫视, URL: http://iptv.huuc.edu.cn/hls/dnhd.m3u8, From: subscribe, IPv_Type: ipv6, Location: 中国, ISP: 教育网, Date: None, Delay: -1 ms, Speed: 0.00 M/s, Resolution: None
Name: 东南卫视, URL: https://zby.130519.xyz/PLTV/11/224/3221225745/index.m3u8, From: subscribe, IPv_Type: ipv6, Location: 美国, ISP: CloudFlare Inc., Date: None, Delay: -1 ms, Speed: 0.00 M/s, Resolution: None
Name: 东南卫视, URL: http://[2409:8087:8:21::18]:6610/otttv.bj.chinamobile.com/PLTV/88888888/224/3221226991/1.m3u8?GuardEncType=2&accountinfo=%7E%7EV2.0%7EQ6F5Mjgs0tJyEArWFL3vQA%7EtP4-l0lmSfjwLWEfK_el1vH_mv-s1zo4AQJwdedaVwG9xkuFTDg8J26cwOrNJzn20BErrHdLhuZ9EzLUCD3PMW-OMx4MGteHV2vLeW6BqoY%2CEND, From: subscribe, IPv_Type: ipv6, Location: 中国, ISP: 中国移动, Date: None, Delay: -1 ms, Speed: 0.00 M/s, Resolution: None
Name: 东南卫视, URL: http://[2409:8087:1a01:df::4035]/TVOD/88888888/224/3221225950/main.m3u8, From: subscribe, IPv_Type: ipv6, Location: 中国, ISP: 中国移动, Date: None, Delay: -1 ms, Speed: 0.00 M/s, Resolution: None
Name: 东南卫视, URL: http://[2409:8087:1a01:df::4035]:80/TVOD/88888888/224/3221225950/main.m3u8, From: subscribe, IPv_Type: ipv6, Location: 中国, ISP: 中国移动, Date: None, Delay: -1 ms, Speed: 0.00 M/s, Resolution: None
Name: 东南卫视, URL: http://live.zohi.tv/video/s10001-fztv-3/index.m3u8, From: subscribe, IPv_Type: ipv6, Location: 中国, ISP: 中国电信, Date: None, Delay: -1 ms, Speed: 0.00 M/s, Resolution: None
Name: 东南卫视, URL: https://iptv.catvod.com/live.php?id=%E4%B8%9C%E5%8D%97%E5%8D%AB%E8%A7%86%E5%8F%B0, From: subscribe, IPv_Type: ipv6, Location: 美国, ISP: CloudFlare Inc., Date: None, Delay: -1 ms, Speed: 0.00 M/s, Resolution: None
Name: 东南卫视, URL: http://hwottcdn.ln.chinamobile.com/PLTV/11/224/3221227472/index.m3u8, From: subscribe, IPv_Type: ipv6, Location: 中国, ISP: 中国移动, Date: None, Delay: -1 ms, Speed: 0.00 M/s, Resolution: None
Name: 东南卫视, URL: http://rrs01.hw.gmcc.net:8088/PLTV/81/224/3221226675/1.m3u8, From: subscribe, IPv_Type: ipv6, Location: 中国, ISP: 中国移动, Date: None, Delay: -1 ms, Speed: 0.00 M/s, Resolution: None
Name: 东南卫视, URL: http://hwottcdn.ln.chinamobile.com/PLTV/11/224/3221226784/index.m3u8, From: subscribe, IPv_Type: ipv6, Location: 中国, ISP: 中国移动, Date: None, Delay: -1 ms, Speed: 0.00 M/s, Resolution: None
Name: 东南卫视, URL: http://hwottcdn.ln.chinamobile.com/PLTV/11/224/3221226186/index.m3u8, From: subscribe, IPv_Type: ipv6, Location: 中国, ISP: 中国移动, Date: None, Delay: -1 ms, Speed: 0.00 M/s, Resolution: None
Name: 东南卫视, URL: http://iptvrr.sh.chinamobile.com:6060/cms001/ch00000090990000001201/index.m3u8, From: subscribe, IPv_Type: ipv6, Location: 中国, ISP: 中国移动, Date: None, Delay: -1 ms, Speed: 0.00 M/s, Resolution: None
Name: 东南卫视, URL: http://hwltc.tv.cdn.zj.chinamobile.com/PLTV/88888888/224/3221236151/index.m3u8, From: subscribe, IPv_Type: ipv6, Location: 中国, ISP: 中国移动, Date: None, Delay: -1 ms, Speed: 0.00 M/s, Resolution: None
Name: 东南卫视, URL: http://k.061899.xyz/k.php?id=dnws, From: subscribe, IPv_Type: ipv6, Location: 新加坡, ISP: Aceville Pte.Ltd., Date: None, Delay: -1 ms, Speed: 0.00 M/s, Resolution: None
Name: 东南卫视, URL: http://tvgslb.hn.chinamobile.com:8089/180000001002/00000001000000000010000000040459/main.m3u8?stbid=, From: subscribe, IPv_Type: ipv6, Location: 中国, ISP: 中国移动, Date: None, Delay: -1 ms, Speed: 0.00 M/s, Resolution: None
Name: 东南卫视, URL: http://tvgslb.hn.chinamobile.com:8089/180000001002/00000000000000020000000000182255/main.m3u8?stbid=, From: subscribe, IPv_Type: ipv6, Location: 中国, ISP: 中国移动, Date: None, Delay: -1 ms, Speed: 0.00 M/s, Resolution: None
Name: 东南卫视, URL: http://ott.mobaibox.com/PLTV/3/224/3221227670/index.m3u8, From: subscribe, IPv_Type: ipv6, Location: 中国, ISP: 中国移动, Date: None, Delay: -1 ms, Speed: 0.00 M/s, Resolution: None
Name: 东南卫视, URL: http://rrs01.hw.gmcc.net:8088/PLTV/81/224/3221226670/1.m3u8, From: subscribe, IPv_Type: ipv6, Location: 中国, ISP: 中国移动, Date: None, Delay: -1 ms, Speed: 0.00 M/s, Resolution: None
Name: 东南卫视, URL: http://38.75.136.137:98/gslb/dsdqpub/dnwshd.m3u8?auth=testpub, From: subscribe, IPv_Type: ipv4, Location: 美国-伊利诺伊州-库克, ISP: Cogent, Date: None, Delay: 527 ms, Speed: 7.76 M/s, Resolution: 1920x1080
Name: 东南卫视, URL: http://38.75.136.137:98/gslb/dsdqca/dnwshd.m3u8?auth=test20251009, From: subscribe, IPv_Type: ipv4, Location: 美国-伊利诺伊州-库克, ISP: Cogent, Date: None, Delay: 567 ms, Speed: 6.93 M/s, Resolution: 1920x1080
Name: 东南卫视, URL: http://23.237.228.134/live8/gansu.m3u8, From: subscribe, IPv_Type: ipv4, Location: 北美地区, ISP: , Date: None, Delay: 347 ms, Speed: 6.11 M/s, Resolution: 1920x1080
Name: 东南卫视, URL: http://satellitepull.cnr.cn/live/wx32fjws/playlist.m3u8, From: subscribe, IPv_Type: ipv4, Location: 美国-伊利诺伊州-库克, ISP: 网宿CDN节点, Date: None, Delay: 143 ms, Speed: 0.66 M/s, Resolution: None
Name: 东南卫视, URL: https://iptv.catvod.com/live.php?id=%E4%B8%9C%E5%8D%97%E5%8D%AB%E8%A7%86, From: subscribe, IPv_Type: ipv4, Location: 美国-加利福尼亚州-洛杉矶, ISP: IT7网络, Date: None, Delay: 188 ms, Speed: 0.00 M/s, Resolution: 1920x1080
Name: 甘肃卫视, URL: http://[2409:8087:7000:20:1000::22]:6060/yinhe/2/ch00000090990000001059/index.m3u8?virtualDomain=yinhe.live_hls.zte.com, From: local, IPv_Type: ipv6, Location: 中国, ISP: 中国移动, Date: None, Delay: -1 ms, Speed: 0.00 M/s, Resolution: None
Name: 甘肃卫视, URL: http://live.zohi.tv/video/s10001-fztv-3/index.m3u8, From: subscribe, IPv_Type: ipv6, Location: 中国, ISP: 中国电信, Date: None, Delay: -1 ms, Speed: 0.00 M/s, Resolution: None
Name: 甘肃卫视, URL: http://php.jdshipin.com/TVOD/hnyd.php?id=200000001898/460000089800010098, From: subscribe, IPv_Type: ipv6, Location: 美国, ISP: CloudFlare Inc., Date: None, Delay: -1 ms, Speed: 0.00 M/s, Resolution: None
Name: 甘肃卫视, URL: http://z.b.bkpcp.top/m.php?id=gsws, From: subscribe, IPv_Type: ipv6, Location: 美国, ISP: CloudFlare Inc., Date: None, Delay: -1 ms, Speed: 0.00 M/s, Resolution: None
Name: 甘肃卫视, URL: http://j.x.bkpcp.top/jx/GSWS, From: subscribe, IPv_Type: ipv6, Location: 美国, ISP: CloudFlare Inc., Date: None, Delay: -1 ms, Speed: 0.00 M/s, Resolution: None
Name: 甘肃卫视, URL: http://3501776.xyz:35455/itv/5000000011000031121.m3u8?cdn=bestzb, From: subscribe, IPv_Type: ipv6, Location: 美国, ISP: CloudFlare Inc., Date: None, Delay: -1 ms, Speed: 0.00 M/s, Resolution: None
Name: 甘肃卫视, URL: http://goo.bkpcp.top/mg/gsws, From: subscribe, IPv_Type: ipv6, Location: 美国, ISP: CloudFlare Inc., Date: None, Delay: -1 ms, Speed: 0.00 M/s, Resolution: None
Name: 甘肃卫视, URL: https://zby.130519.xyz/PLTV/11/224/3221226090/index.m3u8, From: subscribe, IPv_Type: ipv6, Location: 美国, ISP: CloudFlare Inc., Date: None, Delay: -1 ms, Speed: 0.00 M/s, Resolution: None
Name: 甘肃卫视, URL: http://[2409:8087:8:21::18]:6610/otttv.bj.chinamobile.com/PLTV/88888888/224/3221227020/1.m3u8?GuardEncType=2&accountinfo=%7E%7EV2.0%7Err-CLugPnTcUinEM8JeySg%7EtP4-l0lmSfjwLWEfK_el1vH_mv-s1zo4AQJwdedaVwG9xkuFTDg8J26cwOrNJzn20BErrHdLhuZ9EzLUCD3PMW-OMx4MGteHV2vLeW6BqoY%2CEND, From: subscribe, IPv_Type: ipv6, Location: 中国, ISP: 中国移动, Date: None, Delay: -1 ms, Speed: 0.00 M/s, Resolution: None
Name: 甘肃卫视, URL: https://iptv.catvod.com/live.php?id=%E7%94%98%E8%82%83%E5%8D%AB%E8%A7%86%E5%8F%B0, From: subscribe, IPv_Type: ipv6, Location: 美国, ISP: CloudFlare Inc., Date: None, Delay: -1 ms, Speed: 0.00 M/s, Resolution: None
Name: 甘肃卫视, URL: https://iptv.catvod.com/live.php?id=%E7%94%98%E8%82%83%E5%8D%AB%E8%A7%86, From: subscribe, IPv_Type: ipv6, Location: 美国, ISP: CloudFlare Inc., Date: None, Delay: -1 ms, Speed: 0.00 M/s, Resolution: None
Name: 甘肃卫视, URL: http://iptvrr.sh.chinamobile.com:6060/cms001/ch00000090990000001298/index.m3u8, From: subscribe, IPv_Type: ipv6, Location: 中国, ISP: 中国移动, Date: None, Delay: -1 ms, Speed: 0.00 M/s, Resolution: None
Name: 甘肃卫视, URL: http://tvgslb.hn.chinamobile.com:8089/180000001002/00000000000000020000000000182276/main.m3u8?stbid=, From: subscribe, IPv_Type: ipv6, Location: 中国, ISP: 中国移动, Date: None, Delay: -1 ms, Speed: 0.00 M/s, Resolution: None
Name: 甘肃卫视, URL: http://rrs01.hw.gmcc.net:8088/PLTV/81/224/3221226662/1.m3u8, From: subscribe, IPv_Type: ipv6, Location: 中国, ISP: 中国移动, Date: None, Delay: -1 ms, Speed: 0.00 M/s, Resolution: None
Name: 甘肃卫视, URL: http://k.061899.xyz/k.php?id=gsws, From: subscribe, IPv_Type: ipv6, Location: 新加坡, ISP: Aceville Pte.Ltd., Date: None, Delay: -1 ms, Speed: 0.00 M/s, Resolution: None
Name: 甘肃卫视, URL: http://hwottcdn.ln.chinamobile.com/PLTV/11/224/3221226875/index.m3u8, From: subscribe, IPv_Type: ipv6, Location: 中国, ISP: 中国移动, Date: None, Delay: -1 ms, Speed: 0.00 M/s, Resolution: None
Name: 甘肃卫视, URL: http://hwottcdn.ln.chinamobile.com/PLTV/11/224/3221226166/index.m3u8, From: subscribe, IPv_Type: ipv6, Location: 中国, ISP: 中国移动, Date: None, Delay: -1 ms, Speed: 0.00 M/s, Resolution: None
Name: 甘肃卫视, URL: http://ott.mobaibox.com/PLTV/3/224/3221227568/index.m3u8, From: subscribe, IPv_Type: ipv6, Location: 中国, ISP: 中国移动, Date: None, Delay: -1 ms, Speed: 0.00 M/s, Resolution: None
Name: 甘肃卫视, URL: http://tvgslb.hn.chinamobile.com:8089/180000001002/00000001000000000050000000133802/main.m3u8?stbid=, From: subscribe, IPv_Type: ipv6, Location: 中国, ISP: 中国移动, Date: None, Delay: -1 ms, Speed: 0.00 M/s, Resolution: None
Name: 甘肃卫视, URL: http://hwltc.tv.cdn.zj.chinamobile.com/PLTV/88888888/224/3221236201/index.m3u8, From: subscribe, IPv_Type: ipv6, Location: 中国, ISP: 中国移动, Date: None, Delay: -1 ms, Speed: 0.00 M/s, Resolution: None
Name: 甘肃卫视, URL: http://38.75.136.137:98/gslb/dsdqpub/gswshd.m3u8?auth=testpub, From: subscribe, IPv_Type: ipv4, Location: 美国-伊利诺伊州-库克, ISP: Cogent, Date: None, Delay: 437 ms, Speed: 11.78 M/s, Resolution: 1920x1080
Name: 甘肃卫视, URL: http://satellitepull.cnr.cn/live/wxgsws/playlist.m3u8, From: subscribe, IPv_Type: ipv4, Location: 美国-伊利诺伊州-库克, ISP: 网宿CDN节点, Date: None, Delay: 141 ms, Speed: 0.66 M/s, Resolution: None
Name: 广东卫视, URL: http://[2409:8087:7000:20:1000::22]:6060/yinhe/2/ch00000090990000001337/index.m3u8?virtualDomain=yinhe.live_hls.zte.com, From: local, IPv_Type: ipv6, Location: 中国, ISP: 中国移动, Date: None, Delay: -1 ms, Speed: 0.00 M/s, Resolution: None
Name: 广东卫视, URL: http://php.jdshipin.com:8880/TVOD/gsyd.php?id=9900000520, From: subscribe, IPv_Type: ipv6, Location: 美国, ISP: CloudFlare Inc., Date: None, Delay: -1 ms, Speed: 0.00 M/s, Resolution: None
Name: 广东卫视, URL: http://z.b.bkpcp.top/m.php?id=gdws, From: subscribe, IPv_Type: ipv6, Location: 美国, ISP: CloudFlare Inc., Date: None, Delay: -1 ms, Speed: 0.00 M/s, Resolution: None
Name: 广东卫视, URL: http://j.x.bkpcp.top/jx/GUANGDHD, From: subscribe, IPv_Type: ipv6, Location: 美国, ISP: CloudFlare Inc., Date: None, Delay: -1 ms, Speed: 0.00 M/s, Resolution: None
Name: 广东卫视, URL: http://3501776.xyz:35455/itv/1000000005000265034.m3u8?cdn=ystenlive, From: subscribe, IPv_Type: ipv6, Location: 美国, ISP: CloudFlare Inc., Date: None, Delay: -1 ms, Speed: 0.00 M/s, Resolution: None
Name: 广东卫视, URL: http://goo.bkpcp.top/mg/gdws, From: subscribe, IPv_Type: ipv6, Location: 美国, ISP: CloudFlare Inc., Date: None, Delay: -1 ms, Speed: 0.00 M/s, Resolution: None
Name: 广东卫视, URL: http://iptv.huuc.edu.cn/hls/gdhd.m3u8, From: subscribe, IPv_Type: ipv6, Location: 中国, ISP: 教育网, Date: None, Delay: -1 ms, Speed: 0.00 M/s, Resolution: None
Name: 广东卫视, URL: https://zby.130519.xyz/PLTV/11/224/3221225731/index.m3u8, From: subscribe, IPv_Type: ipv6, Location: 美国, ISP: CloudFlare Inc., Date: None, Delay: -1 ms, Speed: 0.00 M/s, Resolution: None
Name: 广东卫视, URL: http://[2409:8087:1a0a:df::404b]/ottrrs.hl.chinamobile.com/TVOD/88888888/224/3221226248/index.m3u8, From: subscribe, IPv_Type: ipv6, Location: 中国, ISP: 中国移动, Date: None, Delay: -1 ms, Speed: 0.00 M/s, Resolution: None
Name: 广东卫视, URL: http://[2409:8087:1a01:df::4077]/ottrrs.hl.chinamobile.com/PLTV/88888888/8/3221226248/index.m3u8, From: subscribe, IPv_Type: ipv6, Location: 中国, ISP: 中国移动, Date: None, Delay: -1 ms, Speed: 0.00 M/s, Resolution: None
Name: 广东卫视, URL: http://[2409:8087:8:21::18]:6610/otttv.bj.chinamobile.com/PLTV/88888888/224/3221226238/1.m3u8, From: subscribe, IPv_Type: ipv6, Location: 中国, ISP: 中国移动, Date: None, Delay: -1 ms, Speed: 0.00 M/s, Resolution: None
Name: 广东卫视, URL: http://iptv.cdn.ha.chinamobile.com/PLTV/88888888/224/3221227201/index.m3u8, From: subscribe, IPv_Type: ipv6, Location: 中国, ISP: 中国移动, Date: None, Delay: -1 ms, Speed: 0.00 M/s, Resolution: None
Name: 广东卫视, URL: https://migu.188766.xyz/?migutoken=909bfa93d12827d52946a0007e36075a&id=%E5%B9%BF%E4%B8%9C%E5%8D%AB%E8%A7%86&type=yy, From: subscribe, IPv_Type: ipv6, Location: 美国, ISP: CloudFlare Inc., Date: None, Delay: -1 ms, Speed: 0.00 M/s, Resolution: None
Name: 广东卫视, URL: http://[2409:8087:8:21::18]:6610/otttv.bj.chinamobile.com/PLTV/88888888/224/3221226961/1.m3u8?GuardEncType=2&accountinfo=%7E%7EV2.0%7E2MGyx659D_aaDPP0qt3NgA%7EtP4-l0lmSfjwLWEfK_el1vH_mv-s1zo4AQJwdedaVwG9xkuFTDg8J26cwOrNJzn20BErrHdLhuZ9EzLUCD3PMW-OMx4MGteHV2vLeW6BqoY%2CEND, From: subscribe, IPv_Type: ipv6, Location: 中国, ISP: 中国移动, Date: None, Delay: -1 ms, Speed: 0.00 M/s, Resolution: None
Name: 广东卫视, URL: https://migu.188766.xyz/?migutoken=22fd2bad90fa040e105bc425ebfe1b48&id=%E5%B9%BF%E4%B8%9C%E5%8D%AB%E8%A7%86&type=yy, From: subscribe, IPv_Type: ipv6, Location: 美国, ISP: CloudFlare Inc., Date: None, Delay: -1 ms, Speed: 0.00 M/s, Resolution: None
Name: 广东卫视, URL: https://migu.188766.xyz/?migutoken=c4f35548fad83bb4208037235839dc82&id=%E5%B9%BF%E4%B8%9C%E5%8D%AB%E8%A7%86&type=yy, From: subscribe, IPv_Type: ipv6, Location: 美国, ISP: CloudFlare Inc., Date: None, Delay: -1 ms, Speed: 0.00 M/s, Resolution: None
Name: 广东卫视, URL: https://migu.188766.xyz/?migutoken=faa5cd6ee3faca9664d1eb790eb534e8&id=%E5%B9%BF%E4%B8%9C%E5%8D%AB%E8%A7%86&type=yy, From: subscribe, IPv_Type: ipv6, Location: 美国, ISP: CloudFlare Inc., Date: None, Delay: -1 ms, Speed: 0.00 M/s, Resolution: None
Name: 广东卫视, URL: https://migu.188766.xyz/?migutoken=e8e87a4f8558609e990109fee5ca77b0&id=%E5%B9%BF%E4%B8%9C%E5%8D%AB%E8%A7%86&type=yy, From: subscribe, IPv_Type: ipv6, Location: 美国, ISP: CloudFlare Inc., Date: None, Delay: -1 ms, Speed: 0.00 M/s, Resolution: None
Name: 广东卫视, URL: https://migu.188766.xyz/?migutoken=ef302375a16df6c29726a6f7e1276bd3&id=%E5%B9%BF%E4%B8%9C%E5%8D%AB%E8%A7%86&type=yy, From: subscribe, IPv_Type: ipv6, Location: 美国, ISP: CloudFlare Inc., Date: None, Delay: -1 ms, Speed: 0.00 M/s, Resolution: None
Name: 广东卫视, URL: https://migu.188766.xyz/?migutoken=d7085527f91032ec56500a3ca792095b&id=%E5%B9%BF%E4%B8%9C%E5%8D%AB%E8%A7%86&type=yy, From: subscribe, IPv_Type: ipv6, Location: 美国, ISP: CloudFlare Inc., Date: None, Delay: -1 ms, Speed: 0.00 M/s, Resolution: None
Name: 广东卫视, URL: https://iptv.catvod.com/live.php?id=%E5%B9%BF%E4%B8%9C%E5%8D%AB%E8%A7%86%E5%8F%B0, From: subscribe, IPv_Type: ipv6, Location: 美国, ISP: CloudFlare Inc., Date: None, Delay: -1 ms, Speed: 0.00 M/s, Resolution: None
Name: 广东卫视, URL: https://migu.188766.xyz/?migutoken=f2e8a19d59967ebbf0d01834ae07e0c7&id=%E5%B9%BF%E4%B8%9C%E5%8D%AB%E8%A7%86&type=yy, From: subscribe, IPv_Type: ipv6, Location: 美国, ISP: CloudFlare Inc., Date: None, Delay: -1 ms, Speed: 0.00 M/s, Resolution: None
Name: 广东卫视, URL: https://migu.188766.xyz/?migutoken=d9f630c674dc42cc69ef6dd72a3f4b90&id=%E5%B9%BF%E4%B8%9C%E5%8D%AB%E8%A7%86&type=yy, From: subscribe, IPv_Type: ipv6, Location: 美国, ISP: CloudFlare Inc., Date: None, Delay: -1 ms, Speed: 0.00 M/s, Resolution: None
Name: 广东卫视, URL: https://migu.188766.xyz/?migutoken=3c5534fe04e46dc0ca96c5bb47224f3e&id=%E5%B9%BF%E4%B8%9C%E5%8D%AB%E8%A7%86&type=yy, From: subscribe, IPv_Type: ipv6, Location: 美国, ISP: CloudFlare Inc., Date: None, Delay: -1 ms, Speed: 0.00 M/s, Resolution: None
Name: 广东卫视, URL: https://migu.188766.xyz/?migutoken=776b45aa4278fb679dd04e49ea4ceecf&id=%E5%B9%BF%E4%B8%9C%E5%8D%AB%E8%A7%86&type=yy, From: subscribe, IPv_Type: ipv6, Location: 美国, ISP: CloudFlare Inc., Date: None, Delay: -1 ms, Speed: 0.00 M/s, Resolution: None
Name: 广东卫视, URL: https://migu.188766.xyz/?migutoken=c92bff49b9305692513949be4c8ed317&id=%E5%B9%BF%E4%B8%9C%E5%8D%AB%E8%A7%86&type=yy, From: subscribe, IPv_Type: ipv6, Location: 美国, ISP: CloudFlare Inc., Date: None, Delay: -1 ms, Speed: 0.00 M/s, Resolution: None
Name: 广东卫视, URL: https://migu.188766.xyz/?migutoken=3bfe485bdb9876e9f91cee45effc3768&id=%E5%B9%BF%E4%B8%9C%E5%8D%AB%E8%A7%86&type=yy, From: subscribe, IPv_Type: ipv6, Location: 美国, ISP: CloudFlare Inc., Date: None, Delay: -1 ms, Speed: 0.00 M/s, Resolution: None
Name: 广东卫视, URL: https://migu.188766.xyz/?migutoken=1b6b5b3892394b58b777f24a07531848&id=%E5%B9%BF%E4%B8%9C%E5%8D%AB%E8%A7%86&type=yy, From: subscribe, IPv_Type: ipv6, Location: 美国, ISP: CloudFlare Inc., Date: None, Delay: -1 ms, Speed: 0.00 M/s, Resolution: None
Name: 广东卫视, URL: https://migu.188766.xyz/?migutoken=ca7a9257410a8ebe48bd6bb7acabe4a8&id=%E5%B9%BF%E4%B8%9C%E5%8D%AB%E8%A7%86&type=yy, From: subscribe, IPv_Type: ipv6, Location: 美国, ISP: CloudFlare Inc., Date: None, Delay: -1 ms, Speed: 0.00 M/s, Resolution: None
Name: 广东卫视, URL: https://migu.188766.xyz/?migutoken=7617591fc97a43bd09459ce3a0fbfffd&id=%E5%B9%BF%E4%B8%9C%E5%8D%AB%E8%A7%86&type=yy, From: subscribe, IPv_Type: ipv6, Location: 美国, ISP: CloudFlare Inc., Date: None, Delay: -1 ms, Speed: 0.00 M/s, Resolution: None
Name: 广东卫视, URL: https://migu.188766.xyz/?migutoken=cf936febf6367bfcf8ea49d3fe01bc95&id=%E5%B9%BF%E4%B8%9C%E5%8D%AB%E8%A7%86&type=yy, From: subscribe, IPv_Type: ipv6, Location: 美国, ISP: CloudFlare Inc., Date: None, Delay: -1 ms, Speed: 0.00 M/s, Resolution: None
Name: 广东卫视, URL: https://iptv.catvod.com/live.php?id=%E5%B9%BF%E4%B8%9C%E5%8D%AB%E8%A7%86, From: subscribe, IPv_Type: ipv6, Location: 美国, ISP: CloudFlare Inc., Date: None, Delay: -1 ms, Speed: 0.00 M/s, Resolution: None
Name: 广东卫视, URL: http://tvgslb.hn.chinamobile.com:8089/180000001002/00000001000000000010000000040391/main.m3u8?stbid=, From: subscribe, IPv_Type: ipv6, Location: 中国, ISP: 中国移动, Date: None, Delay: -1 ms, Speed: 0.00 M/s, Resolution: None
Name: 广东卫视, URL: http://hwltc.tv.cdn.zj.chinamobile.com/PLTV/88888888/224/3221236262/index.m3u8, From: subscribe, IPv_Type: ipv6, Location: 中国, ISP: 中国移动, Date: None, Delay: -1 ms, Speed: 0.00 M/s, Resolution: None
Name: 广东卫视, URL: http://hwottcdn.ln.chinamobile.com/PLTV/11/224/3221226878/index.m3u8, From: subscribe, IPv_Type: ipv6, Location: 中国, ISP: 中国移动, Date: None, Delay: -1 ms, Speed: 0.00 M/s, Resolution: None
Name: 广东卫视, URL: http://hwottcdn.ln.chinamobile.com/PLTV/11/224/3221226686/index.m3u8, From: subscribe, IPv_Type: ipv6, Location: 中国, ISP: 中国移动, Date: None, Delay: -1 ms, Speed: 0.00 M/s, Resolution: None
Name: 广东卫视, URL: http://hwottcdn.ln.chinamobile.com/PLTV/11/224/3221226167/index.m3u8, From: subscribe, IPv_Type: ipv6, Location: 中国, ISP: 中国移动, Date: None, Delay: -1 ms, Speed: 0.00 M/s, Resolution: None
Name: 广东卫视, URL: http://hwottcdn.ln.chinamobile.com/PLTV/11/224/3221226165/index.m3u8, From: subscribe, IPv_Type: ipv6, Location: 中国, ISP: 中国移动, Date: None, Delay: -1 ms, Speed: 0.00 M/s, Resolution: None
Name: 广东卫视, URL: http://k.061899.xyz/k.php?id=gdws, From: subscribe, IPv_Type: ipv6, Location: 新加坡, ISP: Aceville Pte.Ltd., Date: None, Delay: -1 ms, Speed: 0.00 M/s, Resolution: None
Name: 广东卫视, URL: http://hwottcdn.ln.chinamobile.com/PLTV/11/224/3221227318/index.m3u8, From: subscribe, IPv_Type: ipv6, Location: 中国, ISP: 中国移动, Date: None, Delay: -1 ms, Speed: 0.00 M/s, Resolution: None
Name: 广东卫视, URL: http://iptvrr.sh.chinamobile.com:6060/cms001/ch00000090990000001032/index.m3u8, From: subscribe, IPv_Type: ipv6, Location: 中国, ISP: 中国移动, Date: None, Delay: -1 ms, Speed: 0.00 M/s, Resolution: None
Name: 广东卫视, URL: http://tvgslb.hn.chinamobile.com:8089/180000001002/00000000000000020000000000182284/main.m3u8?stbid=, From: subscribe, IPv_Type: ipv6, Location: 中国, ISP: 中国移动, Date: None, Delay: -1 ms, Speed: 0.00 M/s, Resolution: None
Name: 广东卫视, URL: http://ott.mobaibox.com/PLTV/1/224/3221227476/index.m3u8, From: subscribe, IPv_Type: ipv6, Location: 中国, ISP: 中国移动, Date: None, Delay: -1 ms, Speed: 0.00 M/s, Resolution: None
Name: 广东卫视, URL: http://hwottcdn.ln.chinamobile.com/PLTV/11/224/3221226743/index.m3u8, From: subscribe, IPv_Type: ipv6, Location: 中国, ISP: 中国移动, Date: None, Delay: -1 ms, Speed: 0.00 M/s, Resolution: None
Name: 广东卫视, URL: https://migu.188766.xyz/?migutoken=5b2227e9e959fb2f15ee22adb0ee46bb&id=%E5%B9%BF%E4%B8%9C%E5%8D%AB%E8%A7%86&type=yy, From: subscribe, IPv_Type: ipv6, Location: 美国, ISP: CloudFlare Inc., Date: None, Delay: -1 ms, Speed: 0.00 M/s, Resolution: None
Name: 广东卫视, URL: https://migu.188766.xyz/?migutoken=700b8db7fd412dc303c79076a2ab504e&id=%E5%B9%BF%E4%B8%9C%E5%8D%AB%E8%A7%86&type=yy, From: subscribe, IPv_Type: ipv6, Location: 美国, ISP: CloudFlare Inc., Date: None, Delay: -1 ms, Speed: 0.00 M/s, Resolution: None
Name: 广东卫视, URL: https://migu.188766.xyz/?migutoken=b17a0ac9628b29fadb745c2a1ef91af2&id=%E5%B9%BF%E4%B8%9C%E5%8D%AB%E8%A7%86&type=yy, From: subscribe, IPv_Type: ipv6, Location: 美国, ISP: CloudFlare Inc., Date: None, Delay: -1 ms, Speed: 0.00 M/s, Resolution: None
Name: 广东卫视, URL: http://38.75.136.137:98/gslb/dsdqpub/gdwshd.m3u8?auth=testpub, From: subscribe, IPv_Type: ipv4, Location: 美国-伊利诺伊州-库克, ISP: Cogent, Date: None, Delay: 304 ms, Speed: 13.99 M/s, Resolution: 1920x1080
Name: 广东卫视, URL: http://23.237.228.134/live6/guangdong.m3u8, From: subscribe, IPv_Type: ipv4, Location: 北美地区, ISP: , Date: None, Delay: 375 ms, Speed: 7.53 M/s, Resolution: 1920x1080
Name: 广东卫视, URL: http://satellitepull.cnr.cn/live/wxgdws/playlist.m3u8, From: subscribe, IPv_Type: ipv4, Location: 美国-伊利诺伊州-库克, ISP: 网宿CDN节点, Date: None, Delay: 142 ms, Speed: 0.68 M/s, Resolution: None
Name: 广西卫视, URL: http://[2409:8087:2001:20:2800:0:df6e:eb04]:80/ott.mobaibox.com/PLTV/4/224/3221228183/index.m3u8, From: local, IPv_Type: ipv6, Location: 中国, ISP: 中国移动, Date: None, Delay: -1 ms, Speed: 0.00 M/s, Resolution: None
Name: 广西卫视, URL: http://php.jdshipin.com/TVOD/hljyd.php?id=3221226549, From: subscribe, IPv_Type: ipv6, Location: 美国, ISP: CloudFlare Inc., Date: None, Delay: -1 ms, Speed: 0.00 M/s, Resolution: None
Name: 广西卫视, URL: http://z.b.bkpcp.top/m.php?id=gxws, From: subscribe, IPv_Type: ipv6, Location: 美国, ISP: CloudFlare Inc., Date: None, Delay: -1 ms, Speed: 0.00 M/s, Resolution: None
Name: 广西卫视, URL: http://3501776.xyz:35455/itv/5000000011000031118.m3u8?cdn=bestzb, From: subscribe, IPv_Type: ipv6, Location: 美国, ISP: CloudFlare Inc., Date: None, Delay: -1 ms, Speed: 0.00 M/s, Resolution: None
Name: 广西卫视, URL: https://mobilelive.gxtv.cn/live/gx_live1004/playlist.m3u8, From: subscribe, IPv_Type: ipv6, Location: 加拿大, ISP: , Date: None, Delay: -1 ms, Speed: 0.00 M/s, Resolution: None
Name: 广西卫视, URL: http://goo.bkpcp.top/mg/gxws, From: subscribe, IPv_Type: ipv6, Location: 美国, ISP: CloudFlare Inc., Date: None, Delay: -1 ms, Speed: 0.00 M/s, Resolution: None
Name: 广西卫视, URL: http://live.cztv.cc:85/live/ggpd.m3u8, From: subscribe, IPv_Type: ipv6, Location: 中国, ISP: 中国移动, Date: None, Delay: -1 ms, Speed: 0.00 M/s, Resolution: None
Name: 广西卫视, URL: https://zby.130519.xyz/PLTV/11/224/3221226084/index.m3u8, From: subscribe, IPv_Type: ipv6, Location: 美国, ISP: CloudFlare Inc., Date: None, Delay: -1 ms, Speed: 0.00 M/s, Resolution: None
Name: 广西卫视, URL: https://zby.130519.xyz/PLTV/11/224/3221226130/index.m3u8, From: subscribe, IPv_Type: ipv6, Location: 美国, ISP: CloudFlare Inc., Date: None, Delay: -1 ms, Speed: 0.00 M/s, Resolution: None
Name: 广西卫视, URL: https://hlscdn.liangtv.cn/live/de0f97348eb84f62aa6b7d8cf0430770/dd505d87880c478f901f38560ca4d4e6.m3u8, From: subscribe, IPv_Type: ipv6, Location: 加拿大, ISP: , Date: None, Delay: -1 ms, Speed: 0.00 M/s, Resolution: None
Name: 广西卫视, URL: https://hlscdn.liangtv.cn/live/0c4ef3a44b934cacb8b47121dfada66c/d7e04258157b480dae53883cc6f8123b.m3u8, From: subscribe, IPv_Type: ipv6, Location: 加拿大, ISP: , Date: None, Delay: -1 ms, Speed: 0.00 M/s, Resolution: None
Name: 广西卫视, URL: http://[2409:8087:8:21::18]:6610/otttv.bj.chinamobile.com/PLTV/88888888/224/3221227010/1.m3u8?GuardEncType=2&accountinfo=%7E%7EV2.0%7EkAhb-89sxdm9fz6-heXCuw%7EtP4-l0lmSfjwLWEfK_el1vH_mv-s1zo4AQJwdedaVwG9xkuFTDg8J26cwOrNJzn20BErrHdLhuZ9EzLUCD3PMW-OMx4MGteHV2vLeW6BqoY%2CEND, From: subscribe, IPv_Type: ipv6, Location: 中国, ISP: 中国移动, Date: None, Delay: -1 ms, Speed: 0.00 M/s, Resolution: None
Name: 广西卫视, URL: http://[2409:8087:1a01:df::4047]:80/TVOD/88888888/224/3221226091/main.m3u8, From: subscribe, IPv_Type: ipv6, Location: 中国, ISP: 中国移动, Date: None, Delay: -1 ms, Speed: 0.00 M/s, Resolution: None
Name: 广西卫视, URL: https://iptv.catvod.com/live.php?id=%E5%B9%BF%E8%A5%BF%E5%8D%AB%E8%A7%86%E5%8F%B0, From: subscribe, IPv_Type: ipv6, Location: 美国, ISP: CloudFlare Inc., Date: None, Delay: -1 ms, Speed: 0.00 M/s, Resolution: None
Name: 广西卫视, URL: https://iptv.catvod.com/live.php?id=%E5%B9%BF%E8%A5%BF%E5%8D%AB%E8%A7%86, From: subscribe, IPv_Type: ipv6, Location: 美国, ISP: CloudFlare Inc., Date: None, Delay: -1 ms, Speed: 0.00 M/s, Resolution: None
Name: 广西卫视, URL: http://tvgslb.hn.chinamobile.com:8089/180000001002/00000001000000000090000000215605/main.m3u8?stbid=, From: subscribe, IPv_Type: ipv6, Location: 中国, ISP: 中国移动, Date: None, Delay: -1 ms, Speed: 0.00 M/s, Resolution: None
Name: 广西卫视, URL: http://iptvrr.sh.chinamobile.com:6060/cms001/ch00000090990000001224/index.m3u8, From: subscribe, IPv_Type: ipv6, Location: 中国, ISP: 中国移动, Date: None, Delay: -1 ms, Speed: 0.00 M/s, Resolution: None
Name: 广西卫视, URL: http://rrs01.hw.gmcc.net:8088/PLTV/81/224/3221226681/1.m3u8, From: subscribe, IPv_Type: ipv6, Location: 中国, ISP: 中国移动, Date: None, Delay: -1 ms, Speed: 0.00 M/s, Resolution: None
Name: 广西卫视, URL: http://k.061899.xyz/k.php?id=gxws, From: subscribe, IPv_Type: ipv6, Location: 新加坡, ISP: Aceville Pte.Ltd., Date: None, Delay: -1 ms, Speed: 0.00 M/s, Resolution: None
Name: 广西卫视, URL: http://tvgslb.hn.chinamobile.com:8089/180000001002/00000000000000020000000000182256/main.m3u8?stbid=, From: subscribe, IPv_Type: ipv6, Location: 中国, ISP: 中国移动, Date: None, Delay: -1 ms, Speed: 0.00 M/s, Resolution: None
Name: 广西卫视, URL: http://hwottcdn.ln.chinamobile.com/PLTV/11/224/3221226150/index.m3u8, From: subscribe, IPv_Type: ipv6, Location: 中国, ISP: 中国移动, Date: None, Delay: -1 ms, Speed: 0.00 M/s, Resolution: None
Name: 广西卫视, URL: http://hwottcdn.ln.chinamobile.com/PLTV/11/224/3221227411/index.m3u8, From: subscribe, IPv_Type: ipv6, Location: 中国, ISP: 中国移动, Date: None, Delay: -1 ms, Speed: 0.00 M/s, Resolution: None
Name: 广西卫视, URL: http://hwltc.tv.cdn.zj.chinamobile.com/PLTV/88888888/224/3221236263/index.m3u8, From: subscribe, IPv_Type: ipv6, Location: 中国, ISP: 中国移动, Date: None, Delay: -1 ms, Speed: 0.00 M/s, Resolution: None
Name: 广西卫视, URL: http://ott.mobaibox.com/PLTV/3/224/3221228183/index.m3u8, From: subscribe, IPv_Type: ipv6, Location: 中国, ISP: 中国移动, Date: None, Delay: -1 ms, Speed: 0.00 M/s, Resolution: None
Name: 广西卫视, URL: http://hwottcdn.ln.chinamobile.com/PLTV/11/224/3221226830/index.m3u8, From: subscribe, IPv_Type: ipv6, Location: 中国, ISP: 中国移动, Date: None, Delay: -1 ms, Speed: 0.00 M/s, Resolution: None
Name: 广西卫视, URL: https://zby.130519.xyz/PLTV/11/224/3221226130/index.m3u8, From: subscribe, IPv_Type: ipv6, Location: 美国, ISP: CloudFlare Inc., Date: None, Delay: -1 ms, Speed: 0.00 M/s, Resolution: None
Name: 广西卫视, URL: http://38.75.136.137:98/gslb/dsdqpub/gxwshd.m3u8?auth=testpub, From: subscribe, IPv_Type: ipv4, Location: 美国-伊利诺伊州-库克, ISP: Cogent, Date: None, Delay: 344 ms, Speed: 10.95 M/s, Resolution: 1920x1080
Name: 广西卫视, URL: http://38.75.136.137:98/gslb/dsdqca/gxwshd.m3u8?auth=test20251009, From: subscribe, IPv_Type: ipv4, Location: 美国-伊利诺伊州-库克, ISP: Cogent, Date: None, Delay: 481 ms, Speed: 7.91 M/s, Resolution: 1920x1080
Name: 广西卫视, URL: http://23.237.228.134/live6/guangxi.m3u8, From: subscribe, IPv_Type: ipv4, Location: 北美地区, ISP: , Date: None, Delay: 349 ms, Speed: 5.42 M/s, Resolution: 1920x1080
Name: 广西卫视, URL: http://23.237.228.134/live6/guizhou.m3u8, From: subscribe, IPv_Type: ipv4, Location: 北美地区, ISP: , Date: None, Delay: 1808 ms, Speed: 2.42 M/s, Resolution: 1920x1080
Name: 贵州卫视, URL: http://[2409:8087:2001:20:2800:0:df6e:eb09]:80/ott.mobaibox.com/PLTV/4/224/3221228136/index.m3u8, From: local, IPv_Type: ipv6, Location: 中国, ISP: 中国移动, Date: None, Delay: -1 ms, Speed: 0.00 M/s, Resolution: None
Name: 贵州卫视, URL: http://php.jdshipin.com/TVOD/hljyd.php?id=3221226474, From: subscribe, IPv_Type: ipv6, Location: 美国, ISP: CloudFlare Inc., Date: None, Delay: -1 ms, Speed: 0.00 M/s, Resolution: None
Name: 贵州卫视, URL: http://z.b.bkpcp.top/m.php?id=gzws, From: subscribe, IPv_Type: ipv6, Location: 美国, ISP: CloudFlare Inc., Date: None, Delay: -1 ms, Speed: 0.00 M/s, Resolution: None
Name: 贵州卫视, URL: http://j.x.bkpcp.top/jx/GUIZHD, From: subscribe, IPv_Type: ipv6, Location: 美国, ISP: CloudFlare Inc., Date: None, Delay: -1 ms, Speed: 0.00 M/s, Resolution: None
Name: 贵州卫视, URL: http://3501776.xyz:35455/itv/5000000004000025843.m3u8?cdn=bestzb, From: subscribe, IPv_Type: ipv6, Location: 美国, ISP: CloudFlare Inc., Date: None, Delay: -1 ms, Speed: 0.00 M/s, Resolution: None
Name: 贵州卫视, URL: http://goo.bkpcp.top/mg/gzws, From: subscribe, IPv_Type: ipv6, Location: 美国, ISP: CloudFlare Inc., Date: None, Delay: -1 ms, Speed: 0.00 M/s, Resolution: None
Name: 贵州卫视, URL: https://zby.130519.xyz/PLTV/11/224/3221226173/index.m3u8, From: subscribe, IPv_Type: ipv6, Location: 美国, ISP: CloudFlare Inc., Date: None, Delay: -1 ms, Speed: 0.00 M/s, Resolution: None
Name: 贵州卫视, URL: http://[2409:8087:8:21::18]:6610/otttv.bj.chinamobile.com/PLTV/88888888/224/3221227012/1.m3u8?GuardEncType=2&accountinfo=%7E%7EV2.0%7EnqBF03rFwPucF8ODtWxLQQ%7EtP4-l0lmSfjwLWEfK_el1vH_mv-s1zo4AQJwdedaVwG9xkuFTDg8J26cwOrNJzn20BErrHdLhuZ9EzLUCD3PMW-OMx4MGteHV2vLeW6BqoY%2CEND, From: subscribe, IPv_Type: ipv6, Location: 中国, ISP: 中国移动, Date: None, Delay: -1 ms, Speed: 0.00 M/s, Resolution: None
Name: 贵州卫视, URL: http://[2409:8087:1a01:df::4030]:80/TVOD/88888888/224/3221225974/main.m3u8, From: subscribe, IPv_Type: ipv6, Location: 中国, ISP: 中国移动, Date: None, Delay: -1 ms, Speed: 0.00 M/s, Resolution: None
Name: 贵州卫视, URL: http://[2409:8087:1a01:df::4077]/ottrrs.hl.chinamobile.com/PLTV/88888888/8/3221226474/index.m3u8, From: subscribe, IPv_Type: ipv6, Location: 中国, ISP: 中国移动, Date: None, Delay: -1 ms, Speed: 0.00 M/s, Resolution: None
Name: 贵州卫视, URL: https://iptv.catvod.com/live.php?id=%E8%B4%B5%E5%B7%9E%E5%8D%AB%E8%A7%86%E5%8F%B0, From: subscribe, IPv_Type: ipv6, Location: 美国, ISP: CloudFlare Inc., Date: None, Delay: -1 ms, Speed: 0.00 M/s, Resolution: None
Name: 贵州卫视, URL: http://hwltc.tv.cdn.zj.chinamobile.com/PLTV/88888888/224/3221236236/index.m3u8, From: subscribe, IPv_Type: ipv6, Location: 中国, ISP: 中国移动, Date: None, Delay: -1 ms, Speed: 0.00 M/s, Resolution: None
Name: 贵州卫视, URL: http://tvgslb.hn.chinamobile.com:8089/180000001002/00000000000000020000000000182262/main.m3u8?stbid=, From: subscribe, IPv_Type: ipv6, Location: 中国, ISP: 中国移动, Date: None, Delay: -1 ms, Speed: 0.00 M/s, Resolution: None
Name: 贵州卫视, URL: http://rrs01.hw.gmcc.net:8088/PLTV/81/224/3221226676/1.m3u8, From: subscribe, IPv_Type: ipv6, Location: 中国, ISP: 中国移动, Date: None, Delay: -1 ms, Speed: 0.00 M/s, Resolution: None
Name: 贵州卫视, URL: http://tvgslb.hn.chinamobile.com:8089/180000001002/00000001000000000010000000040424/main.m3u8?stbid=, From: subscribe, IPv_Type: ipv6, Location: 中国, ISP: 中国移动, Date: None, Delay: -1 ms, Speed: 0.00 M/s, Resolution: None
Name: 贵州卫视, URL: http://rrs01.hw.gmcc.net:8088/PLTV/81/224/3221226672/1.m3u8, From: subscribe, IPv_Type: ipv6, Location: 中国, ISP: 中国移动, Date: None, Delay: -1 ms, Speed: 0.00 M/s, Resolution: None
Name: 贵州卫视, URL: http://hwottcdn.ln.chinamobile.com/PLTV/11/224/3221226164/index.m3u8, From: subscribe, IPv_Type: ipv6, Location: 中国, ISP: 中国移动, Date: None, Delay: -1 ms, Speed: 0.00 M/s, Resolution: None
Name: 贵州卫视, URL: http://ott.mobaibox.com/PLTV/3/224/3221228136/index.m3u8, From: subscribe, IPv_Type: ipv6, Location: 中国, ISP: 中国移动, Date: None, Delay: -1 ms, Speed: 0.00 M/s, Resolution: None
Name: 贵州卫视, URL: http://k.061899.xyz/k.php?id=gzws, From: subscribe, IPv_Type: ipv6, Location: 新加坡, ISP: Aceville Pte.Ltd., Date: None, Delay: -1 ms, Speed: 0.00 M/s, Resolution: None
Name: 贵州卫视, URL: http://hwottcdn.ln.chinamobile.com/PLTV/11/224/3221226874/index.m3u8, From: subscribe, IPv_Type: ipv6, Location: 中国, ISP: 中国移动, Date: None, Delay: -1 ms, Speed: 0.00 M/s, Resolution: None
Name: 贵州卫视, URL: http://iptvrr.sh.chinamobile.com:6060/cms001/ch00000090990000001184/index.m3u8, From: subscribe, IPv_Type: ipv6, Location: 中国, ISP: 中国移动, Date: None, Delay: -1 ms, Speed: 0.00 M/s, Resolution: None
Name: 贵州卫视, URL: http://38.75.136.137:98/gslb/dsdqpub/gzwshd.m3u8?auth=testpub, From: subscribe, IPv_Type: ipv4, Location: 美国-伊利诺伊州-库克, ISP: Cogent, Date: None, Delay: 569 ms, Speed: 9.02 M/s, Resolution: 1920x1080
Name: 贵州卫视, URL: http://23.237.228.134/live6/hainan.m3u8, From: subscribe, IPv_Type: ipv4, Location: 北美地区, ISP: , Date: None, Delay: 363 ms, Speed: 7.02 M/s, Resolution: 1920x1080
Name: 贵州卫视, URL: http://satellitepull.cnr.cn/live/wx32gzws/playlist.m3u8, From: subscribe, IPv_Type: ipv4, Location: 美国-伊利诺伊州-库克, ISP: 网宿CDN节点, Date: None, Delay: 143 ms, Speed: 0.67 M/s, Resolution: None
Name: 贵州卫视, URL: https://iptv.catvod.com/live.php?id=%E8%B4%B5%E5%B7%9E%E5%8D%AB%E8%A7%86, From: subscribe, IPv_Type: ipv4, Location: 美国-加利福尼亚州-洛杉矶, ISP: IT7网络, Date: None, Delay: 182 ms, Speed: 0.00 M/s, Resolution: 1920x1080
Name: 海南卫视, URL: http://[2409:8087:2001:20:2800:0:df6e:eb09]:80/ott.mobaibox.com/PLTV/4/224/3221228139/index.m3u8, From: local, IPv_Type: ipv6, Location: 中国, ISP: 中国移动, Date: None, Delay: -1 ms, Speed: 0.00 M/s, Resolution: None
Name: 海南卫视, URL: http://php.jdshipin.com/TVOD/hnyd.php?id=200000001898/460000089800010083, From: subscribe, IPv_Type: ipv6, Location: 美国, ISP: CloudFlare Inc., Date: None, Delay: -1 ms, Speed: 0.00 M/s, Resolution: None
Name: 海南卫视, URL: http://z.b.bkpcp.top/m.php?id=hinws, From: subscribe, IPv_Type: ipv6, Location: 美国, ISP: CloudFlare Inc., Date: None, Delay: -1 ms, Speed: 0.00 M/s, Resolution: None
Name: 海南卫视, URL: http://j.x.bkpcp.top/jx/HAINHD, From: subscribe, IPv_Type: ipv6, Location: 美国, ISP: CloudFlare Inc., Date: None, Delay: -1 ms, Speed: 0.00 M/s, Resolution: None
Name: 海南卫视, URL: http://3501776.xyz:35455/itv/5000000004000006211.m3u8?cdn=bestzb, From: subscribe, IPv_Type: ipv6, Location: 美国, ISP: CloudFlare Inc., Date: None, Delay: -1 ms, Speed: 0.00 M/s, Resolution: None
Name: 海南卫视, URL: http://goo.bkpcp.top/mg/hinws, From: subscribe, IPv_Type: ipv6, Location: 美国, ISP: CloudFlare Inc., Date: None, Delay: -1 ms, Speed: 0.00 M/s, Resolution: None
Name: 海南卫视, URL: https://zby.130519.xyz/PLTV/11/224/3221226154/index.m3u8, From: subscribe, IPv_Type: ipv6, Location: 美国, ISP: CloudFlare Inc., Date: None, Delay: -1 ms, Speed: 0.00 M/s, Resolution: None
Name: 海南卫视, URL: https://migu.188766.xyz/?migutoken=16ddd4b49e73e2e38d20238757371cfe&id=hn_hnws&type=sz, From: subscribe, IPv_Type: ipv6, Location: 美国, ISP: CloudFlare Inc., Date: None, Delay: -1 ms, Speed: 0.00 M/s, Resolution: None
Name: 海南卫视, URL: https://migu.188766.xyz/?migutoken=a99baa36c58d57ba8ecbb0c9068dbb72&id=%E6%B5%B7%E5%8D%97%E5%8D%AB%E8%A7%86&type=yy, From: subscribe, IPv_Type: ipv6, Location: 美国, ISP: CloudFlare Inc., Date: None, Delay: -1 ms, Speed: 0.00 M/s, Resolution: None
Name: 海南卫视, URL: https://iptv.catvod.com/live.php?id=%E6%B5%B7%E5%8D%97%E5%8D%AB%E8%A7%86, From: subscribe, IPv_Type: ipv6, Location: 美国, ISP: CloudFlare Inc., Date: None, Delay: -1 ms, Speed: 0.00 M/s, Resolution: None
Name: 海南卫视, URL: http://live.wqwqwq.sbs/itv/5000000004000006211.m3u8?cdn=bestzb, From: subscribe, IPv_Type: ipv6, Location: 美国, ISP: CloudFlare Inc., Date: None, Delay: -1 ms, Speed: 0.00 M/s, Resolution: None
Name: 海南卫视, URL: http://[2409:8087:8:21::18]:6610/otttv.bj.chinamobile.com/PLTV/88888888/224/3221227029/1.m3u8?GuardEncType=2&accountinfo=%7E%7EV2.0%7EEuBMjt2kLMD8fAO7QYER7Q%7EtP4-l0lmSfjwLWEfK_el1vH_mv-s1zo4AQJwdedaVwG9xkuFTDg8J26cwOrNJzn20BErrHdLhuZ9EzLUCD3PMW-OMx4MGteHV2vLeW6BqoY%2CEND, From: subscribe, IPv_Type: ipv6, Location: 中国, ISP: 中国移动, Date: None, Delay: -1 ms, Speed: 0.00 M/s, Resolution: None
Name: 海南卫视, URL: http://[2409:8087:1a01:df::4077]/ottrrs.hl.chinamobile.com/PLTV/88888888/8/3221226465/index.m3u8, From: subscribe, IPv_Type: ipv6, Location: 中国, ISP: 中国移动, Date: None, Delay: -1 ms, Speed: 0.00 M/s, Resolution: None
Name: 海南卫视, URL: https://migu.188766.xyz/?migutoken=4b7b54a7282cbf2898e7306c8bc2798b&id=hn_hnws&type=sz, From: subscribe, IPv_Type: ipv6, Location: 美国, ISP: CloudFlare Inc., Date: None, Delay: -1 ms, Speed: 0.00 M/s, Resolution: None
Name: 海南卫视, URL: https://migu.188766.xyz/?migutoken=e919284a7c05e58b65d7d2c4dc206292&id=%E6%B5%B7%E5%8D%97%E5%8D%AB%E8%A7%86&type=yy, From: subscribe, IPv_Type: ipv6, Location: 美国, ISP: CloudFlare Inc., Date: None, Delay: -1 ms, Speed: 0.00 M/s, Resolution: None
Name: 海南卫视, URL: https://migu.188766.xyz/?migutoken=18681fd45049b362936e4aef868a4daf&id=hn_hnws&type=sz, From: subscribe, IPv_Type: ipv6, Location: 美国, ISP: CloudFlare Inc., Date: None, Delay: -1 ms, Speed: 0.00 M/s, Resolution: None
Name: 海南卫视, URL: https://migu.188766.xyz/?migutoken=284ca61324e63055e79ddfce6f3d5639&id=%E6%B5%B7%E5%8D%97%E5%8D%AB%E8%A7%86&type=yy, From: subscribe, IPv_Type: ipv6, Location: 美国, ISP: CloudFlare Inc., Date: None, Delay: -1 ms, Speed: 0.00 M/s, Resolution: None
Name: 海南卫视, URL: https://migu.188766.xyz/?migutoken=5fe506dbaa5bdc14d8c29465d360cbd7&id=hn_hnws&type=sz, From: subscribe, IPv_Type: ipv6, Location: 美国, ISP: CloudFlare Inc., Date: None, Delay: -1 ms, Speed: 0.00 M/s, Resolution: None
Name: 海南卫视, URL: https://migu.188766.xyz/?migutoken=56c3933827582e32d1e9063efeb98e12&id=%E6%B5%B7%E5%8D%97%E5%8D%AB%E8%A7%86&type=yy, From: subscribe, IPv_Type: ipv6, Location: 美国, ISP: CloudFlare Inc., Date: None, Delay: -1 ms, Speed: 0.00 M/s, Resolution: None
Name: 海南卫视, URL: https://migu.188766.xyz/?migutoken=073c3ce3aeef35f4b595e14c20ba0af6&id=hn_hnws&type=sz, From: subscribe, IPv_Type: ipv6, Location: 美国, ISP: CloudFlare Inc., Date: None, Delay: -1 ms, Speed: 0.00 M/s, Resolution: None
Name: 海南卫视, URL: https://migu.188766.xyz/?migutoken=db137549705a37a4557f24085d52a538&id=%E6%B5%B7%E5%8D%97%E5%8D%AB%E8%A7%86&type=yy, From: subscribe, IPv_Type: ipv6, Location: 美国, ISP: CloudFlare Inc., Date: None, Delay: -1 ms, Speed: 0.00 M/s, Resolution: None
Name: 海南卫视, URL: https://migu.188766.xyz/?migutoken=411c9f0c05068e2de4221e3dd248eed2&id=hn_hnws&type=sz, From: subscribe, IPv_Type: ipv6, Location: 美国, ISP: CloudFlare Inc., Date: None, Delay: -1 ms, Speed: 0.00 M/s, Resolution: None
Name: 海南卫视, URL: https://migu.188766.xyz/?migutoken=a5134dc760df741fe06445e90af0537d&id=%E6%B5%B7%E5%8D%97%E5%8D%AB%E8%A7%86&type=yy, From: subscribe, IPv_Type: ipv6, Location: 美国, ISP: CloudFlare Inc., Date: None, Delay: -1 ms, Speed: 0.00 M/s, Resolution: None
Name: 海南卫视, URL: https://migu.188766.xyz/?migutoken=893171fefe2cba3487f0ab5b47168df2&id=hn_hnws&type=sz, From: subscribe, IPv_Type: ipv6, Location: 美国, ISP: CloudFlare Inc., Date: None, Delay: -1 ms, Speed: 0.00 M/s, Resolution: None
Name: 海南卫视, URL: https://migu.188766.xyz/?migutoken=691b2ba66517c618164d2daf475e4328&id=%E6%B5%B7%E5%8D%97%E5%8D%AB%E8%A7%86&type=yy, From: subscribe, IPv_Type: ipv6, Location: 美国, ISP: CloudFlare Inc., Date: None, Delay: -1 ms, Speed: 0.00 M/s, Resolution: None
Name: 海南卫视, URL: https://migu.188766.xyz/?migutoken=3b44fcf2e5e5a2acaf3c324ce881861c&id=hn_hnws&type=sz, From: subscribe, IPv_Type: ipv6, Location: 美国, ISP: CloudFlare Inc., Date: None, Delay: -1 ms, Speed: 0.00 M/s, Resolution: None
Name: 海南卫视, URL: https://migu.188766.xyz/?migutoken=9e0aa13133f2472448b7cb874873a70b&id=%E6%B5%B7%E5%8D%97%E5%8D%AB%E8%A7%86&type=yy, From: subscribe, IPv_Type: ipv6, Location: 美国, ISP: CloudFlare Inc., Date: None, Delay: -1 ms, Speed: 0.00 M/s, Resolution: None
Name: 海南卫视, URL: https://migu.188766.xyz/?migutoken=10c99090273c28e9762594ea59a3204d&id=hn_hnws&type=sz, From: subscribe, IPv_Type: ipv6, Location: 美国, ISP: CloudFlare Inc., Date: None, Delay: -1 ms, Speed: 0.00 M/s, Resolution: None
Name: 海南卫视, URL: https://migu.188766.xyz/?migutoken=a6aea94867cd3d3a43e24f90082d5ee0&id=%E6%B5%B7%E5%8D%97%E5%8D%AB%E8%A7%86&type=yy, From: subscribe, IPv_Type: ipv6, Location: 美国, ISP: CloudFlare Inc., Date: None, Delay: -1 ms, Speed: 0.00 M/s, Resolution: None
Name: 海南卫视, URL: https://migu.188766.xyz/?migutoken=228316523dfe61f23c969dc86c4acf4f&id=hn_hnws&type=sz, From: subscribe, IPv_Type: ipv6, Location: 美国, ISP: CloudFlare Inc., Date: None, Delay: -1 ms, Speed: 0.00 M/s, Resolution: None
Name: 海南卫视, URL: https://migu.188766.xyz/?migutoken=5b55e12ae199fcc8ef344d0bbbc006bf&id=%E6%B5%B7%E5%8D%97%E5%8D%AB%E8%A7%86&type=yy, From: subscribe, IPv_Type: ipv6, Location: 美国, ISP: CloudFlare Inc., Date: None, Delay: -1 ms, Speed: 0.00 M/s, Resolution: None
Name: 海南卫视, URL: https://migu.188766.xyz/?migutoken=70a570a3437f2b18efb68cabd121cec8&id=hn_hnws&type=sz, From: subscribe, IPv_Type: ipv6, Location: 美国, ISP: CloudFlare Inc., Date: None, Delay: -1 ms, Speed: 0.00 M/s, Resolution: None
Name: 海南卫视, URL: https://migu.188766.xyz/?migutoken=7664fea30a30f09c9eb868f1e060f125&id=%E6%B5%B7%E5%8D%97%E5%8D%AB%E8%A7%86&type=yy, From: subscribe, IPv_Type: ipv6, Location: 美国, ISP: CloudFlare Inc., Date: None, Delay: -1 ms, Speed: 0.00 M/s, Resolution: None
Name: 海南卫视, URL: https://migu.188766.xyz/?migutoken=e7282ed9538e3ea86644f48faa4fd32b&id=hn_hnws&type=sz, From: subscribe, IPv_Type: ipv6, Location: 美国, ISP: CloudFlare Inc., Date: None, Delay: -1 ms, Speed: 0.00 M/s, Resolution: None
Name: 海南卫视, URL: https://migu.188766.xyz/?migutoken=d47e92ce114d684a91c11eb8a0d2089f&id=%E6%B5%B7%E5%8D%97%E5%8D%AB%E8%A7%86&type=yy, From: subscribe, IPv_Type: ipv6, Location: 美国, ISP: CloudFlare Inc., Date: None, Delay: -1 ms, Speed: 0.00 M/s, Resolution: None
Name: 海南卫视, URL: https://migu.188766.xyz/?migutoken=b9a1aa9170932b673b0109a2d67b7794&id=hn_hnws&type=sz, From: subscribe, IPv_Type: ipv6, Location: 美国, ISP: CloudFlare Inc., Date: None, Delay: -1 ms, Speed: 0.00 M/s, Resolution: None
Name: 海南卫视, URL: https://migu.188766.xyz/?migutoken=9d4de7bc7a54c604c2795eb9beb5378a&id=%E6%B5%B7%E5%8D%97%E5%8D%AB%E8%A7%86&type=yy, From: subscribe, IPv_Type: ipv6, Location: 美国, ISP: CloudFlare Inc., Date: None, Delay: -1 ms, Speed: 0.00 M/s, Resolution: None
Name: 海南卫视, URL: https://migu.188766.xyz/?migutoken=321a251122502985ca7d6583ffc262c9&id=hn_hnws&type=sz, From: subscribe, IPv_Type: ipv6, Location: 美国, ISP: CloudFlare Inc., Date: None, Delay: -1 ms, Speed: 0.00 M/s, Resolution: None
Name: 海南卫视, URL: https://migu.188766.xyz/?migutoken=dd44dca53659b5ae7ddb13db2d44cd92&id=%E6%B5%B7%E5%8D%97%E5%8D%AB%E8%A7%86&type=yy, From: subscribe, IPv_Type: ipv6, Location: 美国, ISP: CloudFlare Inc., Date: None, Delay: -1 ms, Speed: 0.00 M/s, Resolution: None
Name: 海南卫视, URL: https://migu.188766.xyz/?migutoken=0767936379ec8b65307a0ff34bfff76c&id=hn_hnws&type=sz, From: subscribe, IPv_Type: ipv6, Location: 美国, ISP: CloudFlare Inc., Date: None, Delay: -1 ms, Speed: 0.00 M/s, Resolution: None
Name: 海南卫视, URL: https://migu.188766.xyz/?migutoken=52507d6c05cd439040c641e67a4b7037&id=%E6%B5%B7%E5%8D%97%E5%8D%AB%E8%A7%86&type=yy, From: subscribe, IPv_Type: ipv6, Location: 美国, ISP: CloudFlare Inc., Date: None, Delay: -1 ms, Speed: 0.00 M/s, Resolution: None
Name: 海南卫视, URL: https://migu.188766.xyz/?migutoken=99940a486a13ff986a7daa86389be438&id=hn_hnws&type=sz, From: subscribe, IPv_Type: ipv6, Location: 美国, ISP: CloudFlare Inc., Date: None, Delay: -1 ms, Speed: 0.00 M/s, Resolution: None
Name: 海南卫视, URL: https://migu.188766.xyz/?migutoken=6313f33ac52d3ba1d4aeacd612982279&id=%E6%B5%B7%E5%8D%97%E5%8D%AB%E8%A7%86&type=yy, From: subscribe, IPv_Type: ipv6, Location: 美国, ISP: CloudFlare Inc., Date: None, Delay: -1 ms, Speed: 0.00 M/s, Resolution: None
Name: 海南卫视, URL: https://migu.188766.xyz/?migutoken=c92d90850b4b6d1741c5f78c770c8507&id=hn_hnws&type=sz, From: subscribe, IPv_Type: ipv6, Location: 美国, ISP: CloudFlare Inc., Date: None, Delay: -1 ms, Speed: 0.00 M/s, Resolution: None
Name: 海南卫视, URL: https://migu.188766.xyz/?migutoken=f96eb8a12f2d924bf75993d5760d3943&id=%E6%B5%B7%E5%8D%97%E5%8D%AB%E8%A7%86&type=yy, From: subscribe, IPv_Type: ipv6, Location: 美国, ISP: CloudFlare Inc., Date: None, Delay: -1 ms, Speed: 0.00 M/s, Resolution: None
Name: 海南卫视, URL: http://ott.mobaibox.com/PLTV/3/224/3221228139/index.m3u8, From: subscribe, IPv_Type: ipv6, Location: 中国, ISP: 中国移动, Date: None, Delay: -1 ms, Speed: 0.00 M/s, Resolution: None
Name: 海南卫视, URL: http://hwltc.tv.cdn.zj.chinamobile.com/PLTV/88888888/224/3221236232/index.m3u8, From: subscribe, IPv_Type: ipv6, Location: 中国, ISP: 中国移动, Date: None, Delay: -1 ms, Speed: 0.00 M/s, Resolution: None
Name: 海南卫视, URL: http://rrs01.hw.gmcc.net:8088/PLTV/81/224/3221226683/1.m3u8, From: subscribe, IPv_Type: ipv6, Location: 中国, ISP: 中国移动, Date: None, Delay: -1 ms, Speed: 0.00 M/s, Resolution: None
Name: 海南卫视, URL: http://hwottcdn.ln.chinamobile.com/PLTV/11/224/3221226801/index.m3u8, From: subscribe, IPv_Type: ipv6, Location: 中国, ISP: 中国移动, Date: None, Delay: -1 ms, Speed: 0.00 M/s, Resolution: None
Name: 海南卫视, URL: http://rrs01.hw.gmcc.net:8088/PLTV/81/224/3221226679/1.m3u8, From: subscribe, IPv_Type: ipv6, Location: 中国, ISP: 中国移动, Date: None, Delay: -1 ms, Speed: 0.00 M/s, Resolution: None
Name: 海南卫视, URL: http://hwottcdn.ln.chinamobile.com/PLTV/11/224/3221226140/index.m3u8, From: subscribe, IPv_Type: ipv6, Location: 中国, ISP: 中国移动, Date: None, Delay: -1 ms, Speed: 0.00 M/s, Resolution: None
Name: 海南卫视, URL: http://k.061899.xyz/k.php?id=hinws, From: subscribe, IPv_Type: ipv6, Location: 新加坡, ISP: Aceville Pte.Ltd., Date: None, Delay: -1 ms, Speed: 0.00 M/s, Resolution: None
Name: 海南卫视, URL: http://iptvrr.sh.chinamobile.com:6060/cms001/ch00000090990000001183/index.m3u8, From: subscribe, IPv_Type: ipv6, Location: 中国, ISP: 中国移动, Date: None, Delay: -1 ms, Speed: 0.00 M/s, Resolution: None
Name: 海南卫视, URL: http://tvgslb.hn.chinamobile.com:8089/180000001002/00000000000000020000000000181765/main.m3u8?stbid=, From: subscribe, IPv_Type: ipv6, Location: 中国, ISP: 中国移动, Date: None, Delay: -1 ms, Speed: 0.00 M/s, Resolution: None
Name: 海南卫视, URL: http://tvgslb.hn.chinamobile.com:8089/180000001002/00000001000000000057000000208265/main.m3u8?stbid=, From: subscribe, IPv_Type: ipv6, Location: 中国, ISP: 中国移动, Date: None, Delay: -1 ms, Speed: 0.00 M/s, Resolution: None
Name: 海南卫视, URL: https://migu.188766.xyz/?migutoken=685e691eb86d047691ae87262e9dc757&id=hn_hnws&type=sz, From: subscribe, IPv_Type: ipv6, Location: 美国, ISP: CloudFlare Inc., Date: None, Delay: -1 ms, Speed: 0.00 M/s, Resolution: None
Name: 海南卫视, URL: https://migu.188766.xyz/?migutoken=9568699b4efd92f2aa1cf1e81271569a&id=%E6%B5%B7%E5%8D%97%E5%8D%AB%E8%A7%86&type=yy, From: subscribe, IPv_Type: ipv6, Location: 美国, ISP: CloudFlare Inc., Date: None, Delay: -1 ms, Speed: 0.00 M/s, Resolution: None
Name: 海南卫视, URL: https://migu.188766.xyz/?migutoken=9041cb08138ee623066644cfb14bc080&id=hn_hnws&type=sz, From: subscribe, IPv_Type: ipv6, Location: 美国, ISP: CloudFlare Inc., Date: None, Delay: -1 ms, Speed: 0.00 M/s, Resolution: None
Name: 海南卫视, URL: https://migu.188766.xyz/?migutoken=90cfb3138f5f610eb00b3767a3911157&id=%E6%B5%B7%E5%8D%97%E5%8D%AB%E8%A7%86&type=yy, From: subscribe, IPv_Type: ipv6, Location: 美国, ISP: CloudFlare Inc., Date: None, Delay: -1 ms, Speed: 0.00 M/s, Resolution: None
Name: 海南卫视, URL: https://migu.188766.xyz/?migutoken=aee8c5d6d1ef0f51af1b830943ecc659&id=hn_hnws&type=sz, From: subscribe, IPv_Type: ipv6, Location: 美国, ISP: CloudFlare Inc., Date: None, Delay: -1 ms, Speed: 0.00 M/s, Resolution: None
Name: 海南卫视, URL: https://migu.188766.xyz/?migutoken=6bbd6388f688c3f8ecb7691ab665b74e&id=%E6%B5%B7%E5%8D%97%E5%8D%AB%E8%A7%86&type=yy, From: subscribe, IPv_Type: ipv6, Location: 美国, ISP: CloudFlare Inc., Date: None, Delay: -1 ms, Speed: 0.00 M/s, Resolution: None
Name: 海南卫视, URL: http://satellitepull.cnr.cn/live/wxhainlyws/playlist.m3u8, From: subscribe, IPv_Type: ipv4, Location: 美国-伊利诺伊州-库克, ISP: 网宿CDN节点, Date: None, Delay: 141 ms, Speed: 0.67 M/s, Resolution: None
Name: 河北卫视, URL: http://[2409:8087:2001:20:2800:0:df6e:eb04]:80/ott.mobaibox.com/PLTV/4/224/3221228106/index.m3u8, From: local, IPv_Type: ipv6, Location: 中国, ISP: 中国移动, Date: None, Delay: -1 ms, Speed: 0.00 M/s, Resolution: None
Name: 河北卫视, URL: http://php.jdshipin.com/TVOD/hnyd.php?id=200000001898/460000089800010101, From: subscribe, IPv_Type: ipv6, Location: 美国, ISP: CloudFlare Inc., Date: None, Delay: -1 ms, Speed: 0.00 M/s, Resolution: None
Name: 河北卫视, URL: http://z.b.bkpcp.top/m.php?id=hbws, From: subscribe, IPv_Type: ipv6, Location: 美国, ISP: CloudFlare Inc., Date: None, Delay: -1 ms, Speed: 0.00 M/s, Resolution: None
Name: 河北卫视, URL: https://jwplay.hebyun.com.cn/live/hbwstv/1500k/tzwj_video.m3u8, From: subscribe, IPv_Type: ipv6, Location: 中国, ISP: 中国联通, Date: None, Delay: -1 ms, Speed: 0.00 M/s, Resolution: None
Name: 河北卫视, URL: http://iptv.huuc.edu.cn/hls/hebhd.m3u8, From: subscribe, IPv_Type: ipv6, Location: 中国, ISP: 教育网, Date: None, Delay: -1 ms, Speed: 0.00 M/s, Resolution: None
Name: 河北卫视, URL: https://zby.130519.xyz/PLTV/11/224/3221226107/index.m3u8, From: subscribe, IPv_Type: ipv6, Location: 美国, ISP: CloudFlare Inc., Date: None, Delay: -1 ms, Speed: 0.00 M/s, Resolution: None
Name: 河北卫视, URL: http://tv.pull.hebtv.com/jishi/weishipindao.m3u8?t=2510710360&k=3d44740039027301acf8341d7361ab59, From: subscribe, IPv_Type: ipv6, Location: 中国, ISP: 中国电信, Date: None, Delay: -1 ms, Speed: 0.00 M/s, Resolution: None
Name: 河北卫视, URL: http://[2409:8087:8:21::18]:6610/otttv.bj.chinamobile.com/PLTV/88888888/224/3221227014/1.m3u8?GuardEncType=2&accountinfo=%7E%7EV2.0%7ErSGjhI3DMaaAASPrbQJYTg%7EtP4-l0lmSfjwLWEfK_el1vH_mv-s1zo4AQJwdedaVwG9xkuFTDg8J26cwOrNJzn20BErrHdLhuZ9EzLUCD3PMW-OMx4MGteHV2vLeW6BqoY%2CEND, From: subscribe, IPv_Type: ipv6, Location: 中国, ISP: 中国移动, Date: None, Delay: -1 ms, Speed: 0.00 M/s, Resolution: None
Name: 河北卫视, URL: http://[2409:8087:1a01:df::4035]:80/TVOD/88888888/224/3221225961/main.m3u8, From: subscribe, IPv_Type: ipv6, Location: 中国, ISP: 中国移动, Date: None, Delay: -1 ms, Speed: 0.00 M/s, Resolution: None
Name: 河北卫视, URL: http://[2409:8087:1a01:df::4077]/ottrrs.hl.chinamobile.com/PLTV/88888888/8/3221226406/index.m3u8, From: subscribe, IPv_Type: ipv6, Location: 中国, ISP: 中国移动, Date: None, Delay: -1 ms, Speed: 0.00 M/s, Resolution: None
Name: 河北卫视, URL: https://iptv.catvod.com/live.php?id=%E6%B2%B3%E5%8C%97%E5%8D%AB%E8%A7%86, From: subscribe, IPv_Type: ipv6, Location: 美国, ISP: CloudFlare Inc., Date: None, Delay: -1 ms, Speed: 0.00 M/s, Resolution: None
Name: 河北卫视, URL: http://event.pull.hebtv.com/jishi/weishi_tingyun.m3u8, From: subscribe, IPv_Type: ipv6, Location: 中国, ISP: 中国电信, Date: None, Delay: -1 ms, Speed: 0.00 M/s, Resolution: None
Name: 河北卫视, URL: http://tvgslb.hn.chinamobile.com:8089/180000001002/00000001000000000016000000007223/main.m3u8?stbid=, From: subscribe, IPv_Type: ipv6, Location: 中国, ISP: 中国移动, Date: None, Delay: -1 ms, Speed: 0.00 M/s, Resolution: None
Name: 河北卫视, URL: http://hwltc.tv.cdn.zj.chinamobile.com/PLTV/88888888/224/3221236242/index.m3u8, From: subscribe, IPv_Type: ipv6, Location: 中国, ISP: 中国移动, Date: None, Delay: -1 ms, Speed: 0.00 M/s, Resolution: None
Name: 河北卫视, URL: http://ott.mobaibox.com/PLTV/3/224/3221228106/index.m3u8, From: subscribe, IPv_Type: ipv6, Location: 中国, ISP: 中国移动, Date: None, Delay: -1 ms, Speed: 0.00 M/s, Resolution: None
Name: 河北卫视, URL: http://hwottcdn.ln.chinamobile.com/PLTV/11/224/3221226163/index.m3u8, From: subscribe, IPv_Type: ipv6, Location: 中国, ISP: 中国移动, Date: None, Delay: -1 ms, Speed: 0.00 M/s, Resolution: None
Name: 河北卫视, URL: http://hwottcdn.ln.chinamobile.com/PLTV/11/224/3221226774/index.m3u8, From: subscribe, IPv_Type: ipv6, Location: 中国, ISP: 中国移动, Date: None, Delay: -1 ms, Speed: 0.00 M/s, Resolution: None
Name: 河北卫视, URL: http://rrs01.hw.gmcc.net:8088/PLTV/81/224/3221226684/1.m3u8, From: subscribe, IPv_Type: ipv6, Location: 中国, ISP: 中国移动, Date: None, Delay: -1 ms, Speed: 0.00 M/s, Resolution: None
Name: 河北卫视, URL: http://iptvrr.sh.chinamobile.com:6060/cms001/ch00000090990000001229/index.m3u8, From: subscribe, IPv_Type: ipv6, Location: 中国, ISP: 中国移动, Date: None, Delay: -1 ms, Speed: 0.00 M/s, Resolution: None
Name: 河北卫视, URL: http://hwottcdn.ln.chinamobile.com/PLTV/11/224/3221227408/index.m3u8, From: subscribe, IPv_Type: ipv6, Location: 中国, ISP: 中国移动, Date: None, Delay: -1 ms, Speed: 0.00 M/s, Resolution: None
Name: 河北卫视, URL: http://k.061899.xyz/k.php?id=hbws, From: subscribe, IPv_Type: ipv6, Location: 新加坡, ISP: Aceville Pte.Ltd., Date: None, Delay: -1 ms, Speed: 0.00 M/s, Resolution: None
Name: 河北卫视, URL: http://tvgslb.hn.chinamobile.com:8089/180000001002/00000000000000020000000000182263/main.m3u8?stbid=, From: subscribe, IPv_Type: ipv6, Location: 中国, ISP: 中国移动, Date: None, Delay: -1 ms, Speed: 0.00 M/s, Resolution: None
Name: 河北卫视, URL: http://rrs01.hw.gmcc.net:8088/PLTV/81/224/3221226665/1.m3u8, From: subscribe, IPv_Type: ipv6, Location: 中国, ISP: 中国移动, Date: None, Delay: -1 ms, Speed: 0.00 M/s, Resolution: None
Name: 河北卫视, URL: http://23.237.228.134/live8/hebei.m3u8, From: subscribe, IPv_Type: ipv4, Location: 北美地区, ISP: , Date: None, Delay: 1218 ms, Speed: 4.66 M/s, Resolution: 1920x1080
Name: 河北卫视, URL: http://satellitepull.cnr.cn/live/wxhebws/playlist.m3u8, From: subscribe, IPv_Type: ipv4, Location: 美国-伊利诺伊州-库克, ISP: 网宿CDN节点, Date: None, Delay: 140 ms, Speed: 0.65 M/s, Resolution: None
Name: 河北卫视, URL: http://php.fjl626.cn/hebei.php?id=hbws, From: subscribe, IPv_Type: ipv4, Location: 中国-香港, ISP: Cloudie_Limited, Date: None, Delay: 368 ms, Speed: 0.02 M/s, Resolution: None
Name: 黑龙江卫视, URL: http://[2409:8087:7000:20:1000::22]:6060/yinhe/2/ch00000090990000001338/index.m3u8?virtualDomain=yinhe.live_hls.zte.com, From: local, IPv_Type: ipv6, Location: 中国, ISP: 中国移动, Date: None, Delay: -1 ms, Speed: 0.00 M/s, Resolution: None
Name: 黑龙江卫视, URL: http://php.jdshipin.com/TVOD/hnyd.php?id=200000001898/460000089800010056, From: subscribe, IPv_Type: ipv6, Location: 美国, ISP: CloudFlare Inc., Date: None, Delay: -1 ms, Speed: 0.00 M/s, Resolution: None
Name: 黑龙江卫视, URL: http://j.x.bkpcp.top/jx/HEILJHD, From: subscribe, IPv_Type: ipv6, Location: 美国, ISP: CloudFlare Inc., Date: None, Delay: -1 ms, Speed: 0.00 M/s, Resolution: None
Name: 黑龙江卫视, URL: http://iptv.huuc.edu.cn/hls/hljhd.m3u8, From: subscribe, IPv_Type: ipv6, Location: 中国, ISP: 教育网, Date: None, Delay: -1 ms, Speed: 0.00 M/s, Resolution: None
Name: 黑龙江卫视, URL: https://hls-gateway.vpstv.net/streams/708854.m3u8, From: subscribe, IPv_Type: ipv6, Location: 美国, ISP: CloudFlare Inc., Date: None, Delay: -1 ms, Speed: 0.00 M/s, Resolution: None
Name: 黑龙江卫视, URL: http://[2409:8087:8:21::18]:6610/otttv.bj.chinamobile.com/PLTV/88888888/224/3221226965/1.m3u8?GuardEncType=2&accountinfo=%7E%7EV2.0%7E7UiKL56-L86ihmTWaZ6csw%7EtP4-l0lmSfjwLWEfK_el1vH_mv-s1zo4AQJwdedaVwG9xkuFTDg8J26cwOrNJzn20BErrHdLhuZ9EzLUCD3PMW-OMx4MGteHV2vLeW6BqoY%2CEND, From: subscribe, IPv_Type: ipv6, Location: 中国, ISP: 中国移动, Date: None, Delay: -1 ms, Speed: 0.00 M/s, Resolution: None
Name: 黑龙江卫视, URL: http://[2409:8087:1a01:df::4001]/ottrrs.hl.chinamobile.com/PLTV/88888888/224/3221226327/1.m3u8, From: subscribe, IPv_Type: ipv6, Location: 中国, ISP: 中国移动, Date: None, Delay: -1 ms, Speed: 0.00 M/s, Resolution: None
Name: 黑龙江卫视, URL: http://[2409:8087:1a01:df::4077]/ottrrs.hl.chinamobile.com/PLTV/88888888/8/3221226327/index.m3u8, From: subscribe, IPv_Type: ipv6, Location: 中国, ISP: 中国移动, Date: None, Delay: -1 ms, Speed: 0.00 M/s, Resolution: None
Name: 黑龙江卫视, URL: https://epg.pw/stream/c6c1262d0b35e59eac22bf513395f00f8b60cc5eab41f598412cdf8269312f32.m3u8, From: subscribe, IPv_Type: ipv6, Location: 美国, ISP: CloudFlare Inc., Date: None, Delay: -1 ms, Speed: 0.00 M/s, Resolution: None
Name: 黑龙江卫视, URL: https://iptv.catvod.com/live.php?id=%E9%BB%91%E9%BE%99%E6%B1%9F%E5%8D%AB%E8%A7%86%E5%8F%B0, From: subscribe, IPv_Type: ipv6, Location: 美国, ISP: CloudFlare Inc., Date: None, Delay: -1 ms, Speed: 0.00 M/s, Resolution: None
Name: 黑龙江卫视, URL: https://iptv.catvod.com/live.php?id=%E9%BB%91%E9%BE%99%E6%B1%9F%E5%8D%AB%E8%A7%86, From: subscribe, IPv_Type: ipv6, Location: 美国, ISP: CloudFlare Inc., Date: None, Delay: -1 ms, Speed: 0.00 M/s, Resolution: None
Name: 黑龙江卫视, URL: http://k.061899.xyz/k.php?id=hljws, From: subscribe, IPv_Type: ipv6, Location: 新加坡, ISP: Aceville Pte.Ltd., Date: None, Delay: -1 ms, Speed: 0.00 M/s, Resolution: None
Name: 黑龙江卫视, URL: http://tvgslb.hn.chinamobile.com:8089/180000001002/00000001000000000008000000047449/main.m3u8?stbid=, From: subscribe, IPv_Type: ipv6, Location: 中国, ISP: 中国移动, Date: None, Delay: -1 ms, Speed: 0.00 M/s, Resolution: None
Name: 黑龙江卫视, URL: http://tvgslb.hn.chinamobile.com:8089/180000001002/00000000000000020000000000182571/main.m3u8?stbid=, From: subscribe, IPv_Type: ipv6, Location: 中国, ISP: 中国移动, Date: None, Delay: -1 ms, Speed: 0.00 M/s, Resolution: None
Name: 黑龙江卫视, URL: http://iptvrr.sh.chinamobile.com:6060/cms001/ch00000090990000001031/index.m3u8, From: subscribe, IPv_Type: ipv6, Location: 中国, ISP: 中国移动, Date: None, Delay: -1 ms, Speed: 0.00 M/s, Resolution: None
Name: 黑龙江卫视, URL: http://hwottcdn.ln.chinamobile.com/PLTV/11/224/3221226749/index.m3u8, From: subscribe, IPv_Type: ipv6, Location: 中国, ISP: 中国移动, Date: None, Delay: -1 ms, Speed: 0.00 M/s, Resolution: None
Name: 黑龙江卫视, URL: http://rrs01.hw.gmcc.net:8088/PLTV/81/224/3221226716/1.m3u8, From: subscribe, IPv_Type: ipv6, Location: 中国, ISP: 中国移动, Date: None, Delay: -1 ms, Speed: 0.00 M/s, Resolution: None
Name: 黑龙江卫视, URL: http://ott.mobaibox.com/PLTV/3/224/3221227514/index.m3u8, From: subscribe, IPv_Type: ipv6, Location: 中国, ISP: 中国移动, Date: None, Delay: -1 ms, Speed: 0.00 M/s, Resolution: None
Name: 黑龙江卫视, URL: http://hwottcdn.ln.chinamobile.com/PLTV/11/224/3221226145/index.m3u8, From: subscribe, IPv_Type: ipv6, Location: 中国, ISP: 中国移动, Date: None, Delay: -1 ms, Speed: 0.00 M/s, Resolution: None
Name: 黑龙江卫视, URL: http://hwottcdn.ln.chinamobile.com/PLTV/11/224/3221226881/index.m3u8, From: subscribe, IPv_Type: ipv6, Location: 中国, ISP: 中国移动, Date: None, Delay: -1 ms, Speed: 0.00 M/s, Resolution: None
Name: 黑龙江卫视, URL: http://hwltc.tv.cdn.zj.chinamobile.com/PLTV/88888888/224/3221236226/index.m3u8, From: subscribe, IPv_Type: ipv6, Location: 中国, ISP: 中国移动, Date: None, Delay: -1 ms, Speed: 0.00 M/s, Resolution: None
Name: 黑龙江卫视, URL: http://hwottcdn.ln.chinamobile.com/PLTV/11/224/3221227288/index.m3u8, From: subscribe, IPv_Type: ipv6, Location: 中国, ISP: 中国移动, Date: None, Delay: -1 ms, Speed: 0.00 M/s, Resolution: None
Name: 黑龙江卫视, URL: http://38.75.136.137:98/gslb/dsdqpub/hljwshd.m3u8?auth=testpub, From: subscribe, IPv_Type: ipv4, Location: 美国-伊利诺伊州-库克, ISP: Cogent, Date: None, Delay: 605 ms, Speed: 8.34 M/s, Resolution: 1920x1080
Name: 黑龙江卫视, URL: http://23.237.228.134/live6/heilongjiang.m3u8, From: subscribe, IPv_Type: ipv4, Location: 北美地区, ISP: , Date: None, Delay: 351 ms, Speed: 5.95 M/s, Resolution: 1920x1080
Name: 黑龙江卫视, URL: http://satellitepull.cnr.cn/live/wx32hljws/playlist.m3u8, From: subscribe, IPv_Type: ipv4, Location: 美国-伊利诺伊州-库克, ISP: 网宿CDN节点, Date: None, Delay: 143 ms, Speed: 0.69 M/s, Resolution: None
Name: 河南卫视, URL: http://[2409:8087:2001:20:2800:0:df6e:eb16]:80/ott.mobaibox.com/PLTV/4/224/3221228221/index.m3u8, From: local, IPv_Type: ipv6, Location: 中国, ISP: 中国移动, Date: None, Delay: -1 ms, Speed: 0.00 M/s, Resolution: None
Name: 河南卫视, URL: http://tvpull.dxhmt.cn:9081/tv/11425-1.m3u8, From: subscribe, IPv_Type: ipv6, Location: 加拿大, ISP: , Date: None, Delay: -1 ms, Speed: 0.00 M/s, Resolution: None
Name: 河南卫视, URL: http://php.jdshipin.com/TVOD/hljyd.php?id=3221226480, From: subscribe, IPv_Type: ipv6, Location: 美国, ISP: CloudFlare Inc., Date: None, Delay: -1 ms, Speed: 0.00 M/s, Resolution: None
Name: 河南卫视, URL: http://z.b.bkpcp.top/m.php?id=hnws, From: subscribe, IPv_Type: ipv6, Location: 美国, ISP: CloudFlare Inc., Date: None, Delay: -1 ms, Speed: 0.00 M/s, Resolution: None
Name: 河南卫视, URL: http://j.x.bkpcp.top/jx/HENHD, From: subscribe, IPv_Type: ipv6, Location: 美国, ISP: CloudFlare Inc., Date: None, Delay: -1 ms, Speed: 0.00 M/s, Resolution: None
Name: 河南卫视, URL: http://3501776.xyz:35455/itv/1000000002000027731.m3u8?cdn=ystenlive, From: subscribe, IPv_Type: ipv6, Location: 美国, ISP: CloudFlare Inc., Date: None, Delay: -1 ms, Speed: 0.00 M/s, Resolution: None
Name: 河南卫视, URL: http://goo.bkpcp.top/mg/hnws, From: subscribe, IPv_Type: ipv6, Location: 美国, ISP: CloudFlare Inc., Date: None, Delay: -1 ms, Speed: 0.00 M/s, Resolution: None
Name: 河南卫视, URL: https://zby.130519.xyz/PLTV/11/224/3221226132/index.m3u8, From: subscribe, IPv_Type: ipv6, Location: 美国, ISP: CloudFlare Inc., Date: None, Delay: -1 ms, Speed: 0.00 M/s, Resolution: None
Name: 河南卫视, URL: https://migu.188766.xyz/?migutoken=f97d63f6a1f5257e6ce3460aaeb1bbe2&id=%E6%B2%B3%E5%8D%97%E5%8D%AB%E8%A7%86%E9%AB%98%E6%B8%85&type=yy, From: subscribe, IPv_Type: ipv6, Location: 美国, ISP: CloudFlare Inc., Date: None, Delay: -1 ms, Speed: 0.00 M/s, Resolution: None
Name: 河南卫视, URL: http://[2409:8087:1a01:df::4077]/ottrrs.hl.chinamobile.com/PLTV/88888888/8/3221226480/index.m3u8, From: subscribe, IPv_Type: ipv6, Location: 中国, ISP: 中国移动, Date: None, Delay: -1 ms, Speed: 0.00 M/s, Resolution: None
Name: 河南卫视, URL: https://migu.188766.xyz/?migutoken=924639a911b4f7a3000852542ed22a76&id=%E6%B2%B3%E5%8D%97%E5%8D%AB%E8%A7%86%E9%AB%98%E6%B8%85&type=yy, From: subscribe, IPv_Type: ipv6, Location: 美国, ISP: CloudFlare Inc., Date: None, Delay: -1 ms, Speed: 0.00 M/s, Resolution: None
Name: 河南卫视, URL: https://migu.188766.xyz/?migutoken=a4715b7808fe399212f9ab133a23ad7f&id=%E6%B2%B3%E5%8D%97%E5%8D%AB%E8%A7%86%E9%AB%98%E6%B8%85&type=yy, From: subscribe, IPv_Type: ipv6, Location: 美国, ISP: CloudFlare Inc., Date: None, Delay: -1 ms, Speed: 0.00 M/s, Resolution: None
Name: 河南卫视, URL: https://migu.188766.xyz/?migutoken=d49618087313463a7b7e8a43b9279049&id=%E6%B2%B3%E5%8D%97%E5%8D%AB%E8%A7%86%E9%AB%98%E6%B8%85&type=yy, From: subscribe, IPv_Type: ipv6, Location: 美国, ISP: CloudFlare Inc., Date: None, Delay: -1 ms, Speed: 0.00 M/s, Resolution: None
Name: 河南卫视, URL: https://migu.188766.xyz/?migutoken=a243c8205767eec7df62bf67135c1c23&id=%E6%B2%B3%E5%8D%97%E5%8D%AB%E8%A7%86%E9%AB%98%E6%B8%85&type=yy, From: subscribe, IPv_Type: ipv6, Location: 美国, ISP: CloudFlare Inc., Date: None, Delay: -1 ms, Speed: 0.00 M/s, Resolution: None
Name: 河南卫视, URL: https://migu.188766.xyz/?migutoken=db23afeba2ef3a0bfc99aaf2e673eeca&id=%E6%B2%B3%E5%8D%97%E5%8D%AB%E8%A7%86%E9%AB%98%E6%B8%85&type=yy, From: subscribe, IPv_Type: ipv6, Location: 美国, ISP: CloudFlare Inc., Date: None, Delay: -1 ms, Speed: 0.00 M/s, Resolution: None
Name: 河南卫视, URL: https://migu.188766.xyz/?migutoken=b71ad9532f8185c6521e950ba19af799&id=%E6%B2%B3%E5%8D%97%E5%8D%AB%E8%A7%86%E9%AB%98%E6%B8%85&type=yy, From: subscribe, IPv_Type: ipv6, Location: 美国, ISP: CloudFlare Inc., Date: None, Delay: -1 ms, Speed: 0.00 M/s, Resolution: None
Name: 河南卫视, URL: https://migu.188766.xyz/?migutoken=0d8736e634d8906784dd0d8359f2bb75&id=%E6%B2%B3%E5%8D%97%E5%8D%AB%E8%A7%86%E9%AB%98%E6%B8%85&type=yy, From: subscribe, IPv_Type: ipv6, Location: 美国, ISP: CloudFlare Inc., Date: None, Delay: -1 ms, Speed: 0.00 M/s, Resolution: None
Name: 河南卫视, URL: https://migu.188766.xyz/?migutoken=50bd7104defdd11a51037651417f5d83&id=%E6%B2%B3%E5%8D%97%E5%8D%AB%E8%A7%86%E9%AB%98%E6%B8%85&type=yy, From: subscribe, IPv_Type: ipv6, Location: 美国, ISP: CloudFlare Inc., Date: None, Delay: -1 ms, Speed: 0.00 M/s, Resolution: None
Name: 河南卫视, URL: https://migu.188766.xyz/?migutoken=8c44e01760f43e8008c7f29b0afcf0d6&id=%E6%B2%B3%E5%8D%97%E5%8D%AB%E8%A7%86%E9%AB%98%E6%B8%85&type=yy, From: subscribe, IPv_Type: ipv6, Location: 美国, ISP: CloudFlare Inc., Date: None, Delay: -1 ms, Speed: 0.00 M/s, Resolution: None
Name: 河南卫视, URL: https://migu.188766.xyz/?migutoken=c2bbf88c636aab7995bf7c7f34b82064&id=%E6%B2%B3%E5%8D%97%E5%8D%AB%E8%A7%86%E9%AB%98%E6%B8%85&type=yy, From: subscribe, IPv_Type: ipv6, Location: 美国, ISP: CloudFlare Inc., Date: None, Delay: -1 ms, Speed: 0.00 M/s, Resolution: None
Name: 河南卫视, URL: https://migu.188766.xyz/?migutoken=f6a9914d110fc4ae16a8358ef03f8d6c&id=%E6%B2%B3%E5%8D%97%E5%8D%AB%E8%A7%86%E9%AB%98%E6%B8%85&type=yy, From: subscribe, IPv_Type: ipv6, Location: 美国, ISP: CloudFlare Inc., Date: None, Delay: -1 ms, Speed: 0.00 M/s, Resolution: None
Name: 河南卫视, URL: https://migu.188766.xyz/?migutoken=f17a0f62f1dc795cff18d83f3b9994bc&id=%E6%B2%B3%E5%8D%97%E5%8D%AB%E8%A7%86%E9%AB%98%E6%B8%85&type=yy, From: subscribe, IPv_Type: ipv6, Location: 美国, ISP: CloudFlare Inc., Date: None, Delay: -1 ms, Speed: 0.00 M/s, Resolution: None
Name: 河南卫视, URL: https://migu.188766.xyz/?migutoken=6b175df78b7089b34b5ba35496f0e564&id=%E6%B2%B3%E5%8D%97%E5%8D%AB%E8%A7%86%E9%AB%98%E6%B8%85&type=yy, From: subscribe, IPv_Type: ipv6, Location: 美国, ISP: CloudFlare Inc., Date: None, Delay: -1 ms, Speed: 0.00 M/s, Resolution: None
Name: 河南卫视, URL: https://migu.188766.xyz/?migutoken=d05961f110af40876385590102a63908&id=%E6%B2%B3%E5%8D%97%E5%8D%AB%E8%A7%86%E9%AB%98%E6%B8%85&type=yy, From: subscribe, IPv_Type: ipv6, Location: 美国, ISP: CloudFlare Inc., Date: None, Delay: -1 ms, Speed: 0.00 M/s, Resolution: None
Name: 河南卫视, URL: https://migu.188766.xyz/?migutoken=c7e3be5370a5f2201040051ba1e0d230&id=%E6%B2%B3%E5%8D%97%E5%8D%AB%E8%A7%86%E9%AB%98%E6%B8%85&type=yy, From: subscribe, IPv_Type: ipv6, Location: 美国, ISP: CloudFlare Inc., Date: None, Delay: -1 ms, Speed: 0.00 M/s, Resolution: None
Name: 河南卫视, URL: https://migu.188766.xyz/?migutoken=a4049475e7c91d07daeaa53794b4687c&id=%E6%B2%B3%E5%8D%97%E5%8D%AB%E8%A7%86%E9%AB%98%E6%B8%85&type=yy, From: subscribe, IPv_Type: ipv6, Location: 美国, ISP: CloudFlare Inc., Date: None, Delay: -1 ms, Speed: 0.00 M/s, Resolution: None
Name: 河南卫视, URL: http://tvgslb.hn.chinamobile.com:8089/180000001002/00000000000000020000000000182260/main.m3u8?stbid=, From: subscribe, IPv_Type: ipv6, Location: 中国, ISP: 中国移动, Date: None, Delay: -1 ms, Speed: 0.00 M/s, Resolution: None
Name: 河南卫视, URL: http://iptvrr.sh.chinamobile.com:6060/cms001/ch00000090990000001222/index.m3u8, From: subscribe, IPv_Type: ipv6, Location: 中国, ISP: 中国移动, Date: None, Delay: -1 ms, Speed: 0.00 M/s, Resolution: None
Name: 河南卫视, URL: http://k.061899.xyz/k.php?id=hnws, From: subscribe, IPv_Type: ipv6, Location: 新加坡, ISP: Aceville Pte.Ltd., Date: None, Delay: -1 ms, Speed: 0.00 M/s, Resolution: None
Name: 河南卫视, URL: http://ott.mobaibox.com/PLTV/3/224/3221228221/index.m3u8, From: subscribe, IPv_Type: ipv6, Location: 中国, ISP: 中国移动, Date: None, Delay: -1 ms, Speed: 0.00 M/s, Resolution: None
Name: 河南卫视, URL: http://rrs01.hw.gmcc.net:8088/PLTV/81/224/3221226687/1.m3u8, From: subscribe, IPv_Type: ipv6, Location: 中国, ISP: 中国移动, Date: None, Delay: -1 ms, Speed: 0.00 M/s, Resolution: None
Name: 河南卫视, URL: http://hwottcdn.ln.chinamobile.com/PLTV/11/224/3221227353/index.m3u8, From: subscribe, IPv_Type: ipv6, Location: 中国, ISP: 中国移动, Date: None, Delay: -1 ms, Speed: 0.00 M/s, Resolution: None
Name: 河南卫视, URL: http://tvgslb.hn.chinamobile.com:8089/180000001002/00000001000000000057000000208264/main.m3u8?stbid=, From: subscribe, IPv_Type: ipv6, Location: 中国, ISP: 中国移动, Date: None, Delay: -1 ms, Speed: 0.00 M/s, Resolution: None
Name: 河南卫视, URL: http://rrs01.hw.gmcc.net:8088/PLTV/81/224/3221226668/1.m3u8, From: subscribe, IPv_Type: ipv6, Location: 中国, ISP: 中国移动, Date: None, Delay: -1 ms, Speed: 0.00 M/s, Resolution: None
Name: 河南卫视, URL: http://hwottcdn.ln.chinamobile.com/PLTV/11/224/3221226146/index.m3u8, From: subscribe, IPv_Type: ipv6, Location: 中国, ISP: 中国移动, Date: None, Delay: -1 ms, Speed: 0.00 M/s, Resolution: None
Name: 河南卫视, URL: http://hwottcdn.ln.chinamobile.com/PLTV/11/224/3221226791/index.m3u8, From: subscribe, IPv_Type: ipv6, Location: 中国, ISP: 中国移动, Date: None, Delay: -1 ms, Speed: 0.00 M/s, Resolution: None
Name: 河南卫视, URL: http://hwltc.tv.cdn.zj.chinamobile.com/PLTV/88888888/224/3221236218/index.m3u8, From: subscribe, IPv_Type: ipv6, Location: 中国, ISP: 中国移动, Date: None, Delay: -1 ms, Speed: 0.00 M/s, Resolution: None
Name: 河南卫视, URL: https://migu.188766.xyz/?migutoken=505cb6533306585b0798f35222d4185b&id=%E6%B2%B3%E5%8D%97%E5%8D%AB%E8%A7%86%E9%AB%98%E6%B8%85&type=yy, From: subscribe, IPv_Type: ipv6, Location: 美国, ISP: CloudFlare Inc., Date: None, Delay: -1 ms, Speed: 0.00 M/s, Resolution: None
Name: 河南卫视, URL: https://migu.188766.xyz/?migutoken=53afe195522c281fac5522fa37656673&id=%E6%B2%B3%E5%8D%97%E5%8D%AB%E8%A7%86%E9%AB%98%E6%B8%85&type=yy, From: subscribe, IPv_Type: ipv6, Location: 美国, ISP: CloudFlare Inc., Date: None, Delay: -1 ms, Speed: 0.00 M/s, Resolution: None
Name: 河南卫视, URL: https://migu.188766.xyz/?migutoken=6db074b5e44e861c1a060b7bd2371d20&id=%E6%B2%B3%E5%8D%97%E5%8D%AB%E8%A7%86%E9%AB%98%E6%B8%85&type=yy, From: subscribe, IPv_Type: ipv6, Location: 美国, ISP: CloudFlare Inc., Date: None, Delay: -1 ms, Speed: 0.00 M/s, Resolution: None
Name: 河南卫视, URL: http://23.237.228.134/live6/henan.m3u8, From: subscribe, IPv_Type: ipv4, Location: 北美地区, ISP: , Date: None, Delay: 358 ms, Speed: 6.12 M/s, Resolution: 1920x1080
Name: 河南卫视, URL: http://1.94.31.214/php/hntv.php?id=hnws, From: subscribe, IPv_Type: ipv4, Location: 中国-上海-上海, ISP: 华为云, Date: None, Delay: 290 ms, Speed: 1.32 M/s, Resolution: 1920x1080
Name: 河南卫视, URL: http://satellitepull.cnr.cn/live/wxhnws/playlist.m3u8, From: subscribe, IPv_Type: ipv4, Location: 美国-伊利诺伊州-库克, ISP: 网宿CDN节点, Date: None, Delay: 141 ms, Speed: 0.69 M/s, Resolution: None
Name: 河南卫视, URL: https://iptv.catvod.com/live.php?id=%E6%B2%B3%E5%8D%97%E5%8D%AB%E8%A7%86, From: subscribe, IPv_Type: ipv4, Location: 美国-加利福尼亚州-洛杉矶, ISP: IT7网络, Date: None, Delay: 189 ms, Speed: 0.00 M/s, Resolution: 1920x1080
Name: 湖北卫视, URL: http://[2409:8087:7000:20:1000::22]:6060/yinhe/2/ch00000090990000001347/index.m3u8?virtualDomain=yinhe.live_hls.zte.com, From: local, IPv_Type: ipv6, Location: 中国, ISP: 中国移动, Date: None, Delay: -1 ms, Speed: 0.00 M/s, Resolution: None
Name: 湖北卫视, URL: http://php.jdshipin.com/TVOD/hnyd.php?id=200000001898/460000089800010057, From: subscribe, IPv_Type: ipv6, Location: 美国, ISP: CloudFlare Inc., Date: None, Delay: -1 ms, Speed: 0.00 M/s, Resolution: None
Name: 湖北卫视, URL: http://z.b.bkpcp.top/m.php?id=hubws, From: subscribe, IPv_Type: ipv6, Location: 美国, ISP: CloudFlare Inc., Date: None, Delay: -1 ms, Speed: 0.00 M/s, Resolution: None
Name: 湖北卫视, URL: http://j.x.bkpcp.top/jx/HUBEIHD, From: subscribe, IPv_Type: ipv6, Location: 美国, ISP: CloudFlare Inc., Date: None, Delay: -1 ms, Speed: 0.00 M/s, Resolution: None
Name: 湖北卫视, URL: http://3501776.xyz:35455/itv/1000000005000265023.m3u8?cdn=ystenlive, From: subscribe, IPv_Type: ipv6, Location: 美国, ISP: CloudFlare Inc., Date: None, Delay: -1 ms, Speed: 0.00 M/s, Resolution: None
Name: 湖北卫视, URL: http://goo.bkpcp.top/mg/hubws, From: subscribe, IPv_Type: ipv6, Location: 美国, ISP: CloudFlare Inc., Date: None, Delay: -1 ms, Speed: 0.00 M/s, Resolution: None
Name: 湖北卫视, URL: http://iptv.huuc.edu.cn/hls/hbhd.m3u8, From: subscribe, IPv_Type: ipv6, Location: 中国, ISP: 教育网, Date: None, Delay: -1 ms, Speed: 0.00 M/s, Resolution: None
Name: 湖北卫视, URL: https://zby.130519.xyz/PLTV/11/224/3221225729/index.m3u8, From: subscribe, IPv_Type: ipv6, Location: 美国, ISP: CloudFlare Inc., Date: None, Delay: -1 ms, Speed: 0.00 M/s, Resolution: None
Name: 湖北卫视, URL: https://migu.188766.xyz/?migutoken=40a3a9fd5d60074c09e142f551f0a33b&id=%E6%B9%96%E5%8C%97%E5%8D%AB%E8%A7%86&type=yy, From: subscribe, IPv_Type: ipv6, Location: 美国, ISP: CloudFlare Inc., Date: None, Delay: -1 ms, Speed: 0.00 M/s, Resolution: None
Name: 湖北卫视, URL: https://iptv.catvod.com/live.php?id=%E6%B9%96%E5%8C%97%E5%8D%AB%E8%A7%86%E5%8F%B0, From: subscribe, IPv_Type: ipv6, Location: 美国, ISP: CloudFlare Inc., Date: None, Delay: -1 ms, Speed: 0.00 M/s, Resolution: None
Name: 湖北卫视, URL: http://[2409:8087:8:21::18]:6610/otttv.bj.chinamobile.com/PLTV/88888888/224/3221226952/1.m3u8?GuardEncType=2&accountinfo=%7E%7EV2.0%7EREB40lnZnCEwjRy7LZuhIQ%7EtP4-l0lmSfjwLWEfK_el1vH_mv-s1zo4AQJwdedaVwG9xkuFTDg8J26cwOrNJzn20BErrHdLhuZ9EzLUCD3PMW-OMx4MGteHV2vLeW6BqoY%2CEND, From: subscribe, IPv_Type: ipv6, Location: 中国, ISP: 中国移动, Date: None, Delay: -1 ms, Speed: 0.00 M/s, Resolution: None
Name: 湖北卫视, URL: http://[2409:8087:1a01:df::4077]/ottrrs.hl.chinamobile.com/PLTV/88888888/8/3221226501/index.m3u8, From: subscribe, IPv_Type: ipv6, Location: 中国, ISP: 中国移动, Date: None, Delay: -1 ms, Speed: 0.00 M/s, Resolution: None
Name: 湖北卫视, URL: https://migu.188766.xyz/?migutoken=92ce8a71de02328ca2c439daaa260cb9&id=%E6%B9%96%E5%8C%97%E5%8D%AB%E8%A7%86&type=yy, From: subscribe, IPv_Type: ipv6, Location: 美国, ISP: CloudFlare Inc., Date: None, Delay: -1 ms, Speed: 0.00 M/s, Resolution: None
Name: 湖北卫视, URL: https://migu.188766.xyz/?migutoken=5899764909c74bae1df172144aaa00e5&id=%E6%B9%96%E5%8C%97%E5%8D%AB%E8%A7%86&type=yy, From: subscribe, IPv_Type: ipv6, Location: 美国, ISP: CloudFlare Inc., Date: None, Delay: -1 ms, Speed: 0.00 M/s, Resolution: None
Name: 湖北卫视, URL: https://migu.188766.xyz/?migutoken=31de350ea77d6fd221ce3efa8d376a87&id=%E6%B9%96%E5%8C%97%E5%8D%AB%E8%A7%86&type=yy, From: subscribe, IPv_Type: ipv6, Location: 美国, ISP: CloudFlare Inc., Date: None, Delay: -1 ms, Speed: 0.00 M/s, Resolution: None
Name: 湖北卫视, URL: https://migu.188766.xyz/?migutoken=bce9ab7a1c0d3e0f3607457478ed3a4e&id=%E6%B9%96%E5%8C%97%E5%8D%AB%E8%A7%86&type=yy, From: subscribe, IPv_Type: ipv6, Location: 美国, ISP: CloudFlare Inc., Date: None, Delay: -1 ms, Speed: 0.00 M/s, Resolution: None
Name: 湖北卫视, URL: https://migu.188766.xyz/?migutoken=087fd92d313c3e1ebd9a59977a465e4d&id=%E6%B9%96%E5%8C%97%E5%8D%AB%E8%A7%86&type=yy, From: subscribe, IPv_Type: ipv6, Location: 美国, ISP: CloudFlare Inc., Date: None, Delay: -1 ms, Speed: 0.00 M/s, Resolution: None
Name: 湖北卫视, URL: https://migu.188766.xyz/?migutoken=e1c7dff05a5beb224081f27e04a4c584&id=%E6%B9%96%E5%8C%97%E5%8D%AB%E8%A7%86&type=yy, From: subscribe, IPv_Type: ipv6, Location: 美国, ISP: CloudFlare Inc., Date: None, Delay: -1 ms, Speed: 0.00 M/s, Resolution: None
Name: 湖北卫视, URL: https://smart.pendy.dpdns.org/Smart.php?id=hubei, From: subscribe, IPv_Type: ipv6, Location: 美国, ISP: CloudFlare Inc., Date: None, Delay: -1 ms, Speed: 0.00 M/s, Resolution: None
Name: 湖北卫视, URL: https://migu.188766.xyz/?migutoken=1bd2e2d9e9c0ad914b23140d9d159fb9&id=%E6%B9%96%E5%8C%97%E5%8D%AB%E8%A7%86&type=yy, From: subscribe, IPv_Type: ipv6, Location: 美国, ISP: CloudFlare Inc., Date: None, Delay: -1 ms, Speed: 0.00 M/s, Resolution: None
Name: 湖北卫视, URL: https://migu.188766.xyz/?migutoken=3768534ca02598a3d58ac194f2ef5d81&id=%E6%B9%96%E5%8C%97%E5%8D%AB%E8%A7%86&type=yy, From: subscribe, IPv_Type: ipv6, Location: 美国, ISP: CloudFlare Inc., Date: None, Delay: -1 ms, Speed: 0.00 M/s, Resolution: None
Name: 湖北卫视, URL: https://migu.188766.xyz/?migutoken=7015216258c1817f25c2d8c1388cc1fb&id=%E6%B9%96%E5%8C%97%E5%8D%AB%E8%A7%86&type=yy, From: subscribe, IPv_Type: ipv6, Location: 美国, ISP: CloudFlare Inc., Date: None, Delay: -1 ms, Speed: 0.00 M/s, Resolution: None
Name: 湖北卫视, URL: https://migu.188766.xyz/?migutoken=114f735899e09645fecf4570a1fb9c33&id=%E6%B9%96%E5%8C%97%E5%8D%AB%E8%A7%86&type=yy, From: subscribe, IPv_Type: ipv6, Location: 美国, ISP: CloudFlare Inc., Date: None, Delay: -1 ms, Speed: 0.00 M/s, Resolution: None
Name: 湖北卫视, URL: https://migu.188766.xyz/?migutoken=163e799e467fe4a33bdc42f2439b219e&id=%E6%B9%96%E5%8C%97%E5%8D%AB%E8%A7%86&type=yy, From: subscribe, IPv_Type: ipv6, Location: 美国, ISP: CloudFlare Inc., Date: None, Delay: -1 ms, Speed: 0.00 M/s, Resolution: None
Name: 湖北卫视, URL: https://migu.188766.xyz/?migutoken=a73ac94c67f9c4e3432ebb056d363ed2&id=%E6%B9%96%E5%8C%97%E5%8D%AB%E8%A7%86&type=yy, From: subscribe, IPv_Type: ipv6, Location: 美国, ISP: CloudFlare Inc., Date: None, Delay: -1 ms, Speed: 0.00 M/s, Resolution: None
Name: 湖北卫视, URL: https://migu.188766.xyz/?migutoken=e5c2080677e9a8a4a62144ec1162455b&id=%E6%B9%96%E5%8C%97%E5%8D%AB%E8%A7%86&type=yy, From: subscribe, IPv_Type: ipv6, Location: 美国, ISP: CloudFlare Inc., Date: None, Delay: -1 ms, Speed: 0.00 M/s, Resolution: None
Name: 湖北卫视, URL: https://migu.188766.xyz/?migutoken=a4ab4d26d11912166ba177a438bccfdb&id=%E6%B9%96%E5%8C%97%E5%8D%AB%E8%A7%86&type=yy, From: subscribe, IPv_Type: ipv6, Location: 美国, ISP: CloudFlare Inc., Date: None, Delay: -1 ms, Speed: 0.00 M/s, Resolution: None
Name: 湖北卫视, URL: https://migu.188766.xyz/?migutoken=22034e0e3e959ea29aa92ad829b67b3a&id=%E6%B9%96%E5%8C%97%E5%8D%AB%E8%A7%86&type=yy, From: subscribe, IPv_Type: ipv6, Location: 美国, ISP: CloudFlare Inc., Date: None, Delay: -1 ms, Speed: 0.00 M/s, Resolution: None
Name: 湖北卫视, URL: https://migu.188766.xyz/?migutoken=bfe8c5709e1dfaee4916143555793089&id=%E6%B9%96%E5%8C%97%E5%8D%AB%E8%A7%86&type=yy, From: subscribe, IPv_Type: ipv6, Location: 美国, ISP: CloudFlare Inc., Date: None, Delay: -1 ms, Speed: 0.00 M/s, Resolution: None
Name: 湖北卫视, URL: http://hwottcdn.ln.chinamobile.com/PLTV/11/224/3221227230/index.m3u8, From: subscribe, IPv_Type: ipv6, Location: 中国, ISP: 中国移动, Date: None, Delay: -1 ms, Speed: 0.00 M/s, Resolution: None
Name: 湖北卫视, URL: http://hwottcdn.ln.chinamobile.com/PLTV/11/224/3221226162/index.m3u8, From: subscribe, IPv_Type: ipv6, Location: 中国, ISP: 中国移动, Date: None, Delay: -1 ms, Speed: 0.00 M/s, Resolution: None
Name: 湖北卫视, URL: http://hwltc.tv.cdn.zj.chinamobile.com/PLTV/88888888/224/3221236271/index.m3u8, From: subscribe, IPv_Type: ipv6, Location: 中国, ISP: 中国移动, Date: None, Delay: -1 ms, Speed: 0.00 M/s, Resolution: None
Name: 湖北卫视, URL: http://k.061899.xyz/k.php?id=hubws, From: subscribe, IPv_Type: ipv6, Location: 新加坡, ISP: Aceville Pte.Ltd., Date: None, Delay: -1 ms, Speed: 0.00 M/s, Resolution: None
Name: 湖北卫视, URL: http://hwottcdn.ln.chinamobile.com/PLTV/11/224/3221226705/index.m3u8, From: subscribe, IPv_Type: ipv6, Location: 中国, ISP: 中国移动, Date: None, Delay: -1 ms, Speed: 0.00 M/s, Resolution: None
Name: 湖北卫视, URL: http://iptvrr.sh.chinamobile.com:6060/cms001/ch00000090990000001027/index.m3u8, From: subscribe, IPv_Type: ipv6, Location: 中国, ISP: 中国移动, Date: None, Delay: -1 ms, Speed: 0.00 M/s, Resolution: None
Name: 湖北卫视, URL: http://hwottcdn.ln.chinamobile.com/PLTV/11/224/3221226877/index.m3u8, From: subscribe, IPv_Type: ipv6, Location: 中国, ISP: 中国移动, Date: None, Delay: -1 ms, Speed: 0.00 M/s, Resolution: None
Name: 湖北卫视, URL: http://tvgslb.hn.chinamobile.com:8089/180000001002/00000000000000020000000000182285/main.m3u8?stbid=, From: subscribe, IPv_Type: ipv6, Location: 中国, ISP: 中国移动, Date: None, Delay: -1 ms, Speed: 0.00 M/s, Resolution: None
Name: 湖北卫视, URL: http://tvgslb.hn.chinamobile.com:8089/180000001002/00000001000000000008000000047447/main.m3u8?stbid=, From: subscribe, IPv_Type: ipv6, Location: 中国, ISP: 中国移动, Date: None, Delay: -1 ms, Speed: 0.00 M/s, Resolution: None
Name: 湖北卫视, URL: http://ott.mobaibox.com/PLTV/3/224/3221227479/index.m3u8, From: subscribe, IPv_Type: ipv6, Location: 中国, ISP: 中国移动, Date: None, Delay: -1 ms, Speed: 0.00 M/s, Resolution: None
Name: 湖北卫视, URL: http://rrs01.hw.gmcc.net:8088/PLTV/81/224/3221226713/1.m3u8, From: subscribe, IPv_Type: ipv6, Location: 中国, ISP: 中国移动, Date: None, Delay: -1 ms, Speed: 0.00 M/s, Resolution: None
Name: 湖北卫视, URL: https://migu.188766.xyz/?migutoken=ca1b0033399881c43ba2adb250897839&id=%E6%B9%96%E5%8C%97%E5%8D%AB%E8%A7%86&type=yy, From: subscribe, IPv_Type: ipv6, Location: 美国, ISP: CloudFlare Inc., Date: None, Delay: -1 ms, Speed: 0.00 M/s, Resolution: None
Name: 湖北卫视, URL: https://migu.188766.xyz/?migutoken=613b00cdd77f67579d28978c67e89e77&id=%E6%B9%96%E5%8C%97%E5%8D%AB%E8%A7%86&type=yy, From: subscribe, IPv_Type: ipv6, Location: 美国, ISP: CloudFlare Inc., Date: None, Delay: -1 ms, Speed: 0.00 M/s, Resolution: None
Name: 湖北卫视, URL: https://migu.188766.xyz/?migutoken=b3ca91c05b39f2bd87e8a1887e917cf9&id=%E6%B9%96%E5%8C%97%E5%8D%AB%E8%A7%86&type=yy, From: subscribe, IPv_Type: ipv6, Location: 美国, ISP: CloudFlare Inc., Date: None, Delay: -1 ms, Speed: 0.00 M/s, Resolution: None
Name: 湖北卫视, URL: http://38.75.136.137:98/gslb/dsdqpub/hbwshd.m3u8?auth=testpub, From: subscribe, IPv_Type: ipv4, Location: 美国-伊利诺伊州-库克, ISP: Cogent, Date: None, Delay: 481 ms, Speed: 10.38 M/s, Resolution: 1920x1080
Name: 湖北卫视, URL: http://38.75.136.137:98/gslb/dsdqca/hbwshd.m3u8?auth=test20251009, From: subscribe, IPv_Type: ipv4, Location: 美国-伊利诺伊州-库克, ISP: Cogent, Date: None, Delay: 470 ms, Speed: 10.28 M/s, Resolution: 1920x1080
Name: 湖北卫视, URL: http://23.237.228.134/live6/hubei.m3u8, From: subscribe, IPv_Type: ipv4, Location: 北美地区, ISP: , Date: None, Delay: 363 ms, Speed: 6.56 M/s, Resolution: 1920x1080
Name: 湖北卫视, URL: http://satellitepull.cnr.cn/live/wx32hubws/playlist.m3u8, From: subscribe, IPv_Type: ipv4, Location: 美国-伊利诺伊州-库克, ISP: 网宿CDN节点, Date: None, Delay: 140 ms, Speed: 0.65 M/s, Resolution: None
Name: 湖北卫视, URL: https://iptv.catvod.com/live.php?id=%E6%B9%96%E5%8C%97%E5%8D%AB%E8%A7%86, From: subscribe, IPv_Type: ipv4, Location: 美国-加利福尼亚州-洛杉矶, ISP: IT7网络, Date: None, Delay: 187 ms, Speed: 0.00 M/s, Resolution: 1920x1080
Name: 江西卫视, URL: http://[2409:8087:2001:20:2800:0:df6e:eb17]:80/ott.mobaibox.com/PLTV/4/224/3221228109/index.m3u8, From: local, IPv_Type: ipv6, Location: 中国, ISP: 中国移动, Date: None, Delay: -1 ms, Speed: 0.00 M/s, Resolution: None
Name: 江西卫视, URL: http://php.jdshipin.com/TVOD/hnyd.php?id=200000001898/460000089800010060, From: subscribe, IPv_Type: ipv6, Location: 美国, ISP: CloudFlare Inc., Date: None, Delay: -1 ms, Speed: 0.00 M/s, Resolution: None
Name: 江西卫视, URL: http://z.b.bkpcp.top/m.php?id=jxws, From: subscribe, IPv_Type: ipv6, Location: 美国, ISP: CloudFlare Inc., Date: None, Delay: -1 ms, Speed: 0.00 M/s, Resolution: None
Name: 江西卫视, URL: http://goo.bkpcp.top/mg/jxws, From: subscribe, IPv_Type: ipv6, Location: 美国, ISP: CloudFlare Inc., Date: None, Delay: -1 ms, Speed: 0.00 M/s, Resolution: None
Name: 江西卫视, URL: http://iptv.huuc.edu.cn/hls/jxhd.m3u8, From: subscribe, IPv_Type: ipv6, Location: 中国, ISP: 教育网, Date: None, Delay: -1 ms, Speed: 0.00 M/s, Resolution: None
Name: 江西卫视, URL: https://zby.130519.xyz/PLTV/11/224/3221225740/index.m3u8, From: subscribe, IPv_Type: ipv6, Location: 美国, ISP: CloudFlare Inc., Date: None, Delay: -1 ms, Speed: 0.00 M/s, Resolution: None
Name: 江西卫视, URL: https://migu.188766.xyz/?migutoken=1839fc0b52d6ff7c01ca795cfaf9db2d&id=%E6%B1%9F%E8%A5%BF%E5%8D%AB%E8%A7%86&type=yy, From: subscribe, IPv_Type: ipv6, Location: 美国, ISP: CloudFlare Inc., Date: None, Delay: -1 ms, Speed: 0.00 M/s, Resolution: None
Name: 江西卫视, URL: http://[2409:8087:8:21::18]:6610/otttv.bj.chinamobile.com/PLTV/88888888/224/3221226956/1.m3u8?GuardEncType=2&accountinfo=%7E%7EV2.0%7Ei6ZIpVizXlewg-YfGvH8dA%7EtP4-l0lmSfjwLWEfK_el1vH_mv-s1zo4AQJwdedaVwG9xkuFTDg8J26cwOrNJzn20BErrHdLhuZ9EzLUCD3PMW-OMx4MGteHV2vLeW6BqoY%2CEND, From: subscribe, IPv_Type: ipv6, Location: 中国, ISP: 中国移动, Date: None, Delay: -1 ms, Speed: 0.00 M/s, Resolution: None
Name: 江西卫视, URL: http://[2409:8087:1a01:df::4077]/ottrrs.hl.chinamobile.com/PLTV/88888888/8/3221226504/index.m3u8, From: subscribe, IPv_Type: ipv6, Location: 中国, ISP: 中国移动, Date: None, Delay: -1 ms, Speed: 0.00 M/s, Resolution: None
Name: 江西卫视, URL: http://[2409:8087:1a01:df::4027]:80/TVOD/88888888/224/3221225935/main.m3u8, From: subscribe, IPv_Type: ipv6, Location: 中国, ISP: 中国移动, Date: None, Delay: -1 ms, Speed: 0.00 M/s, Resolution: None
Name: 江西卫视, URL: http://[2409:8087:1a01:df::4077]/ottrrs.hl.chinamobile.com/PLTV/88888888/8/3221226344/index.m3u8, From: subscribe, IPv_Type: ipv6, Location: 中国, ISP: 中国移动, Date: None, Delay: -1 ms, Speed: 0.00 M/s, Resolution: None
Name: 江西卫视, URL: https://www.freetv.top/migu/783847495.m3u8?migutoken=fddcc05dc0245329d3208607a5b1f5a1980bc31a7ced510e345af6cc68f5b86d2d9178b45706a0b6a0ceddc82ce06e53375cfedbc96fd0b00c12195c7d77b6f23811a67970bcfeb47629aa5aa6, From: subscribe, IPv_Type: ipv6, Location: 美国-加利福尼亚州-圣克拉拉, ISP: DigitalOcean, Date: None, Delay: -1 ms, Speed: 0.00 M/s, Resolution: None
Name: 江西卫视, URL: https://migu.188766.xyz/?migutoken=e7dc78ac07e4a47b600cf4a2e3c906cd&id=%E6%B1%9F%E8%A5%BF%E5%8D%AB%E8%A7%86&type=yy, From: subscribe, IPv_Type: ipv6, Location: 美国, ISP: CloudFlare Inc., Date: None, Delay: -1 ms, Speed: 0.00 M/s, Resolution: None
Name: 江西卫视, URL: https://migu.188766.xyz/?migutoken=3c9f9f3a17eb33a4eb9399ff0614b036&id=%E6%B1%9F%E8%A5%BF%E5%8D%AB%E8%A7%86&type=yy, From: subscribe, IPv_Type: ipv6, Location: 美国, ISP: CloudFlare Inc., Date: None, Delay: -1 ms, Speed: 0.00 M/s, Resolution: None
Name: 江西卫视, URL: https://migu.188766.xyz/?migutoken=a3f7b7651c4dadd20924243d1ca6c38c&id=%E6%B1%9F%E8%A5%BF%E5%8D%AB%E8%A7%86&type=yy, From: subscribe, IPv_Type: ipv6, Location: 美国, ISP: CloudFlare Inc., Date: None, Delay: -1 ms, Speed: 0.00 M/s, Resolution: None
Name: 江西卫视, URL: https://iptv.catvod.com/live.php?id=%E6%B1%9F%E8%A5%BF%E5%8D%AB%E8%A7%86%E5%8F%B0, From: subscribe, IPv_Type: ipv6, Location: 美国, ISP: CloudFlare Inc., Date: None, Delay: -1 ms, Speed: 0.00 M/s, Resolution: None
Name: 江西卫视, URL: https://migu.188766.xyz/?migutoken=caef5a6e7648246680537402499ae714&id=%E6%B1%9F%E8%A5%BF%E5%8D%AB%E8%A7%86&type=yy, From: subscribe, IPv_Type: ipv6, Location: 美国, ISP: CloudFlare Inc., Date: None, Delay: -1 ms, Speed: 0.00 M/s, Resolution: None
Name: 江西卫视, URL: https://migu.188766.xyz/?migutoken=61d4e814c5a46e7f94d2f900bd6ed8d2&id=%E6%B1%9F%E8%A5%BF%E5%8D%AB%E8%A7%86&type=yy, From: subscribe, IPv_Type: ipv6, Location: 美国, ISP: CloudFlare Inc., Date: None, Delay: -1 ms, Speed: 0.00 M/s, Resolution: None
Name: 江西卫视, URL: https://migu.188766.xyz/?migutoken=0149ef3cb8d3fc69ef79e47f8a839684&id=%E6%B1%9F%E8%A5%BF%E5%8D%AB%E8%A7%86&type=yy, From: subscribe, IPv_Type: ipv6, Location: 美国, ISP: CloudFlare Inc., Date: None, Delay: -1 ms, Speed: 0.00 M/s, Resolution: None
Name: 江西卫视, URL: https://iptv.catvod.com/live.php?id=%E6%B1%9F%E8%A5%BF%E5%8D%AB%E8%A7%86, From: subscribe, IPv_Type: ipv6, Location: 美国, ISP: CloudFlare Inc., Date: None, Delay: -1 ms, Speed: 0.00 M/s, Resolution: None
Name: 江西卫视, URL: https://migu.188766.xyz/?migutoken=fdff712c7c3f0cdc14827edfc4947395&id=%E6%B1%9F%E8%A5%BF%E5%8D%AB%E8%A7%86&type=yy, From: subscribe, IPv_Type: ipv6, Location: 美国, ISP: CloudFlare Inc., Date: None, Delay: -1 ms, Speed: 0.00 M/s, Resolution: None
Name: 江西卫视, URL: https://migu.188766.xyz/?migutoken=57a8d04d587ce6b00c1589b3c130a864&id=%E6%B1%9F%E8%A5%BF%E5%8D%AB%E8%A7%86&type=yy, From: subscribe, IPv_Type: ipv6, Location: 美国, ISP: CloudFlare Inc., Date: None, Delay: -1 ms, Speed: 0.00 M/s, Resolution: None
Name: 江西卫视, URL: https://migu.188766.xyz/?migutoken=2ff9cf8c9429b14e86ac2c3645c3a92d&id=%E6%B1%9F%E8%A5%BF%E5%8D%AB%E8%A7%86&type=yy, From: subscribe, IPv_Type: ipv6, Location: 美国, ISP: CloudFlare Inc., Date: None, Delay: -1 ms, Speed: 0.00 M/s, Resolution: None
Name: 江西卫视, URL: https://migu.188766.xyz/?migutoken=c01821f56424b80ecb996a8b050cdc4a&id=%E6%B1%9F%E8%A5%BF%E5%8D%AB%E8%A7%86&type=yy, From: subscribe, IPv_Type: ipv6, Location: 美国, ISP: CloudFlare Inc., Date: None, Delay: -1 ms, Speed: 0.00 M/s, Resolution: None
Name: 江西卫视, URL: https://migu.188766.xyz/?migutoken=ac80bbb04177a8ce4a3b6e70957d5814&id=%E6%B1%9F%E8%A5%BF%E5%8D%AB%E8%A7%86&type=yy, From: subscribe, IPv_Type: ipv6, Location: 美国, ISP: CloudFlare Inc., Date: None, Delay: -1 ms, Speed: 0.00 M/s, Resolution: None
Name: 江西卫视, URL: https://migu.188766.xyz/?migutoken=01da5be44584dffc0bd10cd395016729&id=%E6%B1%9F%E8%A5%BF%E5%8D%AB%E8%A7%86&type=yy, From: subscribe, IPv_Type: ipv6, Location: 美国, ISP: CloudFlare Inc., Date: None, Delay: -1 ms, Speed: 0.00 M/s, Resolution: None
Name: 江西卫视, URL: https://migu.188766.xyz/?migutoken=61d02694a739b8ea6a35472e3b3961b6&id=%E6%B1%9F%E8%A5%BF%E5%8D%AB%E8%A7%86&type=yy, From: subscribe, IPv_Type: ipv6, Location: 美国, ISP: CloudFlare Inc., Date: None, Delay: -1 ms, Speed: 0.00 M/s, Resolution: None
Name: 江西卫视, URL: https://migu.188766.xyz/?migutoken=6cbbb76c05ccc1f052867a95b5510c3d&id=%E6%B1%9F%E8%A5%BF%E5%8D%AB%E8%A7%86&type=yy, From: subscribe, IPv_Type: ipv6, Location: 美国, ISP: CloudFlare Inc., Date: None, Delay: -1 ms, Speed: 0.00 M/s, Resolution: None
Name: 江西卫视, URL: https://migu.188766.xyz/?migutoken=e52b388c2ffeb87b439c19a42dbf16e5&id=%E6%B1%9F%E8%A5%BF%E5%8D%AB%E8%A7%86&type=yy, From: subscribe, IPv_Type: ipv6, Location: 美国, ISP: CloudFlare Inc., Date: None, Delay: -1 ms, Speed: 0.00 M/s, Resolution: None
Name: 江西卫视, URL: https://migu.188766.xyz/?migutoken=74f5fb5f2401b713ad9b5ab795ff4139&id=%E6%B1%9F%E8%A5%BF%E5%8D%AB%E8%A7%86&type=yy, From: subscribe, IPv_Type: ipv6, Location: 美国, ISP: CloudFlare Inc., Date: None, Delay: -1 ms, Speed: 0.00 M/s, Resolution: None
Name: 江西卫视, URL: http://tvgslb.hn.chinamobile.com:8089/180000001002/00000000000000020000000000182287/main.m3u8?stbid=, From: subscribe, IPv_Type: ipv6, Location: 中国, ISP: 中国移动, Date: None, Delay: -1 ms, Speed: 0.00 M/s, Resolution: None
Name: 江西卫视, URL: http://iptvrr.sh.chinamobile.com:6060/cms001/ch00000090990000001034/index.m3u8, From: subscribe, IPv_Type: ipv6, Location: 中国, ISP: 中国移动, Date: None, Delay: -1 ms, Speed: 0.00 M/s, Resolution: None
Name: 江西卫视, URL: http://hwottcdn.ln.chinamobile.com/PLTV/11/224/3221227475/index.m3u8, From: subscribe, IPv_Type: ipv6, Location: 中国, ISP: 中国移动, Date: None, Delay: -1 ms, Speed: 0.00 M/s, Resolution: None
Name: 江西卫视, URL: http://hwltc.tv.cdn.zj.chinamobile.com/PLTV/88888888/224/3221236212/index.m3u8, From: subscribe, IPv_Type: ipv6, Location: 中国, ISP: 中国移动, Date: None, Delay: -1 ms, Speed: 0.00 M/s, Resolution: None
Name: 江西卫视, URL: http://rrs01.hw.gmcc.net:8088/PLTV/81/224/3221226726/1.m3u8, From: subscribe, IPv_Type: ipv6, Location: 中国, ISP: 中国移动, Date: None, Delay: -1 ms, Speed: 0.00 M/s, Resolution: None
Name: 江西卫视, URL: http://tvgslb.hn.chinamobile.com:8089/180000001002/00000001000000000064000000308822/main.m3u8?stbid=, From: subscribe, IPv_Type: ipv6, Location: 中国, ISP: 中国移动, Date: None, Delay: -1 ms, Speed: 0.00 M/s, Resolution: None
Name: 江西卫视, URL: http://hwottcdn.ln.chinamobile.com/PLTV/11/224/3221226788/index.m3u8, From: subscribe, IPv_Type: ipv6, Location: 中国, ISP: 中国移动, Date: None, Delay: -1 ms, Speed: 0.00 M/s, Resolution: None
Name: 江西卫视, URL: http://ott.mobaibox.com/PLTV/3/224/3221228109/index.m3u8, From: subscribe, IPv_Type: ipv6, Location: 中国, ISP: 中国移动, Date: None, Delay: -1 ms, Speed: 0.00 M/s, Resolution: None
Name: 江西卫视, URL: http://hwottcdn.ln.chinamobile.com/PLTV/11/224/3221226142/index.m3u8, From: subscribe, IPv_Type: ipv6, Location: 中国, ISP: 中国移动, Date: None, Delay: -1 ms, Speed: 0.00 M/s, Resolution: None
Name: 江西卫视, URL: http://k.061899.xyz/k.php?id=jxws, From: subscribe, IPv_Type: ipv6, Location: 新加坡, ISP: Aceville Pte.Ltd., Date: None, Delay: -1 ms, Speed: 0.00 M/s, Resolution: None
Name: 江西卫视, URL: http://rrs01.hw.gmcc.net:8088/PLTV/81/224/3221226682/1.m3u8, From: subscribe, IPv_Type: ipv6, Location: 中国, ISP: 中国移动, Date: None, Delay: -1 ms, Speed: 0.00 M/s, Resolution: None
Name: 江西卫视, URL: https://migu.188766.xyz/?migutoken=0e5b31fc301517f1aad3f40a3cabc820&id=%E6%B1%9F%E8%A5%BF%E5%8D%AB%E8%A7%86&type=yy, From: subscribe, IPv_Type: ipv6, Location: 美国, ISP: CloudFlare Inc., Date: None, Delay: -1 ms, Speed: 0.00 M/s, Resolution: None
Name: 江西卫视, URL: https://migu.188766.xyz/?migutoken=93c2aad7a82944caad09426576f55a6a&id=%E6%B1%9F%E8%A5%BF%E5%8D%AB%E8%A7%86&type=yy, From: subscribe, IPv_Type: ipv6, Location: 美国, ISP: CloudFlare Inc., Date: None, Delay: -1 ms, Speed: 0.00 M/s, Resolution: None
Name: 江西卫视, URL: https://migu.188766.xyz/?migutoken=c99f2815833fdbc7131209f1f0fd8181&id=%E6%B1%9F%E8%A5%BF%E5%8D%AB%E8%A7%86&type=yy, From: subscribe, IPv_Type: ipv6, Location: 美国, ISP: CloudFlare Inc., Date: None, Delay: -1 ms, Speed: 0.00 M/s, Resolution: None
Name: 江西卫视, URL: http://23.237.228.134/live8/jiangxi.m3u8, From: subscribe, IPv_Type: ipv4, Location: 北美地区, ISP: , Date: None, Delay: 1843 ms, Speed: 2.69 M/s, Resolution: 1920x1080
Name: 江西卫视, URL: http://satellitepull.cnr.cn/live/wx32jiangxws/playlist.m3u8, From: subscribe, IPv_Type: ipv4, Location: 美国-伊利诺伊州-库克, ISP: 网宿CDN节点, Date: None, Delay: 141 ms, Speed: 0.68 M/s, Resolution: None
Name: 吉林卫视, URL: http://[2409:8087:2001:20:2800:0:df6e:eb03]:80/ott.mobaibox.com/PLTV/4/224/3221228130/index.m3u8, From: local, IPv_Type: ipv6, Location: 中国, ISP: 中国移动, Date: None, Delay: -1 ms, Speed: 0.00 M/s, Resolution: None
Name: 吉林卫视, URL: http://php.jdshipin.com/TVOD/hnyd.php?id=200000001898/460000089800010075, From: subscribe, IPv_Type: ipv6, Location: 美国, ISP: CloudFlare Inc., Date: None, Delay: -1 ms, Speed: 0.00 M/s, Resolution: None
Name: 吉林卫视, URL: http://z.b.bkpcp.top/m.php?id=jlws, From: subscribe, IPv_Type: ipv6, Location: 美国, ISP: CloudFlare Inc., Date: None, Delay: -1 ms, Speed: 0.00 M/s, Resolution: None
Name: 吉林卫视, URL: http://j.x.bkpcp.top/jx/JILHD, From: subscribe, IPv_Type: ipv6, Location: 美国, ISP: CloudFlare Inc., Date: None, Delay: -1 ms, Speed: 0.00 M/s, Resolution: None
Name: 吉林卫视, URL: http://goo.bkpcp.top/mg/jlws, From: subscribe, IPv_Type: ipv6, Location: 美国, ISP: CloudFlare Inc., Date: None, Delay: -1 ms, Speed: 0.00 M/s, Resolution: None
Name: 吉林卫视, URL: https://zby.130519.xyz/PLTV/11/224/3221226149/index.m3u8, From: subscribe, IPv_Type: ipv6, Location: 美国, ISP: CloudFlare Inc., Date: None, Delay: -1 ms, Speed: 0.00 M/s, Resolution: None
Name: 吉林卫视, URL: https://zby.130519.xyz/PLTV/11/224/3221226082/index.m3u8, From: subscribe, IPv_Type: ipv6, Location: 美国, ISP: CloudFlare Inc., Date: None, Delay: -1 ms, Speed: 0.00 M/s, Resolution: None
Name: 吉林卫视, URL: https://migu.188766.xyz/?migutoken=bc9d7b527a79412e22e1ec1c74e86220&id=%E5%90%89%E6%9E%97%E5%8D%AB%E8%A7%86&type=yy, From: subscribe, IPv_Type: ipv6, Location: 美国, ISP: CloudFlare Inc., Date: None, Delay: -1 ms, Speed: 0.00 M/s, Resolution: None
Name: 吉林卫视, URL: http://[2409:8087:8:21::18]:6610/otttv.bj.chinamobile.com/PLTV/88888888/224/3221227015/1.m3u8?GuardEncType=2&accountinfo=%7E%7EV2.0%7EW5-3AVdwD5KlUpuA4mz7Cg%7EtP4-l0lmSfjwLWEfK_el1vH_mv-s1zo4AQJwdedaVwG9xkuFTDg8J26cwOrNJzn20BErrHdLhuZ9EzLUCD3PMW-OMx4MGteHV2vLeW6BqoY%2CEND, From: subscribe, IPv_Type: ipv6, Location: 中国, ISP: 中国移动, Date: None, Delay: -1 ms, Speed: 0.00 M/s, Resolution: None
Name: 吉林卫视, URL: http://[2409:8087:1a01:df::4077]/ottrrs.hl.chinamobile.com/PLTV/88888888/8/3221226397/index.m3u8, From: subscribe, IPv_Type: ipv6, Location: 中国, ISP: 中国移动, Date: None, Delay: -1 ms, Speed: 0.00 M/s, Resolution: None
Name: 吉林卫视, URL: https://migu.188766.xyz/?migutoken=940c1699cbb6f1bd0f390e40c5d0af50&id=%E5%90%89%E6%9E%97%E5%8D%AB%E8%A7%86&type=yy, From: subscribe, IPv_Type: ipv6, Location: 美国, ISP: CloudFlare Inc., Date: None, Delay: -1 ms, Speed: 0.00 M/s, Resolution: None
Name: 吉林卫视, URL: https://migu.188766.xyz/?migutoken=1a104608f2b994f0c54fa24153a3bfa1&id=%E5%90%89%E6%9E%97%E5%8D%AB%E8%A7%86&type=yy, From: subscribe, IPv_Type: ipv6, Location: 美国, ISP: CloudFlare Inc., Date: None, Delay: -1 ms, Speed: 0.00 M/s, Resolution: None
Name: 吉林卫视, URL: https://migu.188766.xyz/?migutoken=539713d2a2f201278126acd9c876bda6&id=%E5%90%89%E6%9E%97%E5%8D%AB%E8%A7%86&type=yy, From: subscribe, IPv_Type: ipv6, Location: 美国, ISP: CloudFlare Inc., Date: None, Delay: -1 ms, Speed: 0.00 M/s, Resolution: None
Name: 吉林卫视, URL: https://migu.188766.xyz/?migutoken=3fdd9ee0fa3d3adb66034982211331b7&id=%E5%90%89%E6%9E%97%E5%8D%AB%E8%A7%86&type=yy, From: subscribe, IPv_Type: ipv6, Location: 美国, ISP: CloudFlare Inc., Date: None, Delay: -1 ms, Speed: 0.00 M/s, Resolution: None
Name: 吉林卫视, URL: https://migu.188766.xyz/?migutoken=5b101b6f5191bc35fd64a2599f089ed3&id=%E5%90%89%E6%9E%97%E5%8D%AB%E8%A7%86&type=yy, From: subscribe, IPv_Type: ipv6, Location: 美国, ISP: CloudFlare Inc., Date: None, Delay: -1 ms, Speed: 0.00 M/s, Resolution: None
Name: 吉林卫视, URL: https://migu.188766.xyz/?migutoken=daf5e6bbdf18f36c1df09634e91a9234&id=%E5%90%89%E6%9E%97%E5%8D%AB%E8%A7%86&type=yy, From: subscribe, IPv_Type: ipv6, Location: 美国, ISP: CloudFlare Inc., Date: None, Delay: -1 ms, Speed: 0.00 M/s, Resolution: None
Name: 吉林卫视, URL: https://iptv.catvod.com/live.php?id=%E5%90%89%E6%9E%97%E5%8D%AB%E8%A7%86%E5%8F%B0, From: subscribe, IPv_Type: ipv6, Location: 美国, ISP: CloudFlare Inc., Date: None, Delay: -1 ms, Speed: 0.00 M/s, Resolution: None
Name: 吉林卫视, URL: https://migu.188766.xyz/?migutoken=10b15a4c4e578031f83bd4ad48f66448&id=%E5%90%89%E6%9E%97%E5%8D%AB%E8%A7%86&type=yy, From: subscribe, IPv_Type: ipv6, Location: 美国, ISP: CloudFlare Inc., Date: None, Delay: -1 ms, Speed: 0.00 M/s, Resolution: None
Name: 吉林卫视, URL: https://migu.188766.xyz/?migutoken=50cc84b6c4f44b7b3161066590a6fbc6&id=%E5%90%89%E6%9E%97%E5%8D%AB%E8%A7%86&type=yy, From: subscribe, IPv_Type: ipv6, Location: 美国, ISP: CloudFlare Inc., Date: None, Delay: -1 ms, Speed: 0.00 M/s, Resolution: None
Name: 吉林卫视, URL: https://migu.188766.xyz/?migutoken=7d85cb59223d5b290f38a603ccb9dacb&id=%E5%90%89%E6%9E%97%E5%8D%AB%E8%A7%86&type=yy, From: subscribe, IPv_Type: ipv6, Location: 美国, ISP: CloudFlare Inc., Date: None, Delay: -1 ms, Speed: 0.00 M/s, Resolution: None
Name: 吉林卫视, URL: https://migu.188766.xyz/?migutoken=8c46445da3bc651a4bf1150c685be614&id=%E5%90%89%E6%9E%97%E5%8D%AB%E8%A7%86&type=yy, From: subscribe, IPv_Type: ipv6, Location: 美国, ISP: CloudFlare Inc., Date: None, Delay: -1 ms, Speed: 0.00 M/s, Resolution: None
Name: 吉林卫视, URL: https://migu.188766.xyz/?migutoken=5dca455deadf4fdeae5885c1b5adf1f0&id=%E5%90%89%E6%9E%97%E5%8D%AB%E8%A7%86&type=yy, From: subscribe, IPv_Type: ipv6, Location: 美国, ISP: CloudFlare Inc., Date: None, Delay: -1 ms, Speed: 0.00 M/s, Resolution: None
Name: 吉林卫视, URL: https://iptv.catvod.com/live.php?id=%E5%90%89%E6%9E%97%E5%8D%AB%E8%A7%86, From: subscribe, IPv_Type: ipv6, Location: 美国, ISP: CloudFlare Inc., Date: None, Delay: -1 ms, Speed: 0.00 M/s, Resolution: None
Name: 吉林卫视, URL: https://migu.188766.xyz/?migutoken=c98da3686e21d6f58a0f353fd01a45c0&id=%E5%90%89%E6%9E%97%E5%8D%AB%E8%A7%86&type=yy, From: subscribe, IPv_Type: ipv6, Location: 美国, ISP: CloudFlare Inc., Date: None, Delay: -1 ms, Speed: 0.00 M/s, Resolution: None
Name: 吉林卫视, URL: https://migu.188766.xyz/?migutoken=a9010441179c241d9edfff3eefe23c08&id=%E5%90%89%E6%9E%97%E5%8D%AB%E8%A7%86&type=yy, From: subscribe, IPv_Type: ipv6, Location: 美国, ISP: CloudFlare Inc., Date: None, Delay: -1 ms, Speed: 0.00 M/s, Resolution: None
Name: 吉林卫视, URL: https://migu.188766.xyz/?migutoken=eea5d3296b3ec6f0149fcbe99f0dccf8&id=%E5%90%89%E6%9E%97%E5%8D%AB%E8%A7%86&type=yy, From: subscribe, IPv_Type: ipv6, Location: 美国, ISP: CloudFlare Inc., Date: None, Delay: -1 ms, Speed: 0.00 M/s, Resolution: None
Name: 吉林卫视, URL: https://migu.188766.xyz/?migutoken=ae8675389a4b126102c9f3497ee6fe32&id=%E5%90%89%E6%9E%97%E5%8D%AB%E8%A7%86&type=yy, From: subscribe, IPv_Type: ipv6, Location: 美国, ISP: CloudFlare Inc., Date: None, Delay: -1 ms, Speed: 0.00 M/s, Resolution: None
Name: 吉林卫视, URL: https://migu.188766.xyz/?migutoken=591d9ec92f8116c78d8b2253ddc262be&id=%E5%90%89%E6%9E%97%E5%8D%AB%E8%A7%86&type=yy, From: subscribe, IPv_Type: ipv6, Location: 美国, ISP: CloudFlare Inc., Date: None, Delay: -1 ms, Speed: 0.00 M/s, Resolution: None
Name: 吉林卫视, URL: http://ott.mobaibox.com/PLTV/3/224/3221228130/index.m3u8, From: subscribe, IPv_Type: ipv6, Location: 中国, ISP: 中国移动, Date: None, Delay: -1 ms, Speed: 0.00 M/s, Resolution: None
Name: 吉林卫视, URL: http://rrs01.hw.gmcc.net:8088/PLTV/81/224/3221226671/1.m3u8, From: subscribe, IPv_Type: ipv6, Location: 中国, ISP: 中国移动, Date: None, Delay: -1 ms, Speed: 0.00 M/s, Resolution: None
Name: 吉林卫视, URL: http://k.061899.xyz/k.php?id=jlws, From: subscribe, IPv_Type: ipv6, Location: 新加坡, ISP: Aceville Pte.Ltd., Date: None, Delay: -1 ms, Speed: 0.00 M/s, Resolution: None
Name: 吉林卫视, URL: http://tvgslb.hn.chinamobile.com:8089/180000001002/00000001000000000057000000208223/main.m3u8?stbid=, From: subscribe, IPv_Type: ipv6, Location: 中国, ISP: 中国移动, Date: None, Delay: -1 ms, Speed: 0.00 M/s, Resolution: None
Name: 吉林卫视, URL: http://iptvrr.sh.chinamobile.com:6060/cms001/ch00000090990000001225/index.m3u8, From: subscribe, IPv_Type: ipv6, Location: 中国, ISP: 中国移动, Date: None, Delay: -1 ms, Speed: 0.00 M/s, Resolution: None
Name: 吉林卫视, URL: http://hwltc.tv.cdn.zj.chinamobile.com/PLTV/88888888/224/3221236268/index.m3u8, From: subscribe, IPv_Type: ipv6, Location: 中国, ISP: 中国移动, Date: None, Delay: -1 ms, Speed: 0.00 M/s, Resolution: None
Name: 吉林卫视, URL: http://hwottcdn.ln.chinamobile.com/PLTV/11/224/3221226159/index.m3u8, From: subscribe, IPv_Type: ipv6, Location: 中国, ISP: 中国移动, Date: None, Delay: -1 ms, Speed: 0.00 M/s, Resolution: None
Name: 吉林卫视, URL: http://hwottcdn.ln.chinamobile.com/PLTV/11/224/3221227310/index.m3u8, From: subscribe, IPv_Type: ipv6, Location: 中国, ISP: 中国移动, Date: None, Delay: -1 ms, Speed: 0.00 M/s, Resolution: None
Name: 吉林卫视, URL: http://hwottcdn.ln.chinamobile.com/PLTV/11/224/3221227163/index.m3u8, From: subscribe, IPv_Type: ipv6, Location: 中国, ISP: 中国移动, Date: None, Delay: -1 ms, Speed: 0.00 M/s, Resolution: None
Name: 吉林卫视, URL: http://tvgslb.hn.chinamobile.com:8089/180000001002/00000000000000020000000000182264/main.m3u8?stbid=, From: subscribe, IPv_Type: ipv6, Location: 中国, ISP: 中国移动, Date: None, Delay: -1 ms, Speed: 0.00 M/s, Resolution: None
Name: 吉林卫视, URL: https://migu.188766.xyz/?migutoken=cf7cbd744afa6d6bf16456577057adee&id=%E5%90%89%E6%9E%97%E5%8D%AB%E8%A7%86&type=yy, From: subscribe, IPv_Type: ipv6, Location: 美国, ISP: CloudFlare Inc., Date: None, Delay: -1 ms, Speed: 0.00 M/s, Resolution: None
Name: 吉林卫视, URL: https://migu.188766.xyz/?migutoken=a0ff3339a4dd1d67b67a82af6c10e045&id=%E5%90%89%E6%9E%97%E5%8D%AB%E8%A7%86&type=yy, From: subscribe, IPv_Type: ipv6, Location: 美国, ISP: CloudFlare Inc., Date: None, Delay: -1 ms, Speed: 0.00 M/s, Resolution: None
Name: 吉林卫视, URL: https://zby.130519.xyz/PLTV/11/224/3221226082/index.m3u8, From: subscribe, IPv_Type: ipv6, Location: 美国, ISP: CloudFlare Inc., Date: None, Delay: -1 ms, Speed: 0.00 M/s, Resolution: None
Name: 吉林卫视, URL: https://migu.188766.xyz/?migutoken=4b4b4ce8cab12574d5221e283ee63893&id=%E5%90%89%E6%9E%97%E5%8D%AB%E8%A7%86&type=yy, From: subscribe, IPv_Type: ipv6, Location: 美国, ISP: CloudFlare Inc., Date: None, Delay: -1 ms, Speed: 0.00 M/s, Resolution: None
Name: 吉林卫视, URL: http://38.75.136.137:98/gslb/dsdqpub/jlwshd.m3u8?auth=testpub, From: subscribe, IPv_Type: ipv4, Location: 美国-伊利诺伊州-库克, ISP: Cogent, Date: None, Delay: 457 ms, Speed: 9.14 M/s, Resolution: 1920x1080
Name: 吉林卫视, URL: http://23.237.228.134/live8/jilin.m3u8, From: subscribe, IPv_Type: ipv4, Location: 北美地区, ISP: , Date: None, Delay: 352 ms, Speed: 6.84 M/s, Resolution: 1920x1080
Name: 吉林卫视, URL: http://satellitepull.cnr.cn/live/wxjlws/playlist.m3u8, From: subscribe, IPv_Type: ipv4, Location: 美国-伊利诺伊州-库克, ISP: 网宿CDN节点, Date: None, Delay: 140 ms, Speed: 0.69 M/s, Resolution: None
Name: 辽宁卫视, URL: http://[2409:8087:7000:20:1000::22]:6060/yinhe/2/ch00000090990000001340/index.m3u8?virtualDomain=yinhe.live_hls.zte.com, From: local, IPv_Type: ipv6, Location: 中国, ISP: 中国移动, Date: None, Delay: -1 ms, Speed: 0.00 M/s, Resolution: None
Name: 辽宁卫视, URL: http://php.jdshipin.com/TVOD/hljyd.php?id=3221226546, From: subscribe, IPv_Type: ipv6, Location: 美国, ISP: CloudFlare Inc., Date: None, Delay: -1 ms, Speed: 0.00 M/s, Resolution: None
Name: 辽宁卫视, URL: http://z.b.bkpcp.top/m.php?id=lnws, From: subscribe, IPv_Type: ipv6, Location: 美国, ISP: CloudFlare Inc., Date: None, Delay: -1 ms, Speed: 0.00 M/s, Resolution: None
Name: 辽宁卫视, URL: http://j.x.bkpcp.top/jx/LIAONHD, From: subscribe, IPv_Type: ipv6, Location: 美国, ISP: CloudFlare Inc., Date: None, Delay: -1 ms, Speed: 0.00 M/s, Resolution: None
Name: 辽宁卫视, URL: http://3501776.xyz:35455/itv/1000000005000265022.m3u8?cdn=ystenlive, From: subscribe, IPv_Type: ipv6, Location: 美国, ISP: CloudFlare Inc., Date: None, Delay: -1 ms, Speed: 0.00 M/s, Resolution: None
Name: 辽宁卫视, URL: http://iptv.huuc.edu.cn/hls/lnhd.m3u8, From: subscribe, IPv_Type: ipv6, Location: 中国, ISP: 教育网, Date: None, Delay: -1 ms, Speed: 0.00 M/s, Resolution: None
Name: 辽宁卫视, URL: https://zby.130519.xyz/PLTV/11/224/3221225747/index.m3u8, From: subscribe, IPv_Type: ipv6, Location: 美国, ISP: CloudFlare Inc., Date: None, Delay: -1 ms, Speed: 0.00 M/s, Resolution: None
Name: 辽宁卫视, URL: https://migu.188766.xyz/?migutoken=9a10d8bd2cfedc4a7437bcb56992428b&id=%E8%BE%BD%E5%AE%81%E5%8D%AB%E8%A7%86&type=yy, From: subscribe, IPv_Type: ipv6, Location: 美国, ISP: CloudFlare Inc., Date: None, Delay: -1 ms, Speed: 0.00 M/s, Resolution: None
Name: 辽宁卫视, URL: http://[2409:8087:8:21::18]:6610/otttv.bj.chinamobile.com/PLTV/88888888/224/3221226966/1.m3u8?GuardEncType=2&accountinfo=%7E%7EV2.0%7E6qJH8Fd-zgCGx3P-Ce86cA%7EtP4-l0lmSfjwLWEfK_el1vH_mv-s1zo4AQJwdedaVwG9xkuFTDg8J26cwOrNJzn20BErrHdLhuZ9EzLUCD3PMW-OMx4MGteHV2vLeW6BqoY%2CEND, From: subscribe, IPv_Type: ipv6, Location: 中国, ISP: 中国移动, Date: None, Delay: -1 ms, Speed: 0.00 M/s, Resolution: None
Name: 辽宁卫视, URL: http://[2409:8087:1a01:df::4077]/ottrrs.hl.chinamobile.com/PLTV/88888888/8/3221226254/index.m3u8, From: subscribe, IPv_Type: ipv6, Location: 中国, ISP: 中国移动, Date: None, Delay: -1 ms, Speed: 0.00 M/s, Resolution: None
Name: 辽宁卫视, URL: https://migu.188766.xyz/?migutoken=50e0da03bcbd677f0e3bce7687976a24&id=%E8%BE%BD%E5%AE%81%E5%8D%AB%E8%A7%86&type=yy, From: subscribe, IPv_Type: ipv6, Location: 美国, ISP: CloudFlare Inc., Date: None, Delay: -1 ms, Speed: 0.00 M/s, Resolution: None
Name: 辽宁卫视, URL: https://migu.188766.xyz/?migutoken=e201b71c2f80a5119353e9330ed8d006&id=%E8%BE%BD%E5%AE%81%E5%8D%AB%E8%A7%86&type=yy, From: subscribe, IPv_Type: ipv6, Location: 美国, ISP: CloudFlare Inc., Date: None, Delay: -1 ms, Speed: 0.00 M/s, Resolution: None
Name: 辽宁卫视, URL: https://migu.188766.xyz/?migutoken=2e1ffcc4c1858f6a20860f73e7330392&id=%E8%BE%BD%E5%AE%81%E5%8D%AB%E8%A7%86&type=yy, From: subscribe, IPv_Type: ipv6, Location: 美国, ISP: CloudFlare Inc., Date: None, Delay: -1 ms, Speed: 0.00 M/s, Resolution: None
Name: 辽宁卫视, URL: https://migu.188766.xyz/?migutoken=49f4fd5aec10175a45157be8258ed65f&id=%E8%BE%BD%E5%AE%81%E5%8D%AB%E8%A7%86&type=yy, From: subscribe, IPv_Type: ipv6, Location: 美国, ISP: CloudFlare Inc., Date: None, Delay: -1 ms, Speed: 0.00 M/s, Resolution: None
Name: 辽宁卫视, URL: https://migu.188766.xyz/?migutoken=7f9267639f7a0323ad30ab83bb588098&id=%E8%BE%BD%E5%AE%81%E5%8D%AB%E8%A7%86&type=yy, From: subscribe, IPv_Type: ipv6, Location: 美国, ISP: CloudFlare Inc., Date: None, Delay: -1 ms, Speed: 0.00 M/s, Resolution: None
Name: 辽宁卫视, URL: https://migu.188766.xyz/?migutoken=59dda4fb6566fc5bd1dea943350ddfcb&id=%E8%BE%BD%E5%AE%81%E5%8D%AB%E8%A7%86&type=yy, From: subscribe, IPv_Type: ipv6, Location: 美国, ISP: CloudFlare Inc., Date: None, Delay: -1 ms, Speed: 0.00 M/s, Resolution: None
Name: 辽宁卫视, URL: https://migu.188766.xyz/?migutoken=c69943faaec775f6fd8fe1dc1c6fbd17&id=%E8%BE%BD%E5%AE%81%E5%8D%AB%E8%A7%86&type=yy, From: subscribe, IPv_Type: ipv6, Location: 美国, ISP: CloudFlare Inc., Date: None, Delay: -1 ms, Speed: 0.00 M/s, Resolution: None
Name: 辽宁卫视, URL: https://migu.188766.xyz/?migutoken=fc984dd3210af4b67d426d0b263794ec&id=%E8%BE%BD%E5%AE%81%E5%8D%AB%E8%A7%86&type=yy, From: subscribe, IPv_Type: ipv6, Location: 美国, ISP: CloudFlare Inc., Date: None, Delay: -1 ms, Speed: 0.00 M/s, Resolution: None
Name: 辽宁卫视, URL: https://migu.188766.xyz/?migutoken=01b58142989fa72f265dad29d1fe3960&id=%E8%BE%BD%E5%AE%81%E5%8D%AB%E8%A7%86&type=yy, From: subscribe, IPv_Type: ipv6, Location: 美国, ISP: CloudFlare Inc., Date: None, Delay: -1 ms, Speed: 0.00 M/s, Resolution: None
Name: 辽宁卫视, URL: https://migu.188766.xyz/?migutoken=a62eb3376d7c614fee676e8da9b6a4ce&id=%E8%BE%BD%E5%AE%81%E5%8D%AB%E8%A7%86&type=yy, From: subscribe, IPv_Type: ipv6, Location: 美国, ISP: CloudFlare Inc., Date: None, Delay: -1 ms, Speed: 0.00 M/s, Resolution: None
Name: 辽宁卫视, URL: https://migu.188766.xyz/?migutoken=9a297a3d132ec5ce9ce5db70289c9996&id=%E8%BE%BD%E5%AE%81%E5%8D%AB%E8%A7%86&type=yy, From: subscribe, IPv_Type: ipv6, Location: 美国, ISP: CloudFlare Inc., Date: None, Delay: -1 ms, Speed: 0.00 M/s, Resolution: None
Name: 辽宁卫视, URL: https://migu.188766.xyz/?migutoken=3c56089526858bdadecf8f272b29a6ce&id=%E8%BE%BD%E5%AE%81%E5%8D%AB%E8%A7%86&type=yy, From: subscribe, IPv_Type: ipv6, Location: 美国, ISP: CloudFlare Inc., Date: None, Delay: -1 ms, Speed: 0.00 M/s, Resolution: None
Name: 辽宁卫视, URL: https://migu.188766.xyz/?migutoken=4400a6ec6aa739ef940ebed79bee554c&id=%E8%BE%BD%E5%AE%81%E5%8D%AB%E8%A7%86&type=yy, From: subscribe, IPv_Type: ipv6, Location: 美国, ISP: CloudFlare Inc., Date: None, Delay: -1 ms, Speed: 0.00 M/s, Resolution: None
Name: 辽宁卫视, URL: https://migu.188766.xyz/?migutoken=e92fd46a4cfb6540e1ee4edbd012e22e&id=%E8%BE%BD%E5%AE%81%E5%8D%AB%E8%A7%86&type=yy, From: subscribe, IPv_Type: ipv6, Location: 美国, ISP: CloudFlare Inc., Date: None, Delay: -1 ms, Speed: 0.00 M/s, Resolution: None
Name: 辽宁卫视, URL: https://migu.188766.xyz/?migutoken=cb348614b011c1b5ce94404f560a84f7&id=%E8%BE%BD%E5%AE%81%E5%8D%AB%E8%A7%86&type=yy, From: subscribe, IPv_Type: ipv6, Location: 美国, ISP: CloudFlare Inc., Date: None, Delay: -1 ms, Speed: 0.00 M/s, Resolution: None
Name: 辽宁卫视, URL: https://migu.188766.xyz/?migutoken=15e782182447aca383980029273f43eb&id=%E8%BE%BD%E5%AE%81%E5%8D%AB%E8%A7%86&type=yy, From: subscribe, IPv_Type: ipv6, Location: 美国, ISP: CloudFlare Inc., Date: None, Delay: -1 ms, Speed: 0.00 M/s, Resolution: None
Name: 辽宁卫视, URL: http://rrs01.hw.gmcc.net:8088/PLTV/81/224/3221226689/1.m3u8, From: subscribe, IPv_Type: ipv6, Location: 中国, ISP: 中国移动, Date: None, Delay: -1 ms, Speed: 0.00 M/s, Resolution: None
Name: 辽宁卫视, URL: http://iptvrr.sh.chinamobile.com:6060/cms001/ch00000090990000001035/index.m3u8, From: subscribe, IPv_Type: ipv6, Location: 中国, ISP: 中国移动, Date: None, Delay: -1 ms, Speed: 0.00 M/s, Resolution: None
Name: 辽宁卫视, URL: http://tvgslb.hn.chinamobile.com:8089/180000001002/00000001000000000016000000007225/main.m3u8?stbid=, From: subscribe, IPv_Type: ipv6, Location: 中国, ISP: 中国移动, Date: None, Delay: -1 ms, Speed: 0.00 M/s, Resolution: None
Name: 辽宁卫视, URL: http://hwottcdn.ln.chinamobile.com/PLTV/11/224/3221226767/index.m3u8, From: subscribe, IPv_Type: ipv6, Location: 中国, ISP: 中国移动, Date: None, Delay: -1 ms, Speed: 0.00 M/s, Resolution: None
Name: 辽宁卫视, URL: http://hwottcdn.ln.chinamobile.com/PLTV/11/224/3221226141/index.m3u8, From: subscribe, IPv_Type: ipv6, Location: 中国, ISP: 中国移动, Date: None, Delay: -1 ms, Speed: 0.00 M/s, Resolution: None
Name: 辽宁卫视, URL: http://tvgslb.hn.chinamobile.com:8089/180000001002/00000000000000020000000000176343/main.m3u8?stbid=, From: subscribe, IPv_Type: ipv6, Location: 中国, ISP: 中国移动, Date: None, Delay: -1 ms, Speed: 0.00 M/s, Resolution: None
Name: 辽宁卫视, URL: http://hwltc.tv.cdn.zj.chinamobile.com/PLTV/88888888/224/3221236161/index.m3u8, From: subscribe, IPv_Type: ipv6, Location: 中国, ISP: 中国移动, Date: None, Delay: -1 ms, Speed: 0.00 M/s, Resolution: None
Name: 辽宁卫视, URL: http://k.061899.xyz/k.php?id=lnws, From: subscribe, IPv_Type: ipv6, Location: 新加坡, ISP: Aceville Pte.Ltd., Date: None, Delay: -1 ms, Speed: 0.00 M/s, Resolution: None
Name: 辽宁卫视, URL: http://ott.mobaibox.com/PLTV/3/224/3221227485/index.m3u8, From: subscribe, IPv_Type: ipv6, Location: 中国, ISP: 中国移动, Date: None, Delay: -1 ms, Speed: 0.00 M/s, Resolution: None
Name: 辽宁卫视, URL: http://hwottcdn.ln.chinamobile.com/PLTV/11/224/3221226156/index.m3u8, From: subscribe, IPv_Type: ipv6, Location: 中国, ISP: 中国移动, Date: None, Delay: -1 ms, Speed: 0.00 M/s, Resolution: None
Name: 辽宁卫视, URL: http://hwottcdn.ln.chinamobile.com/PLTV/11/224/3221226689/index.m3u8, From: subscribe, IPv_Type: ipv6, Location: 中国, ISP: 中国移动, Date: None, Delay: -1 ms, Speed: 0.00 M/s, Resolution: None
Name: 辽宁卫视, URL: http://hwottcdn.ln.chinamobile.com/PLTV/11/224/3221226731/index.m3u8, From: subscribe, IPv_Type: ipv6, Location: 中国, ISP: 中国移动, Date: None, Delay: -1 ms, Speed: 0.00 M/s, Resolution: None
Name: 辽宁卫视, URL: http://hwottcdn.ln.chinamobile.com/PLTV/11/224/3221227242/index.m3u8, From: subscribe, IPv_Type: ipv6, Location: 中国, ISP: 中国移动, Date: None, Delay: -1 ms, Speed: 0.00 M/s, Resolution: None
Name: 辽宁卫视, URL: https://migu.188766.xyz/?migutoken=38bf2b7fdce86f979a45f20820e3f87d&id=%E8%BE%BD%E5%AE%81%E5%8D%AB%E8%A7%86&type=yy, From: subscribe, IPv_Type: ipv6, Location: 美国, ISP: CloudFlare Inc., Date: None, Delay: -1 ms, Speed: 0.00 M/s, Resolution: None
Name: 辽宁卫视, URL: https://migu.188766.xyz/?migutoken=4d2b1bebb31580efa304f7afb8f23da8&id=%E8%BE%BD%E5%AE%81%E5%8D%AB%E8%A7%86&type=yy, From: subscribe, IPv_Type: ipv6, Location: 美国, ISP: CloudFlare Inc., Date: None, Delay: -1 ms, Speed: 0.00 M/s, Resolution: None
Name: 辽宁卫视, URL: https://migu.188766.xyz/?migutoken=3778caed5368b7d9ab6ce2b096606f5a&id=%E8%BE%BD%E5%AE%81%E5%8D%AB%E8%A7%86&type=yy, From: subscribe, IPv_Type: ipv6, Location: 美国, ISP: CloudFlare Inc., Date: None, Delay: -1 ms, Speed: 0.00 M/s, Resolution: None
Name: 辽宁卫视, URL: http://38.75.136.137:98/gslb/dsdqpub/lnwshd.m3u8?auth=testpub, From: subscribe, IPv_Type: ipv4, Location: 美国-伊利诺伊州-库克, ISP: Cogent, Date: None, Delay: 408 ms, Speed: 8.43 M/s, Resolution: 1920x1080
Name: 辽宁卫视, URL: http://38.75.136.137:98/gslb/dsdqca/lnwshd.m3u8?auth=test20251009, From: subscribe, IPv_Type: ipv4, Location: 美国-伊利诺伊州-库克, ISP: Cogent, Date: None, Delay: 449 ms, Speed: 4.45 M/s, Resolution: 1920x1080
Name: 辽宁卫视, URL: http://23.237.228.134/live8/liaoning.m3u8, From: subscribe, IPv_Type: ipv4, Location: 北美地区, ISP: , Date: None, Delay: 841 ms, Speed: 3.84 M/s, Resolution: 1920x1080
Name: 辽宁卫视, URL: https://iptv.catvod.com/live.php?id=%E8%BE%BD%E5%AE%81%E5%8D%AB%E8%A7%86, From: subscribe, IPv_Type: ipv4, Location: 美国-加利福尼亚州-洛杉矶, ISP: IT7网络, Date: None, Delay: 190 ms, Speed: 0.00 M/s, Resolution: 1920x1080
Name: 山东卫视, URL: http://[2409:8087:2001:20:2800:0:df6e:eb11]:80/ott.mobaibox.com/PLTV/4/224/3221227517/index.m3u8, From: local, IPv_Type: ipv6, Location: 中国, ISP: 中国移动, Date: None, Delay: -1 ms, Speed: 0.00 M/s, Resolution: None
Name: 山东卫视, URL: http://php.jdshipin.com/TVOD/hnyd.php?id=200000001898/460000089800010066, From: subscribe, IPv_Type: ipv6, Location: 美国, ISP: CloudFlare Inc., Date: None, Delay: -1 ms, Speed: 0.00 M/s, Resolution: None
Name: 山东卫视, URL: http://z.b.bkpcp.top/m.php?id=sdws, From: subscribe, IPv_Type: ipv6, Location: 美国, ISP: CloudFlare Inc., Date: None, Delay: -1 ms, Speed: 0.00 M/s, Resolution: None
Name: 山东卫视, URL: http://j.x.bkpcp.top/jx/SHANDHD, From: subscribe, IPv_Type: ipv6, Location: 美国, ISP: CloudFlare Inc., Date: None, Delay: -1 ms, Speed: 0.00 M/s, Resolution: None
Name: 山东卫视, URL: http://3501776.xyz:35455/itv/1000000005000265019.m3u8?cdn=ystenlive, From: subscribe, IPv_Type: ipv6, Location: 美国, ISP: CloudFlare Inc., Date: None, Delay: -1 ms, Speed: 0.00 M/s, Resolution: None
Name: 山东卫视, URL: http://iptv.huuc.edu.cn/hls/sdhd.m3u8, From: subscribe, IPv_Type: ipv6, Location: 中国, ISP: 教育网, Date: None, Delay: -1 ms, Speed: 0.00 M/s, Resolution: None
Name: 山东卫视, URL: https://zby.130519.xyz/PLTV/11/224/3221225733/index.m3u8, From: subscribe, IPv_Type: ipv6, Location: 美国, ISP: CloudFlare Inc., Date: None, Delay: -1 ms, Speed: 0.00 M/s, Resolution: None
Name: 山东卫视, URL: http://[2409:8087:8:21::18]:6610/otttv.bj.chinamobile.com/PLTV/88888888/224/3221226957/1.m3u8?GuardEncType=2&accountinfo=%7E%7EV2.0%7EjW26v5VaHGy1jQuIA-4EbA%7EtP4-l0lmSfjwLWEfK_el1vH_mv-s1zo4AQJwdedaVwG9xkuFTDg8J26cwOrNJzn20BErrHdLhuZ9EzLUCD3PMW-OMx4MGteHV2vLeW6BqoY%2CEND, From: subscribe, IPv_Type: ipv6, Location: 中国, ISP: 中国移动, Date: None, Delay: -1 ms, Speed: 0.00 M/s, Resolution: None
Name: 山东卫视, URL: http://[2409:8087:1a01:df::4077]/ottrrs.hl.chinamobile.com/PLTV/88888888/8/3221226456/index.m3u8, From: subscribe, IPv_Type: ipv6, Location: 中国, ISP: 中国移动, Date: None, Delay: -1 ms, Speed: 0.00 M/s, Resolution: None
Name: 山东卫视, URL: https://iptv.catvod.com/live.php?id=%E5%B1%B1%E4%B8%9C%E5%8D%AB%E8%A7%86%E5%8F%B0, From: subscribe, IPv_Type: ipv6, Location: 美国, ISP: CloudFlare Inc., Date: None, Delay: -1 ms, Speed: 0.00 M/s, Resolution: None
Name: 山东卫视, URL: https://iptv.catvod.com/live.php?id=%E5%B1%B1%E4%B8%9C%E5%8D%AB%E8%A7%86, From: subscribe, IPv_Type: ipv6, Location: 美国, ISP: CloudFlare Inc., Date: None, Delay: -1 ms, Speed: 0.00 M/s, Resolution: None
Name: 山东卫视, URL: http://hwottcdn.ln.chinamobile.com/PLTV/11/224/3221226739/index.m3u8, From: subscribe, IPv_Type: ipv6, Location: 中国, ISP: 中国移动, Date: None, Delay: -1 ms, Speed: 0.00 M/s, Resolution: None
Name: 山东卫视, URL: http://hwottcdn.ln.chinamobile.com/PLTV/11/224/3221227312/index.m3u8, From: subscribe, IPv_Type: ipv6, Location: 中国, ISP: 中国移动, Date: None, Delay: -1 ms, Speed: 0.00 M/s, Resolution: None
Name: 山东卫视, URL: http://tvgslb.hn.chinamobile.com:8089/180000001002/00000000000000020000000000182570/main.m3u8?stbid=, From: subscribe, IPv_Type: ipv6, Location: 中国, ISP: 中国移动, Date: None, Delay: -1 ms, Speed: 0.00 M/s, Resolution: None
Name: 山东卫视, URL: http://hwltc.tv.cdn.zj.chinamobile.com/PLTV/88888888/224/3221236159/index.m3u8, From: subscribe, IPv_Type: ipv6, Location: 中国, ISP: 中国移动, Date: None, Delay: -1 ms, Speed: 0.00 M/s, Resolution: None
Name: 山东卫视, URL: http://iptvrr.sh.chinamobile.com:6060/cms001/ch00000090990000001028/index.m3u8, From: subscribe, IPv_Type: ipv6, Location: 中国, ISP: 中国移动, Date: None, Delay: -1 ms, Speed: 0.00 M/s, Resolution: None
Name: 山东卫视, URL: http://rrs01.hw.gmcc.net:8088/PLTV/81/224/3221226693/1.m3u8, From: subscribe, IPv_Type: ipv6, Location: 中国, ISP: 中国移动, Date: None, Delay: -1 ms, Speed: 0.00 M/s, Resolution: None
Name: 山东卫视, URL: http://ott.mobaibox.com/PLTV/3/224/3221227517/index.m3u8, From: subscribe, IPv_Type: ipv6, Location: 中国, ISP: 中国移动, Date: None, Delay: -1 ms, Speed: 0.00 M/s, Resolution: None
Name: 山东卫视, URL: http://hwottcdn.ln.chinamobile.com/PLTV/11/224/3221226138/index.m3u8, From: subscribe, IPv_Type: ipv6, Location: 中国, ISP: 中国移动, Date: None, Delay: -1 ms, Speed: 0.00 M/s, Resolution: None
Name: 山东卫视, URL: http://tvgslb.hn.chinamobile.com:8089/180000001002/00000001000000000008000000047448/main.m3u8?stbid=, From: subscribe, IPv_Type: ipv6, Location: 中国, ISP: 中国移动, Date: None, Delay: -1 ms, Speed: 0.00 M/s, Resolution: None
Name: 山东卫视, URL: http://k.061899.xyz/k.php?id=sdws, From: subscribe, IPv_Type: ipv6, Location: 新加坡, ISP: Aceville Pte.Ltd., Date: None, Delay: -1 ms, Speed: 0.00 M/s, Resolution: None
Name: 山东卫视, URL: http://hwottcdn.ln.chinamobile.com/PLTV/11/224/3221226887/index.m3u8, From: subscribe, IPv_Type: ipv6, Location: 中国, ISP: 中国移动, Date: None, Delay: -1 ms, Speed: 0.00 M/s, Resolution: None
Name: 山东卫视, URL: http://38.75.136.137:98/gslb/dsdqpub/sdwshd.m3u8?auth=testpub, From: subscribe, IPv_Type: ipv4, Location: 美国-伊利诺伊州-库克, ISP: Cogent, Date: None, Delay: 371 ms, Speed: 7.51 M/s, Resolution: 1920x1080
Name: 山东卫视, URL: http://23.237.228.134/live8/shandong.m3u8, From: subscribe, IPv_Type: ipv4, Location: 北美地区, ISP: , Date: None, Delay: 356 ms, Speed: 6.52 M/s, Resolution: 1920x1080
Name: 山东卫视, URL: http://38.75.136.137:98/gslb/dsdqca/sdwshd.m3u8?auth=test20251009, From: subscribe, IPv_Type: ipv4, Location: 美国-伊利诺伊州-库克, ISP: Cogent, Date: None, Delay: 481 ms, Speed: 4.63 M/s, Resolution: 1920x1080
Name: 山东卫视, URL: http://satellitepull.cnr.cn/live/wxsdws/playlist.m3u8, From: subscribe, IPv_Type: ipv4, Location: 美国-伊利诺伊州-库克, ISP: 网宿CDN节点, Date: None, Delay: 143 ms, Speed: 0.67 M/s, Resolution: None
Name: 深圳卫视, URL: http://[2409:8087:7000:20:1000::22]:6060/yinhe/2/ch00000090990000001342/index.m3u8?virtualDomain=yinhe.live_hls.zte.com, From: local, IPv_Type: ipv6, Location: 中国, ISP: 中国移动, Date: None, Delay: -1 ms, Speed: 0.00 M/s, Resolution: None
Name: 深圳卫视, URL: http://php.jdshipin.com/TVOD/hnyd.php?id=200000001898/460000089800010068, From: subscribe, IPv_Type: ipv6, Location: 美国, ISP: CloudFlare Inc., Date: None, Delay: -1 ms, Speed: 0.00 M/s, Resolution: None
Name: 深圳卫视, URL: http://iptv.huuc.edu.cn/hls/szhd.m3u8, From: subscribe, IPv_Type: ipv6, Location: 中国, ISP: 教育网, Date: None, Delay: -1 ms, Speed: 0.00 M/s, Resolution: None
Name: 深圳卫视, URL: https://zby.130519.xyz/PLTV/11/224/3221225728/index.m3u8, From: subscribe, IPv_Type: ipv6, Location: 美国, ISP: CloudFlare Inc., Date: None, Delay: -1 ms, Speed: 0.00 M/s, Resolution: None
Name: 深圳卫视, URL: https://smart.pendy.dpdns.org/Smart.php?id=shenzhen, From: subscribe, IPv_Type: ipv6, Location: 美国, ISP: CloudFlare Inc., Date: None, Delay: -1 ms, Speed: 0.00 M/s, Resolution: None
Name: 深圳卫视, URL: http://z.b.bkpcp.top/m.php?id=szws, From: subscribe, IPv_Type: ipv6, Location: 美国, ISP: CloudFlare Inc., Date: None, Delay: -1 ms, Speed: 0.00 M/s, Resolution: None
Name: 深圳卫视, URL: http://[2409:8087:1a0a:df::404b]/ottrrs.hl.chinamobile.com/TVOD/88888888/224/3221226313/index.m3u8, From: subscribe, IPv_Type: ipv6, Location: 中国, ISP: 中国移动, Date: None, Delay: -1 ms, Speed: 0.00 M/s, Resolution: None
Name: 深圳卫视, URL: http://[2409:8087:1a01:df::4077]/ottrrs.hl.chinamobile.com/PLTV/88888888/8/3221226313/index.m3u8, From: subscribe, IPv_Type: ipv6, Location: 中国, ISP: 中国移动, Date: None, Delay: -1 ms, Speed: 0.00 M/s, Resolution: None
Name: 深圳卫视, URL: http://[2409:8087:8:21::18]:6610/otttv.bj.chinamobile.com/PLTV/88888888/224/3221226245/1.m3u8, From: subscribe, IPv_Type: ipv6, Location: 中国, ISP: 中国移动, Date: None, Delay: -1 ms, Speed: 0.00 M/s, Resolution: None
Name: 深圳卫视, URL: http://[2409:8087:8:21::18]:6610/otttv.bj.chinamobile.com/PLTV/88888888/224/3221226495/1.m3u8, From: subscribe, IPv_Type: ipv6, Location: 中国, ISP: 中国移动, Date: None, Delay: -1 ms, Speed: 0.00 M/s, Resolution: None
Name: 深圳卫视, URL: http://[2409:8087:8:21::18]:6610/otttv.bj.chinamobile.com/PLTV/88888888/224/3221226959/1.m3u8?GuardEncType=2&accountinfo=%7E%7EV2.0%7EGrVNEZREjuNVKiTJo2mtwg%7EtP4-l0lmSfjwLWEfK_el1vH_mv-s1zo4AQJwdedaVwG9xkuFTDg8J26cwOrNJzn20BErrHdLhuZ9EzLUCD3PMW-OMx4MGteHV2vLeW6BqoY%2CEND, From: subscribe, IPv_Type: ipv6, Location: 中国, ISP: 中国移动, Date: None, Delay: -1 ms, Speed: 0.00 M/s, Resolution: None
Name: 深圳卫视, URL: https://iptv.catvod.com/live.php?id=%E6%B7%B1%E5%9C%B3%E5%8D%AB%E8%A7%86%E5%8F%B0, From: subscribe, IPv_Type: ipv6, Location: 美国, ISP: CloudFlare Inc., Date: None, Delay: -1 ms, Speed: 0.00 M/s, Resolution: None
Name: 深圳卫视, URL: http://[2409:8087:8:21::18]:6610/otttv.bj.chinamobile.com/PLTV/88888888/224/3221226573/1.m3u8, From: subscribe, IPv_Type: ipv6, Location: 中国, ISP: 中国移动, Date: None, Delay: -1 ms, Speed: 0.00 M/s, Resolution: None
Name: 深圳卫视, URL: http://hwottcdn.ln.chinamobile.com/PLTV/11/224/3221227239/index.m3u8, From: subscribe, IPv_Type: ipv6, Location: 中国, ISP: 中国移动, Date: None, Delay: -1 ms, Speed: 0.00 M/s, Resolution: None
Name: 深圳卫视, URL: http://hwottcdn.ln.chinamobile.com/PLTV/11/224/3221226725/index.m3u8, From: subscribe, IPv_Type: ipv6, Location: 中国, ISP: 中国移动, Date: None, Delay: -1 ms, Speed: 0.00 M/s, Resolution: None
Name: 深圳卫视, URL: http://hwltc.tv.cdn.zj.chinamobile.com/PLTV/88888888/224/3221236251/index.m3u8, From: subscribe, IPv_Type: ipv6, Location: 中国, ISP: 中国移动, Date: None, Delay: -1 ms, Speed: 0.00 M/s, Resolution: None
Name: 深圳卫视, URL: http://k.061899.xyz/k.php?id=szws, From: subscribe, IPv_Type: ipv6, Location: 新加坡, ISP: Aceville Pte.Ltd., Date: None, Delay: -1 ms, Speed: 0.00 M/s, Resolution: None
Name: 深圳卫视, URL: http://hwottcdn.ln.chinamobile.com/PLTV/11/224/3221226807/index.m3u8, From: subscribe, IPv_Type: ipv6, Location: 中国, ISP: 中国移动, Date: None, Delay: -1 ms, Speed: 0.00 M/s, Resolution: None
Name: 深圳卫视, URL: http://hwottcdn.ln.chinamobile.com/PLTV/11/224/3221226136/index.m3u8, From: subscribe, IPv_Type: ipv6, Location: 中国, ISP: 中国移动, Date: None, Delay: -1 ms, Speed: 0.00 M/s, Resolution: None
Name: 深圳卫视, URL: http://tvgslb.hn.chinamobile.com:8089/180000001002/00000000000000020000000000182565/main.m3u8?stbid=, From: subscribe, IPv_Type: ipv6, Location: 中国, ISP: 中国移动, Date: None, Delay: -1 ms, Speed: 0.00 M/s, Resolution: None
Name: 深圳卫视, URL: http://hwottcdn.ln.chinamobile.com/PLTV/11/224/3221226152/index.m3u8, From: subscribe, IPv_Type: ipv6, Location: 中国, ISP: 中国移动, Date: None, Delay: -1 ms, Speed: 0.00 M/s, Resolution: None
Name: 深圳卫视, URL: http://iptvrr.sh.chinamobile.com:6060/cms001/ch00000090990000001030/index.m3u8, From: subscribe, IPv_Type: ipv6, Location: 中国, ISP: 中国移动, Date: None, Delay: -1 ms, Speed: 0.00 M/s, Resolution: None
Name: 深圳卫视, URL: http://ott.mobaibox.com/PLTV/3/224/3221227555/index.m3u8, From: subscribe, IPv_Type: ipv6, Location: 中国, ISP: 中国移动, Date: None, Delay: -1 ms, Speed: 0.00 M/s, Resolution: None
Name: 深圳卫视, URL: http://rrs01.hw.gmcc.net:8088/PLTV/81/224/3221226688/1.m3u8, From: subscribe, IPv_Type: ipv6, Location: 中国, ISP: 中国移动, Date: None, Delay: -1 ms, Speed: 0.00 M/s, Resolution: None
Name: 深圳卫视, URL: http://tvgslb.hn.chinamobile.com:8089/180000001002/00000001000000000008000000047446/main.m3u8?stbid=, From: subscribe, IPv_Type: ipv6, Location: 中国, ISP: 中国移动, Date: None, Delay: -1 ms, Speed: 0.00 M/s, Resolution: None
Name: 深圳卫视, URL: http://38.75.136.137:98/gslb/dsdqpub/szwshd.m3u8?auth=testpub, From: subscribe, IPv_Type: ipv4, Location: 美国-伊利诺伊州-库克, ISP: Cogent, Date: None, Delay: 353 ms, Speed: 10.61 M/s, Resolution: 1920x1080
Name: 深圳卫视, URL: http://23.237.228.134/live6/shenzhen.m3u8, From: subscribe, IPv_Type: ipv4, Location: 北美地区, ISP: , Date: None, Delay: 347 ms, Speed: 5.94 M/s, Resolution: 1920x1080
Name: 深圳卫视, URL: http://yncbn.ks-cdn.gitv.tv/gitv_live/G_SHENZHEN-HQ/G_SHENZHEN-HQ.m3u8, From: subscribe, IPv_Type: ipv4, Location: 中国-广东-梅州, ISP: 电信, Date: None, Delay: 2159 ms, Speed: 2.01 M/s, Resolution: 1920x1080
Name: 深圳卫视, URL: http://satellitepull.cnr.cn/live/wxszws/playlist.m3u8, From: subscribe, IPv_Type: ipv4, Location: 美国-伊利诺伊州-库克, ISP: 网宿CDN节点, Date: None, Delay: 140 ms, Speed: 0.70 M/s, Resolution: None
Name: 深圳卫视, URL: https://iptv.catvod.com/live.php?id=%E6%B7%B1%E5%9C%B3%E5%8D%AB%E8%A7%86, From: subscribe, IPv_Type: ipv4, Location: 美国-加利福尼亚州-洛杉矶, ISP: IT7网络, Date: None, Delay: 193 ms, Speed: 0.00 M/s, Resolution: 1920x1080
Name: 四川卫视, URL: http://[2409:8087:2001:20:2800:0:df6e:eb08]:80/ott.mobaibox.com/PLTV/4/224/3221228171/index.m3u8, From: local, IPv_Type: ipv6, Location: 中国, ISP: 中国移动, Date: None, Delay: -1 ms, Speed: 0.00 M/s, Resolution: None
Name: 四川卫视, URL: http://php.jdshipin.com/TVOD/hljyd.php?id=3221226338, From: subscribe, IPv_Type: ipv6, Location: 美国, ISP: CloudFlare Inc., Date: None, Delay: -1 ms, Speed: 0.00 M/s, Resolution: None
Name: 四川卫视, URL: http://z.b.bkpcp.top/m.php?id=scws, From: subscribe, IPv_Type: ipv6, Location: 美国, ISP: CloudFlare Inc., Date: None, Delay: -1 ms, Speed: 0.00 M/s, Resolution: None
Name: 四川卫视, URL: http://j.x.bkpcp.top/jx/SICHD, From: subscribe, IPv_Type: ipv6, Location: 美国, ISP: CloudFlare Inc., Date: None, Delay: -1 ms, Speed: 0.00 M/s, Resolution: None
Name: 四川卫视, URL: http://3501776.xyz:35455/itv/5000000004000006119.m3u8?cdn=bestzb, From: subscribe, IPv_Type: ipv6, Location: 美国, ISP: CloudFlare Inc., Date: None, Delay: -1 ms, Speed: 0.00 M/s, Resolution: None
Name: 四川卫视, URL: http://iptv.huuc.edu.cn/hls/schd.m3u8, From: subscribe, IPv_Type: ipv6, Location: 中国, ISP: 教育网, Date: None, Delay: -1 ms, Speed: 0.00 M/s, Resolution: None
Name: 四川卫视, URL: https://zby.130519.xyz/PLTV/11/224/3221226152/index.m3u8, From: subscribe, IPv_Type: ipv6, Location: 美国, ISP: CloudFlare Inc., Date: None, Delay: -1 ms, Speed: 0.00 M/s, Resolution: None
Name: 四川卫视, URL: http://[2409:8087:8:21::18]:6610/otttv.bj.chinamobile.com/PLTV/88888888/224/3221226995/1.m3u8?GuardEncType=2&accountinfo=%7E%7EV2.0%7EBQiz3wrGrpG0CUSRIJ-7Jg%7EtP4-l0lmSfjwLWEfK_el1vH_mv-s1zo4AQJwdedaVwG9xkuFTDg8J26cwOrNJzn20BErrHdLhuZ9EzLUCD3PMW-OMx4MGteHV2vLeW6BqoY%2CEND, From: subscribe, IPv_Type: ipv6, Location: 中国, ISP: 中国移动, Date: None, Delay: -1 ms, Speed: 0.00 M/s, Resolution: None
Name: 四川卫视, URL: https://iptv.catvod.com/live.php?id=%E5%9B%9B%E5%B7%9D%E5%8D%AB%E8%A7%864K%E5%8F%B0, From: subscribe, IPv_Type: ipv6, Location: 美国, ISP: CloudFlare Inc., Date: None, Delay: -1 ms, Speed: 0.00 M/s, Resolution: None
Name: 四川卫视, URL: https://iptv.catvod.com/live.php?id=%E5%9B%9B%E5%B7%9D%E5%8D%AB%E8%A7%86%E5%8F%B0, From: subscribe, IPv_Type: ipv6, Location: 美国, ISP: CloudFlare Inc., Date: None, Delay: -1 ms, Speed: 0.00 M/s, Resolution: None
Name: 四川卫视, URL: http://[2409:8087:1a01:df::4077]/ottrrs.hl.chinamobile.com/PLTV/88888888/8/3221226338/index.m3u8, From: subscribe, IPv_Type: ipv6, Location: 中国, ISP: 中国移动, Date: None, Delay: -1 ms, Speed: 0.00 M/s, Resolution: None
Name: 四川卫视, URL: http://tvgslb.hn.chinamobile.com:8089/180000001002/00000001000000000064000000308823/main.m3u8?stbid=, From: subscribe, IPv_Type: ipv6, Location: 中国, ISP: 中国移动, Date: None, Delay: -1 ms, Speed: 0.00 M/s, Resolution: None
Name: 四川卫视, URL: http://hwottcdn.ln.chinamobile.com/PLTV/11/224/3221226139/index.m3u8, From: subscribe, IPv_Type: ipv6, Location: 中国, ISP: 中国移动, Date: None, Delay: -1 ms, Speed: 0.00 M/s, Resolution: None
Name: 四川卫视, URL: http://hwottcdn.ln.chinamobile.com/PLTV/11/224/3221227245/index.m3u8, From: subscribe, IPv_Type: ipv6, Location: 中国, ISP: 中国移动, Date: None, Delay: -1 ms, Speed: 0.00 M/s, Resolution: None
Name: 四川卫视, URL: http://hwottcdn.ln.chinamobile.com/PLTV/11/224/3221226728/index.m3u8, From: subscribe, IPv_Type: ipv6, Location: 中国, ISP: 中国移动, Date: None, Delay: -1 ms, Speed: 0.00 M/s, Resolution: None
Name: 四川卫视, URL: http://iptvrr.sh.chinamobile.com:6060/cms001/ch00000090990000001130/index.m3u8, From: subscribe, IPv_Type: ipv6, Location: 中国, ISP: 中国移动, Date: None, Delay: -1 ms, Speed: 0.00 M/s, Resolution: None
Name: 四川卫视, URL: http://hwltc.tv.cdn.zj.chinamobile.com/PLTV/88888888/224/3221236255/index.m3u8, From: subscribe, IPv_Type: ipv6, Location: 中国, ISP: 中国移动, Date: None, Delay: -1 ms, Speed: 0.00 M/s, Resolution: None
Name: 四川卫视, URL: http://ott.mobaibox.com/PLTV/3/224/3221228171/index.m3u8, From: subscribe, IPv_Type: ipv6, Location: 中国, ISP: 中国移动, Date: None, Delay: -1 ms, Speed: 0.00 M/s, Resolution: None
Name: 四川卫视, URL: http://rrs01.hw.gmcc.net:8088/PLTV/81/224/3221226659/1.m3u8, From: subscribe, IPv_Type: ipv6, Location: 中国, ISP: 中国移动, Date: None, Delay: -1 ms, Speed: 0.00 M/s, Resolution: None
Name: 四川卫视, URL: http://tvgslb.hn.chinamobile.com:8089/180000001002/00000000000000020000000000182257/main.m3u8?stbid=, From: subscribe, IPv_Type: ipv6, Location: 中国, ISP: 中国移动, Date: None, Delay: -1 ms, Speed: 0.00 M/s, Resolution: None
Name: 四川卫视, URL: http://k.061899.xyz/k.php?id=scws, From: subscribe, IPv_Type: ipv6, Location: 新加坡, ISP: Aceville Pte.Ltd., Date: None, Delay: -1 ms, Speed: 0.00 M/s, Resolution: None
Name: 四川卫视, URL: http://rrs01.hw.gmcc.net:8088/PLTV/81/224/3221226697/1.m3u8, From: subscribe, IPv_Type: ipv6, Location: 中国, ISP: 中国移动, Date: None, Delay: -1 ms, Speed: 0.00 M/s, Resolution: None
Name: 四川卫视, URL: http://hwottcdn.ln.chinamobile.com/PLTV/11/224/3221226810/index.m3u8, From: subscribe, IPv_Type: ipv6, Location: 中国, ISP: 中国移动, Date: None, Delay: -1 ms, Speed: 0.00 M/s, Resolution: None
Name: 四川卫视, URL: http://38.75.136.137:98/gslb/dsdqpub/scwshd.m3u8?auth=testpub, From: subscribe, IPv_Type: ipv4, Location: 美国-伊利诺伊州-库克, ISP: Cogent, Date: None, Delay: 329 ms, Speed: 7.76 M/s, Resolution: 1920x1080
Name: 四川卫视, URL: http://23.237.228.134/live6/sichuan.m3u8, From: subscribe, IPv_Type: ipv4, Location: 北美地区, ISP: , Date: None, Delay: 370 ms, Speed: 6.13 M/s, Resolution: 1920x1080
Name: 四川卫视, URL: http://satellitepull.cnr.cn/live/wxscws/playlist.m3u8, From: subscribe, IPv_Type: ipv4, Location: 美国-伊利诺伊州-库克, ISP: 网宿CDN节点, Date: None, Delay: 145 ms, Speed: 0.65 M/s, Resolution: None
Name: 四川卫视, URL: http://111.221.137.155:44330/tsfile/live/1017_1.m3u8?key=txiptv, From: subscribe, IPv_Type: ipv4, Location: 中国-广东-深圳, ISP: 天威视讯, Date: None, Delay: 10689 ms, Speed: 0.05 M/s, Resolution: None
Name: 四川卫视, URL: https://iptv.catvod.com/live.php?id=%E5%9B%9B%E5%B7%9D%E5%8D%AB%E8%A7%86, From: subscribe, IPv_Type: ipv4, Location: 美国-加利福尼亚州-洛杉矶, ISP: IT7网络, Date: None, Delay: 187 ms, Speed: 0.00 M/s, Resolution: 1920x1080
Name: 天津卫视, URL: http://[2409:8087:7000:20:1000::22]:6060/yinhe/2/ch00000090990000001343/index.m3u8?virtualDomain=yinhe.live_hls.zte.com, From: local, IPv_Type: ipv6, Location: 中国, ISP: 中国移动, Date: None, Delay: -1 ms, Speed: 0.00 M/s, Resolution: None
Name: 天津卫视, URL: http://php.jdshipin.com/TVOD/hljyd.php?id=3221226459, From: subscribe, IPv_Type: ipv6, Location: 美国, ISP: CloudFlare Inc., Date: None, Delay: -1 ms, Speed: 0.00 M/s, Resolution: None
Name: 天津卫视, URL: http://j.x.bkpcp.top/jx/TIANJHD, From: subscribe, IPv_Type: ipv6, Location: 美国, ISP: CloudFlare Inc., Date: None, Delay: -1 ms, Speed: 0.00 M/s, Resolution: None
Name: 天津卫视, URL: http://iptv.huuc.edu.cn/hls/tjhd.m3u8, From: subscribe, IPv_Type: ipv6, Location: 中国, ISP: 教育网, Date: None, Delay: -1 ms, Speed: 0.00 M/s, Resolution: None
Name: 天津卫视, URL: https://zby.130519.xyz/PLTV/11/224/3221225742/index.m3u8, From: subscribe, IPv_Type: ipv6, Location: 美国, ISP: CloudFlare Inc., Date: None, Delay: -1 ms, Speed: 0.00 M/s, Resolution: None
Name: 天津卫视, URL: http://[2409:8087:1a01:df::4030]:80/TVOD/88888888/224/3221225972/main.m3u8, From: subscribe, IPv_Type: ipv6, Location: 中国, ISP: 中国移动, Date: None, Delay: -1 ms, Speed: 0.00 M/s, Resolution: None
Name: 天津卫视, URL: http://[2409:8087:1a0a:df::404b]/ottrrs.hl.chinamobile.com/TVOD/88888888/224/3221226459/index.m3u8, From: subscribe, IPv_Type: ipv6, Location: 中国, ISP: 中国移动, Date: None, Delay: -1 ms, Speed: 0.00 M/s, Resolution: None
Name: 天津卫视, URL: http://[2409:8087:1a01:df::4077]/ottrrs.hl.chinamobile.com/PLTV/88888888/8/3221226459/index.m3u8, From: subscribe, IPv_Type: ipv6, Location: 中国, ISP: 中国移动, Date: None, Delay: -1 ms, Speed: 0.00 M/s, Resolution: None
Name: 天津卫视, URL: http://[2409:8087:8:21::18]:6610/otttv.bj.chinamobile.com/PLTV/88888888/224/3221226246/1.m3u8, From: subscribe, IPv_Type: ipv6, Location: 中国, ISP: 中国移动, Date: None, Delay: -1 ms, Speed: 0.00 M/s, Resolution: None
Name: 天津卫视, URL: http://[2409:8087:8:21::18]:6610/otttv.bj.chinamobile.com/PLTV/88888888/224/3221226489/1.m3u8, From: subscribe, IPv_Type: ipv6, Location: 中国, ISP: 中国移动, Date: None, Delay: -1 ms, Speed: 0.00 M/s, Resolution: None
Name: 天津卫视, URL: http://[2409:8087:8:21::18]:6610/otttv.bj.chinamobile.com/PLTV/88888888/224/3221226502/1.m3u8, From: subscribe, IPv_Type: ipv6, Location: 中国, ISP: 中国移动, Date: None, Delay: -1 ms, Speed: 0.00 M/s, Resolution: None
Name: 天津卫视, URL: https://iptv.catvod.com/live.php?id=%E5%A4%A9%E6%B4%A5%E5%8D%AB%E8%A7%86%E5%8F%B0, From: subscribe, IPv_Type: ipv6, Location: 美国, ISP: CloudFlare Inc., Date: None, Delay: -1 ms, Speed: 0.00 M/s, Resolution: None
Name: 天津卫视, URL: http://[2409:8087:8:21::18]:6610/otttv.bj.chinamobile.com/PLTV/88888888/224/3221226954/1.m3u8?GuardEncType=2&accountinfo=%7E%7EV2.0%7Eaf3wyULP1h575eM_4ByMDg%7EtP4-l0lmSfjwLWEfK_el1vH_mv-s1zo4AQJwdedaVwG9xkuFTDg8J26cwOrNJzn20BErrHdLhuZ9EzLUCD3PMW-OMx4MGteHV2vLeW6BqoY%2CEND, From: subscribe, IPv_Type: ipv6, Location: 中国, ISP: 中国移动, Date: None, Delay: -1 ms, Speed: 0.00 M/s, Resolution: None
Name: 天津卫视, URL: https://iptv.catvod.com/live.php?id=%E5%A4%A9%E6%B4%A5%E5%8D%AB%E8%A7%86, From: subscribe, IPv_Type: ipv6, Location: 美国, ISP: CloudFlare Inc., Date: None, Delay: -1 ms, Speed: 0.00 M/s, Resolution: None
Name: 天津卫视, URL: http://rrs01.hw.gmcc.net:8088/PLTV/81/224/3221226686/1.m3u8, From: subscribe, IPv_Type: ipv6, Location: 中国, ISP: 中国移动, Date: None, Delay: -1 ms, Speed: 0.00 M/s, Resolution: None
Name: 天津卫视, URL: http://tvgslb.hn.chinamobile.com:8089/180000001002/00000001000000000008000000047444/main.m3u8?stbid=, From: subscribe, IPv_Type: ipv6, Location: 中国, ISP: 中国移动, Date: None, Delay: -1 ms, Speed: 0.00 M/s, Resolution: None
Name: 天津卫视, URL: http://hwottcdn.ln.chinamobile.com/PLTV/11/224/3221226890/index.m3u8, From: subscribe, IPv_Type: ipv6, Location: 中国, ISP: 中国移动, Date: None, Delay: -1 ms, Speed: 0.00 M/s, Resolution: None
Name: 天津卫视, URL: http://hwottcdn.ln.chinamobile.com/PLTV/11/224/3221226135/index.m3u8, From: subscribe, IPv_Type: ipv6, Location: 中国, ISP: 中国移动, Date: None, Delay: -1 ms, Speed: 0.00 M/s, Resolution: None
Name: 天津卫视, URL: http://k.061899.xyz/k.php?id=tjws, From: subscribe, IPv_Type: ipv6, Location: 新加坡, ISP: Aceville Pte.Ltd., Date: None, Delay: -1 ms, Speed: 0.00 M/s, Resolution: None
Name: 天津卫视, URL: http://hwltc.tv.cdn.zj.chinamobile.com/PLTV/88888888/224/3221236217/index.m3u8, From: subscribe, IPv_Type: ipv6, Location: 中国, ISP: 中国移动, Date: None, Delay: -1 ms, Speed: 0.00 M/s, Resolution: None
Name: 天津卫视, URL: http://iptvrr.sh.chinamobile.com:6060/cms001/ch00000090990000001036/index.m3u8, From: subscribe, IPv_Type: ipv6, Location: 中国, ISP: 中国移动, Date: None, Delay: -1 ms, Speed: 0.00 M/s, Resolution: None
Name: 天津卫视, URL: http://ott.mobaibox.com/PLTV/3/224/3221227488/index.m3u8, From: subscribe, IPv_Type: ipv6, Location: 中国, ISP: 中国移动, Date: None, Delay: -1 ms, Speed: 0.00 M/s, Resolution: None
Name: 天津卫视, URL: http://hwottcdn.ln.chinamobile.com/PLTV/11/224/3221226742/index.m3u8, From: subscribe, IPv_Type: ipv6, Location: 中国, ISP: 中国移动, Date: None, Delay: -1 ms, Speed: 0.00 M/s, Resolution: None
Name: 天津卫视, URL: http://tvgslb.hn.chinamobile.com:8089/180000001002/00000000000000020000000000182588/main.m3u8?stbid=, From: subscribe, IPv_Type: ipv6, Location: 中国, ISP: 中国移动, Date: None, Delay: -1 ms, Speed: 0.00 M/s, Resolution: None
Name: 天津卫视, URL: http://hwottcdn.ln.chinamobile.com/PLTV/11/224/3221227306/index.m3u8, From: subscribe, IPv_Type: ipv6, Location: 中国, ISP: 中国移动, Date: None, Delay: -1 ms, Speed: 0.00 M/s, Resolution: None
Name: 天津卫视, URL: http://23.237.228.134/live8/tianjing.m3u8, From: subscribe, IPv_Type: ipv4, Location: 北美地区, ISP: , Date: None, Delay: 430 ms, Speed: 8.28 M/s, Resolution: 1920x1080
Name: 天津卫视, URL: http://38.75.136.137:98/gslb/dsdqpub/tjwshd.m3u8?auth=testpub, From: subscribe, IPv_Type: ipv4, Location: 美国-伊利诺伊州-库克, ISP: Cogent, Date: None, Delay: 367 ms, Speed: 5.74 M/s, Resolution: 1920x1080
Name: 天津卫视, URL: http://38.75.136.137:98/gslb/dsdqca/tjwshd.m3u8?auth=test20251009, From: subscribe, IPv_Type: ipv4, Location: 美国-伊利诺伊州-库克, ISP: Cogent, Date: None, Delay: 448 ms, Speed: 4.65 M/s, Resolution: 1920x1080
Name: 云南卫视, URL: http://[2409:8087:7000:20:1000::22]:6060/yinhe/2/ch00000090990000001046/index.m3u8?virtualDomain=yinhe.live_hls.zte.com, From: local, IPv_Type: ipv6, Location: 中国, ISP: 中国移动, Date: None, Delay: -1 ms, Speed: 0.00 M/s, Resolution: None
Name: 云南卫视, URL: http://php.jdshipin.com/TVOD/hljyd.php?id=3221226444, From: subscribe, IPv_Type: ipv6, Location: 美国, ISP: CloudFlare Inc., Date: None, Delay: -1 ms, Speed: 0.00 M/s, Resolution: None
Name: 云南卫视, URL: http://z.b.bkpcp.top/m.php?id=ynws, From: subscribe, IPv_Type: ipv6, Location: 美国, ISP: CloudFlare Inc., Date: None, Delay: -1 ms, Speed: 0.00 M/s, Resolution: None
Name: 云南卫视, URL: http://3501776.xyz:35455/itv/5000000011000031120.m3u8?cdn=bestzb, From: subscribe, IPv_Type: ipv6, Location: 美国, ISP: CloudFlare Inc., Date: None, Delay: -1 ms, Speed: 0.00 M/s, Resolution: None
Name: 云南卫视, URL: http://goo.bkpcp.top/mg/ynws, From: subscribe, IPv_Type: ipv6, Location: 美国, ISP: CloudFlare Inc., Date: None, Delay: -1 ms, Speed: 0.00 M/s, Resolution: None
Name: 云南卫视, URL: https://zby.130519.xyz/PLTV/11/224/3221226109/index.m3u8, From: subscribe, IPv_Type: ipv6, Location: 美国, ISP: CloudFlare Inc., Date: None, Delay: -1 ms, Speed: 0.00 M/s, Resolution: None
Name: 云南卫视, URL: https://zby.130519.xyz/PLTV/11/224/3221226151/index.m3u8, From: subscribe, IPv_Type: ipv6, Location: 美国, ISP: CloudFlare Inc., Date: None, Delay: -1 ms, Speed: 0.00 M/s, Resolution: None
Name: 云南卫视, URL: http://[2409:8087:8:21::18]:6610/otttv.bj.chinamobile.com/PLTV/88888888/224/3221227028/1.m3u8?GuardEncType=2&accountinfo=%7E%7EV2.0%7EGfQPqRNVeBjTMsZ48qu0SA%7EtP4-l0lmSfjwLWEfK_el1vH_mv-s1zo4AQJwdedaVwG9xkuFTDg8J26cwOrNJzn20BErrHdLhuZ9EzLUCD3PMW-OMx4MGteHV2vLeW6BqoY%2CEND, From: subscribe, IPv_Type: ipv6, Location: 中国, ISP: 中国移动, Date: None, Delay: -1 ms, Speed: 0.00 M/s, Resolution: None
Name: 云南卫视, URL: http://[2409:8087:1a01:df::4077]/ottrrs.hl.chinamobile.com/PLTV/88888888/8/3221226444/index.m3u8, From: subscribe, IPv_Type: ipv6, Location: 中国, ISP: 中国移动, Date: None, Delay: -1 ms, Speed: 0.00 M/s, Resolution: None
Name: 云南卫视, URL: https://iptv.catvod.com/live.php?id=%E4%BA%91%E5%8D%97%E5%8D%AB%E8%A7%86%E5%8F%B0, From: subscribe, IPv_Type: ipv6, Location: 美国, ISP: CloudFlare Inc., Date: None, Delay: -1 ms, Speed: 0.00 M/s, Resolution: None
Name: 云南卫视, URL: https://iptv.catvod.com/live.php?id=%E4%BA%91%E5%8D%97%E5%8D%AB%E8%A7%86, From: subscribe, IPv_Type: ipv6, Location: 美国, ISP: CloudFlare Inc., Date: None, Delay: -1 ms, Speed: 0.00 M/s, Resolution: None
Name: 云南卫视, URL: http://tvgslb.hn.chinamobile.com:8089/180000001002/00000001000000000090000000215606/main.m3u8?stbid=, From: subscribe, IPv_Type: ipv6, Location: 中国, ISP: 中国移动, Date: None, Delay: -1 ms, Speed: 0.00 M/s, Resolution: None
Name: 云南卫视, URL: http://ott.mobaibox.com/PLTV/3/224/3221227571/index.m3u8, From: subscribe, IPv_Type: ipv6, Location: 中国, ISP: 中国移动, Date: None, Delay: -1 ms, Speed: 0.00 M/s, Resolution: None
Name: 云南卫视, URL: http://hwottcdn.ln.chinamobile.com/PLTV/11/224/3221227356/index.m3u8, From: subscribe, IPv_Type: ipv6, Location: 中国, ISP: 中国移动, Date: None, Delay: -1 ms, Speed: 0.00 M/s, Resolution: None
Name: 云南卫视, URL: http://iptvrr.sh.chinamobile.com:6060/cms001/ch00000090990000001223/index.m3u8, From: subscribe, IPv_Type: ipv6, Location: 中国, ISP: 中国移动, Date: None, Delay: -1 ms, Speed: 0.00 M/s, Resolution: None
Name: 云南卫视, URL: http://tvgslb.hn.chinamobile.com:8089/180000001002/00000000000000020000000000182259/main.m3u8?stbid=, From: subscribe, IPv_Type: ipv6, Location: 中国, ISP: 中国移动, Date: None, Delay: -1 ms, Speed: 0.00 M/s, Resolution: None
Name: 云南卫视, URL: http://hwottcdn.ln.chinamobile.com/PLTV/11/224/3221226816/index.m3u8, From: subscribe, IPv_Type: ipv6, Location: 中国, ISP: 中国移动, Date: None, Delay: -1 ms, Speed: 0.00 M/s, Resolution: None
Name: 云南卫视, URL: http://hwottcdn.ln.chinamobile.com/PLTV/11/224/3221226148/index.m3u8, From: subscribe, IPv_Type: ipv6, Location: 中国, ISP: 中国移动, Date: None, Delay: -1 ms, Speed: 0.00 M/s, Resolution: None
Name: 云南卫视, URL: http://rrs01.hw.gmcc.net:8088/PLTV/81/224/3221226709/1.m3u8, From: subscribe, IPv_Type: ipv6, Location: 中国, ISP: 中国移动, Date: None, Delay: -1 ms, Speed: 0.00 M/s, Resolution: None
Name: 云南卫视, URL: http://hwltc.tv.cdn.zj.chinamobile.com/PLTV/88888888/224/3221236234/index.m3u8, From: subscribe, IPv_Type: ipv6, Location: 中国, ISP: 中国移动, Date: None, Delay: -1 ms, Speed: 0.00 M/s, Resolution: None
Name: 云南卫视, URL: http://k.061899.xyz/k.php?id=ynws, From: subscribe, IPv_Type: ipv6, Location: 新加坡, ISP: Aceville Pte.Ltd., Date: None, Delay: -1 ms, Speed: 0.00 M/s, Resolution: None
Name: 云南卫视, URL: https://zby.130519.xyz/PLTV/11/224/3221226151/index.m3u8, From: subscribe, IPv_Type: ipv6, Location: 美国, ISP: CloudFlare Inc., Date: None, Delay: -1 ms, Speed: 0.00 M/s, Resolution: None
Name: 云南卫视, URL: http://38.75.136.137:98/gslb/dsdqpub/ynwshd.m3u8?auth=testpub, From: subscribe, IPv_Type: ipv4, Location: 美国-伊利诺伊州-库克, ISP: Cogent, Date: None, Delay: 493 ms, Speed: 8.26 M/s, Resolution: 1920x1080
Name: 云南卫视, URL: http://23.237.228.134/live8/yunnan.m3u8, From: subscribe, IPv_Type: ipv4, Location: 北美地区, ISP: , Date: None, Delay: 1140 ms, Speed: 3.47 M/s, Resolution: 1920x1080
Name: 云南卫视, URL: http://satellitepull.cnr.cn/live/wxynws/playlist.m3u8, From: subscribe, IPv_Type: ipv4, Location: 美国-伊利诺伊州-库克, ISP: 网宿CDN节点, Date: None, Delay: 145 ms, Speed: 0.67 M/s, Resolution: None
Name: 新疆卫视, URL: http://[2409:8087:2001:20:2800:0:df6e:eb0b]/wh7f454c46tw993550557_162751766/ott.mobaibox.com/PLTV/3/224/3221228290/index.m3u8?icpid=3&RTS=1668604377&from=40&popid=40&hms_devid=2038&prioritypopid=40&vqe=3, From: local, IPv_Type: ipv6, Location: 中国, ISP: 中国移动, Date: None, Delay: -1 ms, Speed: 0.00 M/s, Resolution: None
Name: 新疆卫视, URL: http://php.jdshipin.com/TVOD/hljyd.php?id=3221225635, From: subscribe, IPv_Type: ipv6, Location: 美国, ISP: CloudFlare Inc., Date: None, Delay: -1 ms, Speed: 0.00 M/s, Resolution: None
Name: 新疆卫视, URL: http://z.b.bkpcp.top/m.php?id=xjws, From: subscribe, IPv_Type: ipv6, Location: 美国, ISP: CloudFlare Inc., Date: None, Delay: -1 ms, Speed: 0.00 M/s, Resolution: None
Name: 新疆卫视, URL: http://j.x.bkpcp.top/jx/XJWS, From: subscribe, IPv_Type: ipv6, Location: 美国, ISP: CloudFlare Inc., Date: None, Delay: -1 ms, Speed: 0.00 M/s, Resolution: None
Name: 新疆卫视, URL: http://goo.bkpcp.top/mg/xjws, From: subscribe, IPv_Type: ipv6, Location: 美国, ISP: CloudFlare Inc., Date: None, Delay: -1 ms, Speed: 0.00 M/s, Resolution: None
Name: 新疆卫视, URL: http://[2409:8087:1a0a:df::404b]/ottrrs.hl.chinamobile.com/TVOD/88888888/224/3221225635/index.m3u8, From: subscribe, IPv_Type: ipv6, Location: 中国, ISP: 中国移动, Date: None, Delay: -1 ms, Speed: 0.00 M/s, Resolution: None
Name: 新疆卫视, URL: http://[2409:8087:1a01:df::4077]/ottrrs.hl.chinamobile.com/PLTV/88888888/8/3221226460/index.m3u8, From: subscribe, IPv_Type: ipv6, Location: 中国, ISP: 中国移动, Date: None, Delay: -1 ms, Speed: 0.00 M/s, Resolution: None
Name: 新疆卫视, URL: http://[2409:8087:8:21::18]:6610/otttv.bj.chinamobile.com/PLTV/88888888/224/3221226546/1.m3u8, From: subscribe, IPv_Type: ipv6, Location: 中国, ISP: 中国移动, Date: None, Delay: -1 ms, Speed: 0.00 M/s, Resolution: None
Name: 新疆卫视, URL: http://[2409:8087:8:21::18]:6610/otttv.bj.chinamobile.com/PLTV/88888888/224/3221226923/1.m3u8, From: subscribe, IPv_Type: ipv6, Location: 中国, ISP: 中国移动, Date: None, Delay: -1 ms, Speed: 0.00 M/s, Resolution: None
Name: 新疆卫视, URL: http://[2409:8087:8:21::18]:6610/otttv.bj.chinamobile.com/PLTV/88888888/224/3221227011/1.m3u8?GuardEncType=2&accountinfo=%7E%7EV2.0%7ExAUu61iVvo_xYbANWJhgXw%7EtP4-l0lmSfjwLWEfK_el1vH_mv-s1zo4AQJwdedaVwG9xkuFTDg8J26cwOrNJzn20BErrHdLhuZ9EzLUCD3PMW-OMx4MGteHV2vLeW6BqoY%2CEND, From: subscribe, IPv_Type: ipv6, Location: 中国, ISP: 中国移动, Date: None, Delay: -1 ms, Speed: 0.00 M/s, Resolution: None
Name: 新疆卫视, URL: https://iptv.catvod.com/live.php?id=%E6%96%B0%E7%96%86%E5%8D%AB%E8%A7%86%E5%8F%B0, From: subscribe, IPv_Type: ipv6, Location: 美国, ISP: CloudFlare Inc., Date: None, Delay: -1 ms, Speed: 0.00 M/s, Resolution: None
Name: 新疆卫视, URL: https://iptv.catvod.com/live.php?id=%E6%96%B0%E7%96%86%E5%8D%AB%E8%A7%86, From: subscribe, IPv_Type: ipv6, Location: 美国, ISP: CloudFlare Inc., Date: None, Delay: -1 ms, Speed: 0.00 M/s, Resolution: None
Name: 新疆卫视, URL: http://hwltc.tv.cdn.zj.chinamobile.com/PLTV/88888888/224/3221236215/index.m3u8, From: subscribe, IPv_Type: ipv6, Location: 中国, ISP: 中国移动, Date: None, Delay: -1 ms, Speed: 0.00 M/s, Resolution: None
Name: 新疆卫视, URL: http://iptvrr.sh.chinamobile.com:6060/cms001/ch00000090990000001065/index.m3u8, From: subscribe, IPv_Type: ipv6, Location: 中国, ISP: 中国移动, Date: None, Delay: -1 ms, Speed: 0.00 M/s, Resolution: None
Name: 新疆卫视, URL: http://hwottcdn.ln.chinamobile.com/PLTV/11/224/3221226151/index.m3u8, From: subscribe, IPv_Type: ipv6, Location: 中国, ISP: 中国移动, Date: None, Delay: -1 ms, Speed: 0.00 M/s, Resolution: None
Name: 新疆卫视, URL: http://hwottcdn.ln.chinamobile.com/PLTV/11/224/3221226893/index.m3u8, From: subscribe, IPv_Type: ipv6, Location: 中国, ISP: 中国移动, Date: None, Delay: -1 ms, Speed: 0.00 M/s, Resolution: None
Name: 新疆卫视, URL: http://tvgslb.hn.chinamobile.com:8089/180000001002/00000000000000020000000000182275/main.m3u8?stbid=, From: subscribe, IPv_Type: ipv6, Location: 中国, ISP: 中国移动, Date: None, Delay: -1 ms, Speed: 0.00 M/s, Resolution: None
Name: 新疆卫视, URL: http://ott.mobaibox.com/PLTV/3/224/3221228290/index.m3u8, From: subscribe, IPv_Type: ipv6, Location: 中国, ISP: 中国移动, Date: None, Delay: -1 ms, Speed: 0.00 M/s, Resolution: None
Name: 新疆卫视, URL: http://rrs01.hw.gmcc.net:8088/PLTV/81/224/3221226700/1.m3u8, From: subscribe, IPv_Type: ipv6, Location: 中国, ISP: 中国移动, Date: None, Delay: -1 ms, Speed: 0.00 M/s, Resolution: None
Name: 新疆卫视, URL: http://k.061899.xyz/k.php?id=xjws, From: subscribe, IPv_Type: ipv6, Location: 新加坡, ISP: Aceville Pte.Ltd., Date: None, Delay: -1 ms, Speed: 0.00 M/s, Resolution: None
Name: 新疆卫视, URL: http://satellitepull.cnr.cn/live/wxxjws/playlist.m3u8, From: subscribe, IPv_Type: ipv4, Location: 美国-伊利诺伊州-库克, ISP: 网宿CDN节点, Date: None, Delay: 140 ms, Speed: 0.68 M/s, Resolution: None
Name: 三沙卫视, URL: http://[2409:8087:2001:20:2800:0:df6e:eb21]:80/ott.mobaibox.com/PLTV/4/224/3221228626/index.m3u8, From: local, IPv_Type: ipv6, Location: 中国, ISP: 中国移动, Date: None, Delay: -1 ms, Speed: 0.00 M/s, Resolution: None
Name: 三沙卫视, URL: https://migu.188766.xyz/?migutoken=0fc99c2b6e1e9b9a82d20177d54315a6&id=hn_ssws&type=sz, From: subscribe, IPv_Type: ipv6, Location: 美国, ISP: CloudFlare Inc., Date: None, Delay: -1 ms, Speed: 0.00 M/s, Resolution: None
Name: 三沙卫视, URL: https://iptv.catvod.com/live.php?id=%E4%B8%89%E6%B2%99%E5%8D%AB%E8%A7%86, From: subscribe, IPv_Type: ipv6, Location: 美国, ISP: CloudFlare Inc., Date: None, Delay: -1 ms, Speed: 0.00 M/s, Resolution: None
Name: 三沙卫视, URL: https://stream1.freetv.fun/2476872184d56573ae915237d8e3c990ded214446351f568b57889cbf63da2e8.m3u8, From: subscribe, IPv_Type: ipv6, Location: 美国, ISP: CloudFlare Inc., Date: None, Delay: -1 ms, Speed: 0.00 M/s, Resolution: None
Name: 三沙卫视, URL: https://stream1.freetv.fun/8bd6b69c423ac31e71c2311ad33f4f291e1314c69005ffb7b3b7defc2944adb2.m3u8, From: subscribe, IPv_Type: ipv6, Location: 美国, ISP: CloudFlare Inc., Date: None, Delay: -1 ms, Speed: 0.00 M/s, Resolution: None
Name: 三沙卫视, URL: https://migu.188766.xyz/?migutoken=c71b1216382155119a8b6b147f7e7ec4&id=hn_ssws&type=sz, From: subscribe, IPv_Type: ipv6, Location: 美国, ISP: CloudFlare Inc., Date: None, Delay: -1 ms, Speed: 0.00 M/s, Resolution: None
Name: 三沙卫视, URL: https://migu.188766.xyz/?migutoken=654aa516832b6f54a96de0c8d811dc15&id=hn_ssws&type=sz, From: subscribe, IPv_Type: ipv6, Location: 美国, ISP: CloudFlare Inc., Date: None, Delay: -1 ms, Speed: 0.00 M/s, Resolution: None
Name: 三沙卫视, URL: https://migu.188766.xyz/?migutoken=73155f06dc3e5962cb680654e88613ce&id=hn_ssws&type=sz, From: subscribe, IPv_Type: ipv6, Location: 美国, ISP: CloudFlare Inc., Date: None, Delay: -1 ms, Speed: 0.00 M/s, Resolution: None
Name: 三沙卫视, URL: https://migu.188766.xyz/?migutoken=2dd8e2aa8267a4238b8f74bbf4b8a356&id=hn_ssws&type=sz, From: subscribe, IPv_Type: ipv6, Location: 美国, ISP: CloudFlare Inc., Date: None, Delay: -1 ms, Speed: 0.00 M/s, Resolution: None
Name: 三沙卫视, URL: https://migu.188766.xyz/?migutoken=58860c978ad9ac518c89f003d1553727&id=hn_ssws&type=sz, From: subscribe, IPv_Type: ipv6, Location: 美国, ISP: CloudFlare Inc., Date: None, Delay: -1 ms, Speed: 0.00 M/s, Resolution: None
Name: 三沙卫视, URL: https://migu.188766.xyz/?migutoken=edce383f00242998509e9ea332a80ee6&id=hn_ssws&type=sz, From: subscribe, IPv_Type: ipv6, Location: 美国, ISP: CloudFlare Inc., Date: None, Delay: -1 ms, Speed: 0.00 M/s, Resolution: None
Name: 三沙卫视, URL: https://migu.188766.xyz/?migutoken=1d0b16aa094e4fed8a5b67ab3524d323&id=hn_ssws&type=sz, From: subscribe, IPv_Type: ipv6, Location: 美国, ISP: CloudFlare Inc., Date: None, Delay: -1 ms, Speed: 0.00 M/s, Resolution: None
Name: 三沙卫视, URL: https://migu.188766.xyz/?migutoken=e6ec8a9b2d79a2c5cefcb24ae4586b8a&id=hn_ssws&type=sz, From: subscribe, IPv_Type: ipv6, Location: 美国, ISP: CloudFlare Inc., Date: None, Delay: -1 ms, Speed: 0.00 M/s, Resolution: None
Name: 三沙卫视, URL: https://migu.188766.xyz/?migutoken=6b503bf037a95c5009875bafebed0c53&id=hn_ssws&type=sz, From: subscribe, IPv_Type: ipv6, Location: 美国, ISP: CloudFlare Inc., Date: None, Delay: -1 ms, Speed: 0.00 M/s, Resolution: None
Name: 三沙卫视, URL: https://migu.188766.xyz/?migutoken=3c1e108b02552ea0adeb3e9404c3ccbb&id=hn_ssws&type=sz, From: subscribe, IPv_Type: ipv6, Location: 美国, ISP: CloudFlare Inc., Date: None, Delay: -1 ms, Speed: 0.00 M/s, Resolution: None
Name: 三沙卫视, URL: https://migu.188766.xyz/?migutoken=6e6070c04f4aa82d3396b498aedbb607&id=hn_ssws&type=sz, From: subscribe, IPv_Type: ipv6, Location: 美国, ISP: CloudFlare Inc., Date: None, Delay: -1 ms, Speed: 0.00 M/s, Resolution: None
Name: 三沙卫视, URL: https://migu.188766.xyz/?migutoken=5fd2ada728c4b2a11dc39564c81b0e52&id=hn_ssws&type=sz, From: subscribe, IPv_Type: ipv6, Location: 美国, ISP: CloudFlare Inc., Date: None, Delay: -1 ms, Speed: 0.00 M/s, Resolution: None
Name: 三沙卫视, URL: https://migu.188766.xyz/?migutoken=66a343223ec7dd8d194a766fbf5e7bfa&id=hn_ssws&type=sz, From: subscribe, IPv_Type: ipv6, Location: 美国, ISP: CloudFlare Inc., Date: None, Delay: -1 ms, Speed: 0.00 M/s, Resolution: None
Name: 三沙卫视, URL: https://migu.188766.xyz/?migutoken=7e2e07216c7317bbe845e2574e596f5f&id=hn_ssws&type=sz, From: subscribe, IPv_Type: ipv6, Location: 美国, ISP: CloudFlare Inc., Date: None, Delay: -1 ms, Speed: 0.00 M/s, Resolution: None
Name: 三沙卫视, URL: https://migu.188766.xyz/?migutoken=b5020d9ba3207615cae8e420e84d361e&id=hn_ssws&type=sz, From: subscribe, IPv_Type: ipv6, Location: 美国, ISP: CloudFlare Inc., Date: None, Delay: -1 ms, Speed: 0.00 M/s, Resolution: None
Name: 三沙卫视, URL: https://migu.188766.xyz/?migutoken=0fca381b45dcbe231c213167a3b87d94&id=hn_ssws&type=sz, From: subscribe, IPv_Type: ipv6, Location: 美国, ISP: CloudFlare Inc., Date: None, Delay: -1 ms, Speed: 0.00 M/s, Resolution: None
Name: 三沙卫视, URL: http://tvgslb.hn.chinamobile.com:8089/180000001002/00000001000000000031000000068476/main.m3u8?stbid=, From: subscribe, IPv_Type: ipv6, Location: 中国, ISP: 中国移动, Date: None, Delay: -1 ms, Speed: 0.00 M/s, Resolution: None
Name: 三沙卫视, URL: http://iptvrr.sh.chinamobile.com:6060/cms001/ch00000090990000001185/index.m3u8, From: subscribe, IPv_Type: ipv6, Location: 中国, ISP: 中国移动, Date: None, Delay: -1 ms, Speed: 0.00 M/s, Resolution: None
Name: 三沙卫视, URL: https://stream.iptv-search.com/main.php?id=%E4%B8%89%E6%B2%99%E5%8D%AB%E8%A7%86&t=1755401429&token=7ddfc6d40f1c98da27c8b5e7c59836a3, From: subscribe, IPv_Type: ipv6, Location: 美国, ISP: CloudFlare Inc., Date: None, Delay: -1 ms, Speed: 0.00 M/s, Resolution: None
Name: 三沙卫视, URL: http://ott.mobaibox.com/PLTV/3/224/3221228626/index.m3u8, From: subscribe, IPv_Type: ipv6, Location: 中国, ISP: 中国移动, Date: None, Delay: -1 ms, Speed: 0.00 M/s, Resolution: None
Name: 三沙卫视, URL: https://migu.188766.xyz/?migutoken=585f963ecccb283f359942608a820b7e&id=hn_ssws&type=sz, From: subscribe, IPv_Type: ipv6, Location: 美国, ISP: CloudFlare Inc., Date: None, Delay: -1 ms, Speed: 0.00 M/s, Resolution: None
Name: 三沙卫视, URL: https://migu.188766.xyz/?migutoken=1d71e6ad7fdc3a80a12803a2436d2887&id=hn_ssws&type=sz, From: subscribe, IPv_Type: ipv6, Location: 美国, ISP: CloudFlare Inc., Date: None, Delay: -1 ms, Speed: 0.00 M/s, Resolution: None
Name: 三沙卫视, URL: https://migu.188766.xyz/?migutoken=bd6e0999a6e32b41f2b7d838baaaa2cf&id=hn_ssws&type=sz, From: subscribe, IPv_Type: ipv6, Location: 美国, ISP: CloudFlare Inc., Date: None, Delay: -1 ms, Speed: 0.00 M/s, Resolution: None
Name: 三沙卫视, URL: http://38.75.136.137:98/gslb/dsdqpub/ssws.m3u8?auth=testpub, From: subscribe, IPv_Type: ipv4, Location: 美国-伊利诺伊州-库克, ISP: Cogent, Date: None, Delay: 396 ms, Speed: 12.94 M/s, Resolution: 1920x1080
Name: 青海卫视, URL: http://[2409:8087:7000:20:1000::22]:6060/yinhe/2/ch00000090990000001033/index.m3u8?virtualDomain=yinhe.live_hls.zte.com, From: local, IPv_Type: ipv6, Location: 中国, ISP: 中国移动, Date: None, Delay: -1 ms, Speed: 0.00 M/s, Resolution: None
Name: 青海卫视, URL: http://php.jdshipin.com/TVOD/hnyd.php?id=200000001898/460000089800010111, From: subscribe, IPv_Type: ipv6, Location: 美国, ISP: CloudFlare Inc., Date: None, Delay: -1 ms, Speed: 0.00 M/s, Resolution: None
Name: 青海卫视, URL: http://z.b.bkpcp.top/m.php?id=qhws, From: subscribe, IPv_Type: ipv6, Location: 美国, ISP: CloudFlare Inc., Date: None, Delay: -1 ms, Speed: 0.00 M/s, Resolution: None
Name: 青海卫视, URL: http://j.x.bkpcp.top/jx/QHWS, From: subscribe, IPv_Type: ipv6, Location: 美国, ISP: CloudFlare Inc., Date: None, Delay: -1 ms, Speed: 0.00 M/s, Resolution: None
Name: 青海卫视, URL: http://3501776.xyz:35455/itv/1000000002000013359.m3u8?cdn=ystenlive, From: subscribe, IPv_Type: ipv6, Location: 美国, ISP: CloudFlare Inc., Date: None, Delay: -1 ms, Speed: 0.00 M/s, Resolution: None
Name: 青海卫视, URL: http://goo.bkpcp.top/mg/qhws, From: subscribe, IPv_Type: ipv6, Location: 美国, ISP: CloudFlare Inc., Date: None, Delay: -1 ms, Speed: 0.00 M/s, Resolution: None
Name: 青海卫视, URL: https://zby.130519.xyz/PLTV/11/224/3221226105/index.m3u8, From: subscribe, IPv_Type: ipv6, Location: 美国, ISP: CloudFlare Inc., Date: None, Delay: -1 ms, Speed: 0.00 M/s, Resolution: None
Name: 青海卫视, URL: https://migu.188766.xyz/?migutoken=8313bee799e6aa719773c1bcacf10fdf&id=%E9%9D%92%E6%B5%B7%E5%8D%AB%E8%A7%86&type=yy, From: subscribe, IPv_Type: ipv6, Location: 美国, ISP: CloudFlare Inc., Date: None, Delay: -1 ms, Speed: 0.00 M/s, Resolution: None
Name: 青海卫视, URL: http://lu.wqwqwq.sbs/itv/1000000002000013359.m3u8?cdn=ystenlive, From: subscribe, IPv_Type: ipv6, Location: 美国, ISP: CloudFlare Inc., Date: None, Delay: -1 ms, Speed: 0.00 M/s, Resolution: None
Name: 青海卫视, URL: http://[2409:8087:8:21::18]:6610/otttv.bj.chinamobile.com/PLTV/88888888/224/3221227017/1.m3u8?GuardEncType=2&accountinfo=%7E%7EV2.0%7EacviHy_ucMT27Ymf2iLtZA%7EtP4-l0lmSfjwLWEfK_el1vH_mv-s1zo4AQJwdedaVwG9xkuFTDg8J26cwOrNJzn20BErrHdLhuZ9EzLUCD3PMW-OMx4MGteHV2vLeW6BqoY%2CEND, From: subscribe, IPv_Type: ipv6, Location: 中国, ISP: 中国移动, Date: None, Delay: -1 ms, Speed: 0.00 M/s, Resolution: None
Name: 青海卫视, URL: https://migu.188766.xyz/?migutoken=e136c55e01e00d8d8b1e67662cc4ca85&id=%E9%9D%92%E6%B5%B7%E5%8D%AB%E8%A7%86&type=yy, From: subscribe, IPv_Type: ipv6, Location: 美国, ISP: CloudFlare Inc., Date: None, Delay: -1 ms, Speed: 0.00 M/s, Resolution: None
Name: 青海卫视, URL: https://iptv.catvod.com/live.php?id=%E9%9D%92%E6%B5%B7%E5%8D%AB%E8%A7%86%E5%8F%B0, From: subscribe, IPv_Type: ipv6, Location: 美国, ISP: CloudFlare Inc., Date: None, Delay: -1 ms, Speed: 0.00 M/s, Resolution: None
Name: 青海卫视, URL: https://migu.188766.xyz/?migutoken=63164739e06fbaf0f7541c17a58d5ad3&id=%E9%9D%92%E6%B5%B7%E5%8D%AB%E8%A7%86&type=yy, From: subscribe, IPv_Type: ipv6, Location: 美国, ISP: CloudFlare Inc., Date: None, Delay: -1 ms, Speed: 0.00 M/s, Resolution: None
Name: 青海卫视, URL: https://migu.188766.xyz/?migutoken=45da78cbfb2a48bf12bd0531c5a0937b&id=%E9%9D%92%E6%B5%B7%E5%8D%AB%E8%A7%86&type=yy, From: subscribe, IPv_Type: ipv6, Location: 美国, ISP: CloudFlare Inc., Date: None, Delay: -1 ms, Speed: 0.00 M/s, Resolution: None
Name: 青海卫视, URL: https://migu.188766.xyz/?migutoken=032dbaf05f48b3b24972f57ad3080d71&id=%E9%9D%92%E6%B5%B7%E5%8D%AB%E8%A7%86&type=yy, From: subscribe, IPv_Type: ipv6, Location: 美国, ISP: CloudFlare Inc., Date: None, Delay: -1 ms, Speed: 0.00 M/s, Resolution: None
Name: 青海卫视, URL: https://migu.188766.xyz/?migutoken=96861534f49e382fc47475a2af580f17&id=%E9%9D%92%E6%B5%B7%E5%8D%AB%E8%A7%86&type=yy, From: subscribe, IPv_Type: ipv6, Location: 美国, ISP: CloudFlare Inc., Date: None, Delay: -1 ms, Speed: 0.00 M/s, Resolution: None
Name: 青海卫视, URL: https://migu.188766.xyz/?migutoken=71e326454033b7b10901502322c2dd0e&id=%E9%9D%92%E6%B5%B7%E5%8D%AB%E8%A7%86&type=yy, From: subscribe, IPv_Type: ipv6, Location: 美国, ISP: CloudFlare Inc., Date: None, Delay: -1 ms, Speed: 0.00 M/s, Resolution: None
Name: 青海卫视, URL: https://migu.188766.xyz/?migutoken=24519fb14140d1724c63cb86bf5a6ff6&id=%E9%9D%92%E6%B5%B7%E5%8D%AB%E8%A7%86&type=yy, From: subscribe, IPv_Type: ipv6, Location: 美国, ISP: CloudFlare Inc., Date: None, Delay: -1 ms, Speed: 0.00 M/s, Resolution: None
Name: 青海卫视, URL: https://iptv.catvod.com/live.php?id=%E9%9D%92%E6%B5%B7%E5%8D%AB%E8%A7%86, From: subscribe, IPv_Type: ipv6, Location: 美国, ISP: CloudFlare Inc., Date: None, Delay: -1 ms, Speed: 0.00 M/s, Resolution: None
Name: 青海卫视, URL: https://migu.188766.xyz/?migutoken=8a4dacc7cee589b5b11f2fd6eb9663d8&id=%E9%9D%92%E6%B5%B7%E5%8D%AB%E8%A7%86&type=yy, From: subscribe, IPv_Type: ipv6, Location: 美国, ISP: CloudFlare Inc., Date: None, Delay: -1 ms, Speed: 0.00 M/s, Resolution: None
Name: 青海卫视, URL: https://migu.188766.xyz/?migutoken=c2fd26d0b08c505949bc76f9bde77085&id=%E9%9D%92%E6%B5%B7%E5%8D%AB%E8%A7%86&type=yy, From: subscribe, IPv_Type: ipv6, Location: 美国, ISP: CloudFlare Inc., Date: None, Delay: -1 ms, Speed: 0.00 M/s, Resolution: None
Name: 青海卫视, URL: https://migu.188766.xyz/?migutoken=0fe9ace4b1ba6667763003c859dee9e1&id=%E9%9D%92%E6%B5%B7%E5%8D%AB%E8%A7%86&type=yy, From: subscribe, IPv_Type: ipv6, Location: 美国, ISP: CloudFlare Inc., Date: None, Delay: -1 ms, Speed: 0.00 M/s, Resolution: None
Name: 青海卫视, URL: https://migu.188766.xyz/?migutoken=809f19a9b78419e65c4f0e2f5849161b&id=%E9%9D%92%E6%B5%B7%E5%8D%AB%E8%A7%86&type=yy, From: subscribe, IPv_Type: ipv6, Location: 美国, ISP: CloudFlare Inc., Date: None, Delay: -1 ms, Speed: 0.00 M/s, Resolution: None
Name: 青海卫视, URL: https://migu.188766.xyz/?migutoken=dc2af497e779e552e80c2f4bf85b04e8&id=%E9%9D%92%E6%B5%B7%E5%8D%AB%E8%A7%86&type=yy, From: subscribe, IPv_Type: ipv6, Location: 美国, ISP: CloudFlare Inc., Date: None, Delay: -1 ms, Speed: 0.00 M/s, Resolution: None
Name: 青海卫视, URL: https://migu.188766.xyz/?migutoken=804b38e21034c66fe432e6ba55370a2b&id=%E9%9D%92%E6%B5%B7%E5%8D%AB%E8%A7%86&type=yy, From: subscribe, IPv_Type: ipv6, Location: 美国, ISP: CloudFlare Inc., Date: None, Delay: -1 ms, Speed: 0.00 M/s, Resolution: None
Name: 青海卫视, URL: https://migu.188766.xyz/?migutoken=6598ca591b15e6546e92ef40b19d85e0&id=%E9%9D%92%E6%B5%B7%E5%8D%AB%E8%A7%86&type=yy, From: subscribe, IPv_Type: ipv6, Location: 美国, ISP: CloudFlare Inc., Date: None, Delay: -1 ms, Speed: 0.00 M/s, Resolution: None
Name: 青海卫视, URL: https://migu.188766.xyz/?migutoken=5731039daf1ee84a49878f52a45c0535&id=%E9%9D%92%E6%B5%B7%E5%8D%AB%E8%A7%86&type=yy, From: subscribe, IPv_Type: ipv6, Location: 美国, ISP: CloudFlare Inc., Date: None, Delay: -1 ms, Speed: 0.00 M/s, Resolution: None
Name: 青海卫视, URL: https://migu.188766.xyz/?migutoken=9c6a6699b0aa367136a4590215ecb632&id=%E9%9D%92%E6%B5%B7%E5%8D%AB%E8%A7%86&type=yy, From: subscribe, IPv_Type: ipv6, Location: 美国, ISP: CloudFlare Inc., Date: None, Delay: -1 ms, Speed: 0.00 M/s, Resolution: None
Name: 青海卫视, URL: http://hwottcdn.ln.chinamobile.com/PLTV/11/224/3221226889/index.m3u8, From: subscribe, IPv_Type: ipv6, Location: 中国, ISP: 中国移动, Date: None, Delay: -1 ms, Speed: 0.00 M/s, Resolution: None
Name: 青海卫视, URL: http://hwottcdn.ln.chinamobile.com/PLTV/11/224/3221226153/index.m3u8, From: subscribe, IPv_Type: ipv6, Location: 中国, ISP: 中国移动, Date: None, Delay: -1 ms, Speed: 0.00 M/s, Resolution: None
Name: 青海卫视, URL: http://tvgslb.hn.chinamobile.com:8089/180000001001/00000001000000000090000000215609/main.m3u8?stbid=, From: subscribe, IPv_Type: ipv6, Location: 中国, ISP: 中国移动, Date: None, Delay: -1 ms, Speed: 0.00 M/s, Resolution: None
Name: 青海卫视, URL: http://tvgslb.hn.chinamobile.com:8089/180000001002/00000000000000020000000000182317/main.m3u8?stbid=, From: subscribe, IPv_Type: ipv6, Location: 中国, ISP: 中国移动, Date: None, Delay: -1 ms, Speed: 0.00 M/s, Resolution: None
Name: 青海卫视, URL: http://iptvrr.sh.chinamobile.com:6060/cms001/ch00000090990000001450/index.m3u8, From: subscribe, IPv_Type: ipv6, Location: 中国, ISP: 中国移动, Date: None, Delay: -1 ms, Speed: 0.00 M/s, Resolution: None
Name: 青海卫视, URL: http://k.061899.xyz/k.php?id=qhws, From: subscribe, IPv_Type: ipv6, Location: 新加坡, ISP: Aceville Pte.Ltd., Date: None, Delay: -1 ms, Speed: 0.00 M/s, Resolution: None
Name: 青海卫视, URL: http://ott.mobaibox.com/PLTV/3/224/3221227554/index.m3u8, From: subscribe, IPv_Type: ipv6, Location: 中国, ISP: 中国移动, Date: None, Delay: -1 ms, Speed: 0.00 M/s, Resolution: None
Name: 青海卫视, URL: http://hwltc.tv.cdn.zj.chinamobile.com/PLTV/88888888/224/3221236252/index.m3u8, From: subscribe, IPv_Type: ipv6, Location: 中国, ISP: 中国移动, Date: None, Delay: -1 ms, Speed: 0.00 M/s, Resolution: None
Name: 青海卫视, URL: http://rrs01.hw.gmcc.net:8088/PLTV/81/224/3221226696/1.m3u8, From: subscribe, IPv_Type: ipv6, Location: 中国, ISP: 中国移动, Date: None, Delay: -1 ms, Speed: 0.00 M/s, Resolution: None
Name: 青海卫视, URL: https://migu.188766.xyz/?migutoken=ad7c8b34e0a8e9ede407e988ef8fccf2&id=%E9%9D%92%E6%B5%B7%E5%8D%AB%E8%A7%86&type=yy, From: subscribe, IPv_Type: ipv6, Location: 美国, ISP: CloudFlare Inc., Date: None, Delay: -1 ms, Speed: 0.00 M/s, Resolution: None
Name: 青海卫视, URL: https://migu.188766.xyz/?migutoken=d5ea640da252ee269b70c83537daee6c&id=%E9%9D%92%E6%B5%B7%E5%8D%AB%E8%A7%86&type=yy, From: subscribe, IPv_Type: ipv6, Location: 美国, ISP: CloudFlare Inc., Date: None, Delay: -1 ms, Speed: 0.00 M/s, Resolution: None
Name: 青海卫视, URL: https://migu.188766.xyz/?migutoken=beaef1d74dceceae1de64d11fafbc46c&id=%E9%9D%92%E6%B5%B7%E5%8D%AB%E8%A7%86&type=yy, From: subscribe, IPv_Type: ipv6, Location: 美国, ISP: CloudFlare Inc., Date: None, Delay: -1 ms, Speed: 0.00 M/s, Resolution: None
Name: 青海卫视, URL: http://38.75.136.137:98/gslb/dsdqpub/qhws.m3u8?auth=testpub, From: subscribe, IPv_Type: ipv4, Location: 美国-伊利诺伊州-库克, ISP: Cogent, Date: None, Delay: 378 ms, Speed: 12.69 M/s, Resolution: 1920x1080
Name: 青海卫视, URL: http://23.237.228.134/live8/qinghai.m3u8, From: subscribe, IPv_Type: ipv4, Location: 北美地区, ISP: , Date: None, Delay: 366 ms, Speed: 6.83 M/s, Resolution: 1920x1080
Name: 青海卫视, URL: http://satellitepull.cnr.cn/live/wx32qhws/playlist.m3u8, From: subscribe, IPv_Type: ipv4, Location: 美国-伊利诺伊州-库克, ISP: 网宿CDN节点, Date: None, Delay: 139 ms, Speed: 0.65 M/s, Resolution: None
Name: 陕西卫视, URL: http://[2409:8087:7000:20:1000::22]:6060/yinhe/2/ch00000090990000001062/index.m3u8?virtualDomain=yinhe.live_hls.zte.com, From: local, IPv_Type: ipv6, Location: 中国, ISP: 中国移动, Date: None, Delay: -1 ms, Speed: 0.00 M/s, Resolution: None
Name: 陕西卫视, URL: http://php.jdshipin.com/TVOD/hnyd.php?id=200000001898/460000089800010113, From: subscribe, IPv_Type: ipv6, Location: 美国, ISP: CloudFlare Inc., Date: None, Delay: -1 ms, Speed: 0.00 M/s, Resolution: None
Name: 陕西卫视, URL: http://z.b.bkpcp.top/m.php?id=sxws, From: subscribe, IPv_Type: ipv6, Location: 美国, ISP: CloudFlare Inc., Date: None, Delay: -1 ms, Speed: 0.00 M/s, Resolution: None
Name: 陕西卫视, URL: http://gat.bkpcp.top/ymg.php?id=sxws, From: subscribe, IPv_Type: ipv6, Location: 美国, ISP: CloudFlare Inc., Date: None, Delay: -1 ms, Speed: 0.00 M/s, Resolution: None
Name: 陕西卫视, URL: http://3501776.xyz:35455/itv/1000000002000007495.m3u8?cdn=ystenlive, From: subscribe, IPv_Type: ipv6, Location: 美国, ISP: CloudFlare Inc., Date: None, Delay: -1 ms, Speed: 0.00 M/s, Resolution: None
Name: 陕西卫视, URL: http://goo.bkpcp.top/mg/sxws, From: subscribe, IPv_Type: ipv6, Location: 美国, ISP: CloudFlare Inc., Date: None, Delay: -1 ms, Speed: 0.00 M/s, Resolution: None
Name: 陕西卫视, URL: https://migu.188766.xyz/?migutoken=f6d712bb97c0c9a85efb8dfd0a93b2df&id=%E9%99%95%E8%A5%BF%E5%8D%AB%E8%A7%86&type=yy, From: subscribe, IPv_Type: ipv6, Location: 美国, ISP: CloudFlare Inc., Date: None, Delay: -1 ms, Speed: 0.00 M/s, Resolution: None
Name: 陕西卫视, URL: http://[2409:8087:8:21::18]:6610/otttv.bj.chinamobile.com/PLTV/88888888/224/3221226999/1.m3u8?GuardEncType=2&accountinfo=%7E%7EV2.0%7EsGLKaSqf0wDZMbAjeQtfyw%7EtP4-l0lmSfjwLWEfK_el1vH_mv-s1zo4AQJwdedaVwG9xkuFTDg8J26cwOrNJzn20BErrHdLhuZ9EzLUCD3PMW-OMx4MGteHV2vLeW6BqoY%2CEND, From: subscribe, IPv_Type: ipv6, Location: 中国, ISP: 中国移动, Date: None, Delay: -1 ms, Speed: 0.00 M/s, Resolution: None
Name: 陕西卫视, URL: https://www.freetv.top/migu/738910838.m3u8?migutoken=3899cd1daaa04f812c6d4b13126e3c00ad177635abc5559f1b596e814ff8eb3d745e7bd40b881206a2852a5ed041ca424112cf1d9b385c72ea9de42c8d86f45227af0f51a8b4f4c18a038a8e6d, From: subscribe, IPv_Type: ipv6, Location: 美国-加利福尼亚州-圣克拉拉, ISP: DigitalOcean, Date: None, Delay: -1 ms, Speed: 0.00 M/s, Resolution: None
Name: 陕西卫视, URL: https://www.freetv.top/migu/738910838.m3u8?migutoken=35df06ac83a8fe0b0d98f96b8dbf5821d2a57fbd279c10148f5eb543353c48d828c15e639a63919e023774c69fac3a6f5a2bbfd1ee773d77c0dc154b9acd0c77e84c99627dd15f852e56ab3281, From: subscribe, IPv_Type: ipv6, Location: 美国-加利福尼亚州-圣克拉拉, ISP: DigitalOcean, Date: None, Delay: -1 ms, Speed: 0.00 M/s, Resolution: None
Name: 陕西卫视, URL: https://migu.188766.xyz/?migutoken=f17ab356467b8b0c2cae48e45eb7f4d2&id=%E9%99%95%E8%A5%BF%E5%8D%AB%E8%A7%86&type=yy, From: subscribe, IPv_Type: ipv6, Location: 美国, ISP: CloudFlare Inc., Date: None, Delay: -1 ms, Speed: 0.00 M/s, Resolution: None
Name: 陕西卫视, URL: https://migu.188766.xyz/?migutoken=135e0506efdcd1b7b8e45c24b600e412&id=%E9%99%95%E8%A5%BF%E5%8D%AB%E8%A7%86&type=yy, From: subscribe, IPv_Type: ipv6, Location: 美国, ISP: CloudFlare Inc., Date: None, Delay: -1 ms, Speed: 0.00 M/s, Resolution: None
Name: 陕西卫视, URL: https://migu.188766.xyz/?migutoken=3a44ac4fba5593cb0edd36cd9b376faa&id=%E9%99%95%E8%A5%BF%E5%8D%AB%E8%A7%86&type=yy, From: subscribe, IPv_Type: ipv6, Location: 美国, ISP: CloudFlare Inc., Date: None, Delay: -1 ms, Speed: 0.00 M/s, Resolution: None
Name: 陕西卫视, URL: https://migu.188766.xyz/?migutoken=ae83856aa1ef8a6f2237fdfa11ba6005&id=%E9%99%95%E8%A5%BF%E5%8D%AB%E8%A7%86&type=yy, From: subscribe, IPv_Type: ipv6, Location: 美国, ISP: CloudFlare Inc., Date: None, Delay: -1 ms, Speed: 0.00 M/s, Resolution: None
Name: 陕西卫视, URL: https://migu.188766.xyz/?migutoken=f03cda3b68fa36aad3942af0e88aa5e4&id=%E9%99%95%E8%A5%BF%E5%8D%AB%E8%A7%86&type=yy, From: subscribe, IPv_Type: ipv6, Location: 美国, ISP: CloudFlare Inc., Date: None, Delay: -1 ms, Speed: 0.00 M/s, Resolution: None
Name: 陕西卫视, URL: https://migu.188766.xyz/?migutoken=73c5b0d0464f711b295fa448b9464e94&id=%E9%99%95%E8%A5%BF%E5%8D%AB%E8%A7%86&type=yy, From: subscribe, IPv_Type: ipv6, Location: 美国, ISP: CloudFlare Inc., Date: None, Delay: -1 ms, Speed: 0.00 M/s, Resolution: None
Name: 陕西卫视, URL: https://migu.188766.xyz/?migutoken=077e60fb413a237de8391b33347d052c&id=%E9%99%95%E8%A5%BF%E5%8D%AB%E8%A7%86&type=yy, From: subscribe, IPv_Type: ipv6, Location: 美国, ISP: CloudFlare Inc., Date: None, Delay: -1 ms, Speed: 0.00 M/s, Resolution: None
Name: 陕西卫视, URL: https://migu.188766.xyz/?migutoken=741295f6092615c237738035a96b3ad6&id=%E9%99%95%E8%A5%BF%E5%8D%AB%E8%A7%86&type=yy, From: subscribe, IPv_Type: ipv6, Location: 美国, ISP: CloudFlare Inc., Date: None, Delay: -1 ms, Speed: 0.00 M/s, Resolution: None
Name: 陕西卫视, URL: https://migu.188766.xyz/?migutoken=d2db024b27b1d0a3c583e0cc76572d6c&id=%E9%99%95%E8%A5%BF%E5%8D%AB%E8%A7%86&type=yy, From: subscribe, IPv_Type: ipv6, Location: 美国, ISP: CloudFlare Inc., Date: None, Delay: -1 ms, Speed: 0.00 M/s, Resolution: None
Name: 陕西卫视, URL: https://migu.188766.xyz/?migutoken=9a6adb92a78e175fb440209572164653&id=%E9%99%95%E8%A5%BF%E5%8D%AB%E8%A7%86&type=yy, From: subscribe, IPv_Type: ipv6, Location: 美国, ISP: CloudFlare Inc., Date: None, Delay: -1 ms, Speed: 0.00 M/s, Resolution: None
Name: 陕西卫视, URL: https://migu.188766.xyz/?migutoken=c547f0e5aa3c2381c046138159cd0cda&id=%E9%99%95%E8%A5%BF%E5%8D%AB%E8%A7%86&type=yy, From: subscribe, IPv_Type: ipv6, Location: 美国, ISP: CloudFlare Inc., Date: None, Delay: -1 ms, Speed: 0.00 M/s, Resolution: None
Name: 陕西卫视, URL: https://iptv.catvod.com/live.php?id=%E9%99%95%E8%A5%BF%E5%8D%AB%E8%A7%86, From: subscribe, IPv_Type: ipv6, Location: 美国, ISP: CloudFlare Inc., Date: None, Delay: -1 ms, Speed: 0.00 M/s, Resolution: None
Name: 陕西卫视, URL: https://migu.188766.xyz/?migutoken=b07edbe8e8d0bec7bf1cfecafc51248c&id=%E9%99%95%E8%A5%BF%E5%8D%AB%E8%A7%86&type=yy, From: subscribe, IPv_Type: ipv6, Location: 美国, ISP: CloudFlare Inc., Date: None, Delay: -1 ms, Speed: 0.00 M/s, Resolution: None
Name: 陕西卫视, URL: https://migu.188766.xyz/?migutoken=4602cf38c29715928eda942608940577&id=%E9%99%95%E8%A5%BF%E5%8D%AB%E8%A7%86&type=yy, From: subscribe, IPv_Type: ipv6, Location: 美国, ISP: CloudFlare Inc., Date: None, Delay: -1 ms, Speed: 0.00 M/s, Resolution: None
Name: 陕西卫视, URL: https://migu.188766.xyz/?migutoken=b2078d3f05e0227abd17abdc72dc2b63&id=%E9%99%95%E8%A5%BF%E5%8D%AB%E8%A7%86&type=yy, From: subscribe, IPv_Type: ipv6, Location: 美国, ISP: CloudFlare Inc., Date: None, Delay: -1 ms, Speed: 0.00 M/s, Resolution: None
Name: 陕西卫视, URL: https://migu.188766.xyz/?migutoken=40fe5f570a52a8db86883518a8065757&id=%E9%99%95%E8%A5%BF%E5%8D%AB%E8%A7%86&type=yy, From: subscribe, IPv_Type: ipv6, Location: 美国, ISP: CloudFlare Inc., Date: None, Delay: -1 ms, Speed: 0.00 M/s, Resolution: None
Name: 陕西卫视, URL: https://migu.188766.xyz/?migutoken=6c112a9edf2046d945b4a88a75b5fcd7&id=%E9%99%95%E8%A5%BF%E5%8D%AB%E8%A7%86&type=yy, From: subscribe, IPv_Type: ipv6, Location: 美国, ISP: CloudFlare Inc., Date: None, Delay: -1 ms, Speed: 0.00 M/s, Resolution: None
Name: 陕西卫视, URL: http://hwottcdn.ln.chinamobile.com/PLTV/11/224/3221226892/index.m3u8, From: subscribe, IPv_Type: ipv6, Location: 中国, ISP: 中国移动, Date: None, Delay: -1 ms, Speed: 0.00 M/s, Resolution: None
Name: 陕西卫视, URL: http://hwltc.tv.cdn.zj.chinamobile.com/PLTV/88888888/224/3221236370/index.m3u8, From: subscribe, IPv_Type: ipv6, Location: 中国, ISP: 中国移动, Date: None, Delay: -1 ms, Speed: 0.00 M/s, Resolution: None
Name: 陕西卫视, URL: http://tvgslb.hn.chinamobile.com:8089/180000001002/00000000000000020000000000182270/main.m3u8?stbid=, From: subscribe, IPv_Type: ipv6, Location: 中国, ISP: 中国移动, Date: None, Delay: -1 ms, Speed: 0.00 M/s, Resolution: None
Name: 陕西卫视, URL: http://rrs01.hw.gmcc.net:8088/PLTV/81/224/3221226707/1.m3u8, From: subscribe, IPv_Type: ipv6, Location: 中国, ISP: 中国移动, Date: None, Delay: -1 ms, Speed: 0.00 M/s, Resolution: None
Name: 陕西卫视, URL: http://tvgslb.hn.chinamobile.com:8089/180000001002/00000001000000000090000000215607/main.m3u8?stbid=, From: subscribe, IPv_Type: ipv6, Location: 中国, ISP: 中国移动, Date: None, Delay: -1 ms, Speed: 0.00 M/s, Resolution: None
Name: 陕西卫视, URL: http://k.061899.xyz/k.php?id=sxws, From: subscribe, IPv_Type: ipv6, Location: 新加坡, ISP: Aceville Pte.Ltd., Date: None, Delay: -1 ms, Speed: 0.00 M/s, Resolution: None
Name: 陕西卫视, URL: http://iptvrr.sh.chinamobile.com:6060/cms001/ch00000090990000001067/index.m3u8, From: subscribe, IPv_Type: ipv6, Location: 中国, ISP: 中国移动, Date: None, Delay: -1 ms, Speed: 0.00 M/s, Resolution: None
Name: 陕西卫视, URL: http://ott.mobaibox.com/PLTV/3/224/3221227583/index.m3u8, From: subscribe, IPv_Type: ipv6, Location: 中国, ISP: 中国移动, Date: None, Delay: -1 ms, Speed: 0.00 M/s, Resolution: None
Name: 陕西卫视, URL: https://migu.188766.xyz/?migutoken=e4d9c7e0bee6c13ead948142f9f0ae78&id=%E9%99%95%E8%A5%BF%E5%8D%AB%E8%A7%86&type=yy, From: subscribe, IPv_Type: ipv6, Location: 美国, ISP: CloudFlare Inc., Date: None, Delay: -1 ms, Speed: 0.00 M/s, Resolution: None
Name: 陕西卫视, URL: https://migu.188766.xyz/?migutoken=1054957990e91afa6b62082daf9dcd6b&id=%E9%99%95%E8%A5%BF%E5%8D%AB%E8%A7%86&type=yy, From: subscribe, IPv_Type: ipv6, Location: 美国, ISP: CloudFlare Inc., Date: None, Delay: -1 ms, Speed: 0.00 M/s, Resolution: None
Name: 陕西卫视, URL: https://migu.188766.xyz/?migutoken=e8321300dcadac6f1cc1d6da1bf3d1d7&id=%E9%99%95%E8%A5%BF%E5%8D%AB%E8%A7%86&type=yy, From: subscribe, IPv_Type: ipv6, Location: 美国, ISP: CloudFlare Inc., Date: None, Delay: -1 ms, Speed: 0.00 M/s, Resolution: None
Name: 陕西卫视, URL: http://38.75.136.137:98/gslb/dsdqpub/snwshd.m3u8?auth=testpub, From: subscribe, IPv_Type: ipv4, Location: 美国-伊利诺伊州-库克, ISP: Cogent, Date: None, Delay: 390 ms, Speed: 13.37 M/s, Resolution: 1920x1080
Name: 陕西卫视, URL: http://23.237.228.134/live8/shanxiws.m3u8, From: subscribe, IPv_Type: ipv4, Location: 北美地区, ISP: , Date: None, Delay: 1143 ms, Speed: 3.57 M/s, Resolution: 1920x1080
Name: 陕西卫视, URL: http://satellitepull.cnr.cn/live/wxsxxws/playlist.m3u8, From: subscribe, IPv_Type: ipv4, Location: 美国-伊利诺伊州-库克, ISP: 网宿CDN节点, Date: None, Delay: 143 ms, Speed: 0.69 M/s, Resolution: None
Name: 山西卫视, URL: http://[2409:8087:7000:20:1000::22]:6060/yinhe/2/ch00000090990000001038/index.m3u8?virtualDomain=yinhe.live_hls.zte.com, From: local, IPv_Type: ipv6, Location: 中国, ISP: 中国移动, Date: None, Delay: -1 ms, Speed: 0.00 M/s, Resolution: None
Name: 山西卫视, URL: http://php.jdshipin.com/TVOD/hnyd.php?id=200000001898/460000089800010114, From: subscribe, IPv_Type: ipv6, Location: 美国, ISP: CloudFlare Inc., Date: None, Delay: -1 ms, Speed: 0.00 M/s, Resolution: None
Name: 山西卫视, URL: http://j.x.bkpcp.top/jx/SXWS, From: subscribe, IPv_Type: ipv6, Location: 美国, ISP: CloudFlare Inc., Date: None, Delay: -1 ms, Speed: 0.00 M/s, Resolution: None
Name: 山西卫视, URL: http://3501776.xyz:35455/itv/1000000002000021220.m3u8?cdn=ystenlive, From: subscribe, IPv_Type: ipv6, Location: 美国, ISP: CloudFlare Inc., Date: None, Delay: -1 ms, Speed: 0.00 M/s, Resolution: None
Name: 山西卫视, URL: https://zby.130519.xyz/PLTV/11/224/3221226113/index.m3u8, From: subscribe, IPv_Type: ipv6, Location: 美国, ISP: CloudFlare Inc., Date: None, Delay: -1 ms, Speed: 0.00 M/s, Resolution: None
Name: 山西卫视, URL: http://m3u8.channel.wsrtv.com.cn/cms/videos/nmip-media/channellive/channel7/playlist.m3u8, From: subscribe, IPv_Type: ipv6, Location: 中国, ISP: 中国电信, Date: None, Delay: -1 ms, Speed: 0.00 M/s, Resolution: None
Name: 山西卫视, URL: http://[2409:8087:8:21::18]:6610/otttv.bj.chinamobile.com/PLTV/88888888/224/3221227016/1.m3u8?GuardEncType=2&accountinfo=%7E%7EV2.0%7ESb5Qr3NTpE2ZugIroKoyTw%7EtP4-l0lmSfjwLWEfK_el1vH_mv-s1zo4AQJwdedaVwG9xkuFTDg8J26cwOrNJzn20BErrHdLhuZ9EzLUCD3PMW-OMx4MGteHV2vLeW6BqoY%2CEND, From: subscribe, IPv_Type: ipv6, Location: 中国, ISP: 中国移动, Date: None, Delay: -1 ms, Speed: 0.00 M/s, Resolution: None
Name: 山西卫视, URL: http://[2409:8087:1a01:df::4077]/ottrrs.hl.chinamobile.com/PLTV/88888888/8/3221226392/index.m3u8, From: subscribe, IPv_Type: ipv6, Location: 中国, ISP: 中国移动, Date: None, Delay: -1 ms, Speed: 0.00 M/s, Resolution: None
Name: 山西卫视, URL: https://iptv.catvod.com/live.php?id=%E5%B1%B1%E8%A5%BF%E5%8D%AB%E8%A7%86%E5%8F%B0, From: subscribe, IPv_Type: ipv6, Location: 美国, ISP: CloudFlare Inc., Date: None, Delay: -1 ms, Speed: 0.00 M/s, Resolution: None
Name: 山西卫视, URL: https://stream1.freetv.fun/shan-xi-wei-shi-25.m3u8, From: subscribe, IPv_Type: ipv6, Location: 美国, ISP: CloudFlare Inc., Date: None, Delay: -1 ms, Speed: 0.00 M/s, Resolution: None
Name: 山西卫视, URL: https://iptv.catvod.com/live.php?id=%E5%B1%B1%E8%A5%BF%E5%8D%AB%E8%A7%86, From: subscribe, IPv_Type: ipv6, Location: 美国, ISP: CloudFlare Inc., Date: None, Delay: -1 ms, Speed: 0.00 M/s, Resolution: None
Name: 山西卫视, URL: http://hwltc.tv.cdn.zj.chinamobile.com/PLTV/88888888/224/3221236264/index.m3u8, From: subscribe, IPv_Type: ipv6, Location: 中国, ISP: 中国移动, Date: None, Delay: -1 ms, Speed: 0.00 M/s, Resolution: None
Name: 山西卫视, URL: http://k.061899.xyz/k.php?id=sxiws, From: subscribe, IPv_Type: ipv6, Location: 新加坡, ISP: Aceville Pte.Ltd., Date: None, Delay: -1 ms, Speed: 0.00 M/s, Resolution: None
Name: 山西卫视, URL: http://tvgslb.hn.chinamobile.com:8089/180000001002/00000000000000020000000000182271/main.m3u8?stbid=, From: subscribe, IPv_Type: ipv6, Location: 中国, ISP: 中国移动, Date: None, Delay: -1 ms, Speed: 0.00 M/s, Resolution: None
Name: 山西卫视, URL: http://rrs01.hw.gmcc.net:8088/PLTV/81/224/3221226704/1.m3u8, From: subscribe, IPv_Type: ipv6, Location: 中国, ISP: 中国移动, Date: None, Delay: -1 ms, Speed: 0.00 M/s, Resolution: None
Name: 山西卫视, URL: http://hwottcdn.ln.chinamobile.com/PLTV/11/224/3221226778/index.m3u8, From: subscribe, IPv_Type: ipv6, Location: 中国, ISP: 中国移动, Date: None, Delay: -1 ms, Speed: 0.00 M/s, Resolution: None
Name: 山西卫视, URL: http://hwottcdn.ln.chinamobile.com/PLTV/11/224/3221226137/index.m3u8, From: subscribe, IPv_Type: ipv6, Location: 中国, ISP: 中国移动, Date: None, Delay: -1 ms, Speed: 0.00 M/s, Resolution: None
Name: 山西卫视, URL: http://iptvrr.sh.chinamobile.com:6060/cms001/ch00000090990000001070/index.m3u8, From: subscribe, IPv_Type: ipv6, Location: 中国, ISP: 中国移动, Date: None, Delay: -1 ms, Speed: 0.00 M/s, Resolution: None
Name: 山西卫视, URL: http://38.75.136.137:98/gslb/dsdqpub/sxwshd.m3u8?auth=testpub, From: subscribe, IPv_Type: ipv4, Location: 美国-伊利诺伊州-库克, ISP: Cogent, Date: None, Delay: 364 ms, Speed: 11.44 M/s, Resolution: 1920x1080
Name: 山西卫视, URL: http://23.237.228.134/live8/shanxi.m3u8, From: subscribe, IPv_Type: ipv4, Location: 北美地区, ISP: , Date: None, Delay: 1219 ms, Speed: 3.58 M/s, Resolution: 1920x1080
Name: 山西卫视, URL: http://satellitepull.cnr.cn/live/wxssxws/playlist.m3u8, From: subscribe, IPv_Type: ipv4, Location: 美国-伊利诺伊州-库克, ISP: 网宿CDN节点, Date: None, Delay: 141 ms, Speed: 0.68 M/s, Resolution: None
Name: 西藏卫视, URL: http://[2409:8087:7000:20:1000::22]:6060/yinhe/2/ch00000090990000001302/index.m3u8?virtualDomain=yinhe.live_hls.zte.com, From: local, IPv_Type: ipv6, Location: 中国, ISP: 中国移动, Date: None, Delay: -1 ms, Speed: 0.00 M/s, Resolution: None
Name: 西藏卫视, URL: http://php.jdshipin.com/TVOD/hljyd.php?id=3221225638, From: subscribe, IPv_Type: ipv6, Location: 美国, ISP: CloudFlare Inc., Date: None, Delay: -1 ms, Speed: 0.00 M/s, Resolution: None
Name: 西藏卫视, URL: http://z.b.bkpcp.top/m.php?id=xzws, From: subscribe, IPv_Type: ipv6, Location: 美国, ISP: CloudFlare Inc., Date: None, Delay: -1 ms, Speed: 0.00 M/s, Resolution: None
Name: 西藏卫视, URL: http://goo.bkpcp.top/mg/xzws, From: subscribe, IPv_Type: ipv6, Location: 美国, ISP: CloudFlare Inc., Date: None, Delay: -1 ms, Speed: 0.00 M/s, Resolution: None
Name: 西藏卫视, URL: http://php.jdshipin.com:8880/xztv.php?id=ws, From: subscribe, IPv_Type: ipv6, Location: 美国, ISP: CloudFlare Inc., Date: None, Delay: -1 ms, Speed: 0.00 M/s, Resolution: None
Name: 西藏卫视, URL: http://[2409:8087:8:21::18]:6610/otttv.bj.chinamobile.com/PLTV/88888888/224/3221227033/1.m3u8?GuardEncType=2&accountinfo=%7E%7EV2.0%7EdeTB7OZ9G_VNJk5C3t96fQ%7EtP4-l0lmSfjwLWEfK_el1vH_mv-s1zo4AQJwdedaVwG9xkuFTDg8J26cwOrNJzn20BErrHdLhuZ9EzLUCD3PMW-OMx4MGteHV2vLeW6BqoY%2CEND, From: subscribe, IPv_Type: ipv6, Location: 中国, ISP: 中国移动, Date: None, Delay: -1 ms, Speed: 0.00 M/s, Resolution: None
Name: 西藏卫视, URL: http://php.jdshipin.com/xztv.php?id=ws, From: subscribe, IPv_Type: ipv6, Location: 美国, ISP: CloudFlare Inc., Date: None, Delay: -1 ms, Speed: 0.00 M/s, Resolution: None
Name: 西藏卫视, URL: https://iptv.catvod.com/live.php?id=%E8%A5%BF%E8%97%8F%E5%8D%AB%E8%A7%86%E5%8F%B0, From: subscribe, IPv_Type: ipv6, Location: 美国, ISP: CloudFlare Inc., Date: None, Delay: -1 ms, Speed: 0.00 M/s, Resolution: None
Name: 西藏卫视, URL: https://iptv.catvod.com/live.php?id=%E8%A5%BF%E8%97%8F%E5%8D%AB%E8%A7%86, From: subscribe, IPv_Type: ipv6, Location: 美国, ISP: CloudFlare Inc., Date: None, Delay: -1 ms, Speed: 0.00 M/s, Resolution: None
Name: 西藏卫视, URL: http://satellitepull.cnr.cn/live/wxxzws/playlist.m3u8, From: subscribe, IPv_Type: ipv4, Location: 美国-伊利诺伊州-库克, ISP: 网宿CDN节点, Date: None, Delay: 139 ms, Speed: 0.65 M/s, Resolution: None
Name: 内蒙古卫视, URL: http://[2409:8087:7000:20:1000::22]:6060/yinhe/2/ch00000090990000001035/index.m3u8?virtualDomain=yinhe.live_hls.zte.com, From: local, IPv_Type: ipv6, Location: 中国, ISP: 中国移动, Date: None, Delay: -1 ms, Speed: 0.00 M/s, Resolution: None
Name: 内蒙古卫视, URL: http://php.jdshipin.com/TVOD/hljyd.php?id=3221225634, From: subscribe, IPv_Type: ipv6, Location: 美国, ISP: CloudFlare Inc., Date: None, Delay: -1 ms, Speed: 0.00 M/s, Resolution: None
Name: 内蒙古卫视, URL: http://z.b.bkpcp.top/m.php?id=nmws, From: subscribe, IPv_Type: ipv6, Location: 美国, ISP: CloudFlare Inc., Date: None, Delay: -1 ms, Speed: 0.00 M/s, Resolution: None
Name: 内蒙古卫视, URL: http://j.x.bkpcp.top/jx/NMGWS, From: subscribe, IPv_Type: ipv6, Location: 美国, ISP: CloudFlare Inc., Date: None, Delay: -1 ms, Speed: 0.00 M/s, Resolution: None
Name: 内蒙古卫视, URL: http://goo.bkpcp.top/mg/nmws, From: subscribe, IPv_Type: ipv6, Location: 美国, ISP: CloudFlare Inc., Date: None, Delay: -1 ms, Speed: 0.00 M/s, Resolution: None
Name: 内蒙古卫视, URL: https://migu.188766.xyz/?migutoken=9652a60cf977aae38720292fc11e1a82&id=%E5%86%85%E8%92%99%E5%8F%A4%E5%8D%AB%E8%A7%86&pp=1, From: subscribe, IPv_Type: ipv6, Location: 美国, ISP: CloudFlare Inc., Date: None, Delay: -1 ms, Speed: 0.00 M/s, Resolution: None
Name: 内蒙古卫视, URL: https://iptv.catvod.com/live.php?id=%E5%86%85%E8%92%99%E5%8F%A4%E5%8D%AB%E8%A7%86, From: subscribe, IPv_Type: ipv6, Location: 美国, ISP: CloudFlare Inc., Date: None, Delay: -1 ms, Speed: 0.00 M/s, Resolution: None
Name: 内蒙古卫视, URL: http://ottrrs.hl.chinamobile.com/PLTV/88888888/224/3221225634/index.m3u8, From: subscribe, IPv_Type: ipv6, Location: 中国, ISP: 中国移动, Date: None, Delay: -1 ms, Speed: 0.00 M/s, Resolution: None
Name: 内蒙古卫视, URL: http://[2409:8087:8:21::18]:6610/otttv.bj.chinamobile.com/PLTV/88888888/224/3221227018/1.m3u8?GuardEncType=2&accountinfo=%7E%7EV2.0%7ErN_hoRDwApMKnJqiNHvn9w%7EtP4-l0lmSfjwLWEfK_el1vH_mv-s1zo4AQJwdedaVwG9xkuFTDg8J26cwOrNJzn20BErrHdLhuZ9EzLUCD3PMW-OMx4MGteHV2vLeW6BqoY%2CEND, From: subscribe, IPv_Type: ipv6, Location: 中国, ISP: 中国移动, Date: None, Delay: -1 ms, Speed: 0.00 M/s, Resolution: None
Name: 内蒙古卫视, URL: http://[2409:8087:1a01:df::401a]:80/wh7f454c46tw3029083262_-802204014/ottrrs.hl.chinamobile.com/PLTV/88888888/224/3221225634/index.m3u8?icpid=88888888&RTS=1713969858&from=4&hms_devid=128&prioritypopid=4&online=1713969858&vqe=3, From: subscribe, IPv_Type: ipv6, Location: 中国, ISP: 中国移动, Date: None, Delay: -1 ms, Speed: 0.00 M/s, Resolution: None
Name: 内蒙古卫视, URL: http://[2409:8087:1a01:df::4077]/ottrrs.hl.chinamobile.com/PLTV/88888888/8/3221226389/index.m3u8, From: subscribe, IPv_Type: ipv6, Location: 中国, ISP: 中国移动, Date: None, Delay: -1 ms, Speed: 0.00 M/s, Resolution: None
Name: 内蒙古卫视, URL: https://migu.188766.xyz/?migutoken=19750ca43db50928a51a1a93c9237423&id=%E5%86%85%E8%92%99%E5%8F%A4%E5%8D%AB%E8%A7%86&pp=1, From: subscribe, IPv_Type: ipv6, Location: 美国, ISP: CloudFlare Inc., Date: None, Delay: -1 ms, Speed: 0.00 M/s, Resolution: None
Name: 内蒙古卫视, URL: https://migu.188766.xyz/?migutoken=3eaca55673d6e91f972d703978b974be&id=%E5%86%85%E8%92%99%E5%8F%A4%E5%8D%AB%E8%A7%86&pp=1, From: subscribe, IPv_Type: ipv6, Location: 美国, ISP: CloudFlare Inc., Date: None, Delay: -1 ms, Speed: 0.00 M/s, Resolution: None
Name: 内蒙古卫视, URL: https://migu.188766.xyz/?migutoken=7029615417a55db4d3552f7562445bfe&id=%E5%86%85%E8%92%99%E5%8F%A4%E5%8D%AB%E8%A7%86&pp=1, From: subscribe, IPv_Type: ipv6, Location: 美国, ISP: CloudFlare Inc., Date: None, Delay: -1 ms, Speed: 0.00 M/s, Resolution: None
Name: 内蒙古卫视, URL: https://iptv.catvod.com/live.php?id=%E5%86%85%E8%92%99%E5%8F%A4%E5%8D%AB%E8%A7%86%E5%8F%B0, From: subscribe, IPv_Type: ipv6, Location: 美国, ISP: CloudFlare Inc., Date: None, Delay: -1 ms, Speed: 0.00 M/s, Resolution: None
Name: 内蒙古卫视, URL: https://migu.188766.xyz/?migutoken=c30f443dc18c25c3a519d2d6f49ae613&id=%E5%86%85%E8%92%99%E5%8F%A4%E5%8D%AB%E8%A7%86&pp=1, From: subscribe, IPv_Type: ipv6, Location: 美国, ISP: CloudFlare Inc., Date: None, Delay: -1 ms, Speed: 0.00 M/s, Resolution: None
Name: 内蒙古卫视, URL: https://migu.188766.xyz/?migutoken=27c077f63c956ff1fcb2657aef0b9fa0&id=%E5%86%85%E8%92%99%E5%8F%A4%E5%8D%AB%E8%A7%86&pp=1, From: subscribe, IPv_Type: ipv6, Location: 美国, ISP: CloudFlare Inc., Date: None, Delay: -1 ms, Speed: 0.00 M/s, Resolution: None
Name: 内蒙古卫视, URL: https://migu.188766.xyz/?migutoken=d94a0825a6f6ba9a456c3530f33c30be&id=%E5%86%85%E8%92%99%E5%8F%A4%E5%8D%AB%E8%A7%86&pp=1, From: subscribe, IPv_Type: ipv6, Location: 美国, ISP: CloudFlare Inc., Date: None, Delay: -1 ms, Speed: 0.00 M/s, Resolution: None
Name: 内蒙古卫视, URL: https://migu.188766.xyz/?migutoken=ae288d6f0c85bdfa291384dcc26fa06a&id=%E5%86%85%E8%92%99%E5%8F%A4%E5%8D%AB%E8%A7%86&pp=1, From: subscribe, IPv_Type: ipv6, Location: 美国, ISP: CloudFlare Inc., Date: None, Delay: -1 ms, Speed: 0.00 M/s, Resolution: None
Name: 内蒙古卫视, URL: https://migu.188766.xyz/?migutoken=2c980d829ba5c504db89602dffb34d09&id=%E5%86%85%E8%92%99%E5%8F%A4%E5%8D%AB%E8%A7%86&pp=1, From: subscribe, IPv_Type: ipv6, Location: 美国, ISP: CloudFlare Inc., Date: None, Delay: -1 ms, Speed: 0.00 M/s, Resolution: None
Name: 内蒙古卫视, URL: https://migu.188766.xyz/?migutoken=6c57a377754b4e1cb6f2b5a6fe392591&id=%E5%86%85%E8%92%99%E5%8F%A4%E5%8D%AB%E8%A7%86&pp=1, From: subscribe, IPv_Type: ipv6, Location: 美国, ISP: CloudFlare Inc., Date: None, Delay: -1 ms, Speed: 0.00 M/s, Resolution: None
Name: 内蒙古卫视, URL: https://migu.188766.xyz/?migutoken=bc9bdf4a0303bb8e4d134f775eef1226&id=%E5%86%85%E8%92%99%E5%8F%A4%E5%8D%AB%E8%A7%86&pp=1, From: subscribe, IPv_Type: ipv6, Location: 美国, ISP: CloudFlare Inc., Date: None, Delay: -1 ms, Speed: 0.00 M/s, Resolution: None
Name: 内蒙古卫视, URL: https://migu.188766.xyz/?migutoken=91343a920ee4b1bd23ab5f14f0e2ddd2&id=%E5%86%85%E8%92%99%E5%8F%A4%E5%8D%AB%E8%A7%86&pp=1, From: subscribe, IPv_Type: ipv6, Location: 美国, ISP: CloudFlare Inc., Date: None, Delay: -1 ms, Speed: 0.00 M/s, Resolution: None
Name: 内蒙古卫视, URL: https://migu.188766.xyz/?migutoken=f88c371ae6544d12ba4109a35dcf7bac&id=%E5%86%85%E8%92%99%E5%8F%A4%E5%8D%AB%E8%A7%86&pp=1, From: subscribe, IPv_Type: ipv6, Location: 美国, ISP: CloudFlare Inc., Date: None, Delay: -1 ms, Speed: 0.00 M/s, Resolution: None
Name: 内蒙古卫视, URL: https://migu.188766.xyz/?migutoken=1e53f8795a55cf6f20e03bca4ebb56f7&id=%E5%86%85%E8%92%99%E5%8F%A4%E5%8D%AB%E8%A7%86&pp=1, From: subscribe, IPv_Type: ipv6, Location: 美国, ISP: CloudFlare Inc., Date: None, Delay: -1 ms, Speed: 0.00 M/s, Resolution: None
Name: 内蒙古卫视, URL: https://migu.188766.xyz/?migutoken=129ddc9bf29e5602395048edda07e7cc&id=%E5%86%85%E8%92%99%E5%8F%A4%E5%8D%AB%E8%A7%86&pp=1, From: subscribe, IPv_Type: ipv6, Location: 美国, ISP: CloudFlare Inc., Date: None, Delay: -1 ms, Speed: 0.00 M/s, Resolution: None
Name: 内蒙古卫视, URL: https://migu.188766.xyz/?migutoken=8d26df904568d730e30c5ab3b773d4b0&id=%E5%86%85%E8%92%99%E5%8F%A4%E5%8D%AB%E8%A7%86&pp=1, From: subscribe, IPv_Type: ipv6, Location: 美国, ISP: CloudFlare Inc., Date: None, Delay: -1 ms, Speed: 0.00 M/s, Resolution: None
Name: 内蒙古卫视, URL: https://migu.188766.xyz/?migutoken=9b8bf23a6b0305f1f601cef0d8f9a3a1&id=%E5%86%85%E8%92%99%E5%8F%A4%E5%8D%AB%E8%A7%86&pp=1, From: subscribe, IPv_Type: ipv6, Location: 美国, ISP: CloudFlare Inc., Date: None, Delay: -1 ms, Speed: 0.00 M/s, Resolution: None
Name: 内蒙古卫视, URL: http://rrs01.hw.gmcc.net:8088/PLTV/81/224/3221226685/1.m3u8, From: subscribe, IPv_Type: ipv6, Location: 中国, ISP: 中国移动, Date: None, Delay: -1 ms, Speed: 0.00 M/s, Resolution: None
Name: 内蒙古卫视, URL: http://ott.mobaibox.com/PLTV/3/224/3221227557/index.m3u8, From: subscribe, IPv_Type: ipv6, Location: 中国, ISP: 中国移动, Date: None, Delay: -1 ms, Speed: 0.00 M/s, Resolution: None
Name: 内蒙古卫视, URL: http://hwltc.tv.cdn.zj.chinamobile.com/PLTV/88888888/224/3221236270/index.m3u8, From: subscribe, IPv_Type: ipv6, Location: 中国, ISP: 中国移动, Date: None, Delay: -1 ms, Speed: 0.00 M/s, Resolution: None
Name: 内蒙古卫视, URL: http://tvgslb.hn.chinamobile.com:8089/180000001002/00000000000000020000000000182272/main.m3u8?stbid=, From: subscribe, IPv_Type: ipv6, Location: 中国, ISP: 中国移动, Date: None, Delay: -1 ms, Speed: 0.00 M/s, Resolution: None
Name: 内蒙古卫视, URL: http://k.061899.xyz/k.php?id=nmgws, From: subscribe, IPv_Type: ipv6, Location: 新加坡, ISP: Aceville Pte.Ltd., Date: None, Delay: -1 ms, Speed: 0.00 M/s, Resolution: None
Name: 内蒙古卫视, URL: http://hwottcdn.ln.chinamobile.com/PLTV/11/224/3221226886/index.m3u8, From: subscribe, IPv_Type: ipv6, Location: 中国, ISP: 中国移动, Date: None, Delay: -1 ms, Speed: 0.00 M/s, Resolution: None
Name: 内蒙古卫视, URL: http://hwottcdn.ln.chinamobile.com/PLTV/11/224/3221226155/index.m3u8, From: subscribe, IPv_Type: ipv6, Location: 中国, ISP: 中国移动, Date: None, Delay: -1 ms, Speed: 0.00 M/s, Resolution: None
Name: 内蒙古卫视, URL: http://iptvrr.sh.chinamobile.com:6060/cms001/ch00000090990000001068/index.m3u8, From: subscribe, IPv_Type: ipv6, Location: 中国, ISP: 中国移动, Date: None, Delay: -1 ms, Speed: 0.00 M/s, Resolution: None
Name: 内蒙古卫视, URL: https://migu.188766.xyz/?migutoken=744d8cf3678c3ae4bfd36e6b9c40f815&id=%E5%86%85%E8%92%99%E5%8F%A4%E5%8D%AB%E8%A7%86&pp=1, From: subscribe, IPv_Type: ipv6, Location: 美国, ISP: CloudFlare Inc., Date: None, Delay: -1 ms, Speed: 0.00 M/s, Resolution: None
Name: 内蒙古卫视, URL: https://migu.188766.xyz/?migutoken=72a983275cbee3aa6d0001c2ab4847d3&id=%E5%86%85%E8%92%99%E5%8F%A4%E5%8D%AB%E8%A7%86&pp=1, From: subscribe, IPv_Type: ipv6, Location: 美国, ISP: CloudFlare Inc., Date: None, Delay: -1 ms, Speed: 0.00 M/s, Resolution: None
Name: 内蒙古卫视, URL: https://migu.188766.xyz/?migutoken=b75150eb78cdba03602634aff08ef62c&id=%E5%86%85%E8%92%99%E5%8F%A4%E5%8D%AB%E8%A7%86&pp=1, From: subscribe, IPv_Type: ipv6, Location: 美国, ISP: CloudFlare Inc., Date: None, Delay: -1 ms, Speed: 0.00 M/s, Resolution: None
Name: 内蒙古卫视, URL: http://23.237.228.134/live8/neimenggu.m3u8, From: subscribe, IPv_Type: ipv4, Location: 北美地区, ISP: , Date: None, Delay: 396 ms, Speed: 6.55 M/s, Resolution: 1920x1080
Name: 内蒙古卫视, URL: http://satellitepull.cnr.cn/live/wx32nmgws/playlist.m3u8, From: subscribe, IPv_Type: ipv4, Location: 美国-伊利诺伊州-库克, ISP: 网宿CDN节点, Date: None, Delay: 141 ms, Speed: 0.65 M/s, Resolution: None
Name: 宁夏卫视, URL: http://[2409:8087:7000:20:1000::22]:6060/yinhe/2/ch00000090990000001061/index.m3u8?virtualDomain=yinhe.live_hls.zte.com, From: local, IPv_Type: ipv6, Location: 中国, ISP: 中国移动, Date: None, Delay: -1 ms, Speed: 0.00 M/s, Resolution: None
Name: 宁夏卫视, URL: http://php.jdshipin.com/TVOD/hnyd.php?id=200000001898/460000089800010110, From: subscribe, IPv_Type: ipv6, Location: 美国, ISP: CloudFlare Inc., Date: None, Delay: -1 ms, Speed: 0.00 M/s, Resolution: None
Name: 宁夏卫视, URL: http://z.b.bkpcp.top/m.php?id=nxws, From: subscribe, IPv_Type: ipv6, Location: 美国, ISP: CloudFlare Inc., Date: None, Delay: -1 ms, Speed: 0.00 M/s, Resolution: None
Name: 宁夏卫视, URL: http://j.x.bkpcp.top/jx/NXWS, From: subscribe, IPv_Type: ipv6, Location: 美国, ISP: CloudFlare Inc., Date: None, Delay: -1 ms, Speed: 0.00 M/s, Resolution: None
Name: 宁夏卫视, URL: http://3501776.xyz:35455/itv/1000000002000031451.m3u8?cdn=ystenlive, From: subscribe, IPv_Type: ipv6, Location: 美国, ISP: CloudFlare Inc., Date: None, Delay: -1 ms, Speed: 0.00 M/s, Resolution: None
Name: 宁夏卫视, URL: http://goo.bkpcp.top/mg/nxws, From: subscribe, IPv_Type: ipv6, Location: 美国, ISP: CloudFlare Inc., Date: None, Delay: -1 ms, Speed: 0.00 M/s, Resolution: None
Name: 宁夏卫视, URL: http://[2409:8087:1a01:df::4077]:80/ottrrs.hl.chinamobile.com/TVOD/88888888/8/3221226454/index.m3u8, From: subscribe, IPv_Type: ipv6, Location: 中国, ISP: 中国移动, Date: None, Delay: -1 ms, Speed: 0.00 M/s, Resolution: None
Name: 宁夏卫视, URL: http://[2409:8087:8:21::18]:6610/otttv.bj.chinamobile.com/PLTV/88888888/224/3221227003/1.m3u8?GuardEncType=2&accountinfo=%7E%7EV2.0%7ESco1zinvdUYzleEkXYhIvA%7EtP4-l0lmSfjwLWEfK_el1vH_mv-s1zo4AQJwdedaVwG9xkuFTDg8J26cwOrNJzn20BErrHdLhuZ9EzLUCD3PMW-OMx4MGteHV2vLeW6BqoY%2CEND, From: subscribe, IPv_Type: ipv6, Location: 中国, ISP: 中国移动, Date: None, Delay: -1 ms, Speed: 0.00 M/s, Resolution: None
Name: 宁夏卫视, URL: http://[2409:8087:1a01:df::4077]:80/ottrrs.hl.chinamobile.com/PLTV/88888888/8/3221226454/index.m3u8, From: subscribe, IPv_Type: ipv6, Location: 中国, ISP: 中国移动, Date: None, Delay: -1 ms, Speed: 0.00 M/s, Resolution: None
Name: 宁夏卫视, URL: http://hwottcdn.ln.chinamobile.com/PLTV/11/224/3221226154/index.m3u8, From: subscribe, IPv_Type: ipv6, Location: 中国, ISP: 中国移动, Date: None, Delay: -1 ms, Speed: 0.00 M/s, Resolution: None
Name: 宁夏卫视, URL: http://rrs01.hw.gmcc.net:8088/PLTV/81/224/3221226691/1.m3u8, From: subscribe, IPv_Type: ipv6, Location: 中国, ISP: 中国移动, Date: None, Delay: -1 ms, Speed: 0.00 M/s, Resolution: None
Name: 宁夏卫视, URL: http://tvgslb.hn.chinamobile.com:8089/180000001002/00000000000000020000000000182273/main.m3u8?stbid=, From: subscribe, IPv_Type: ipv6, Location: 中国, ISP: 中国移动, Date: None, Delay: -1 ms, Speed: 0.00 M/s, Resolution: None
Name: 宁夏卫视, URL: http://hwottcdn.ln.chinamobile.com/PLTV/11/224/3221226804/index.m3u8, From: subscribe, IPv_Type: ipv6, Location: 中国, ISP: 中国移动, Date: None, Delay: -1 ms, Speed: 0.00 M/s, Resolution: None
Name: 宁夏卫视, URL: http://iptvrr.sh.chinamobile.com:6060/cms001/ch00000090990000001074/index.m3u8, From: subscribe, IPv_Type: ipv6, Location: 中国, ISP: 中国移动, Date: None, Delay: -1 ms, Speed: 0.00 M/s, Resolution: None
Name: 宁夏卫视, URL: http://k.061899.xyz/k.php?id=nxws, From: subscribe, IPv_Type: ipv6, Location: 新加坡, ISP: Aceville Pte.Ltd., Date: None, Delay: -1 ms, Speed: 0.00 M/s, Resolution: None
Name: 宁夏卫视, URL: http://hwltc.tv.cdn.zj.chinamobile.com/PLTV/88888888/224/3221236209/index.m3u8, From: subscribe, IPv_Type: ipv6, Location: 中国, ISP: 中国移动, Date: None, Delay: -1 ms, Speed: 0.00 M/s, Resolution: None
Name: 宁夏卫视, URL: https://migu.188766.xyz/?migutoken=598ea98c0f669f11cb4eed5930046a37&id=%E5%AE%81%E5%A4%8F%E5%8D%AB%E8%A7%86&type=yy, From: subscribe, IPv_Type: ipv6, Location: 美国, ISP: CloudFlare Inc., Date: None, Delay: -1 ms, Speed: 0.00 M/s, Resolution: None
Name: 宁夏卫视, URL: https://migu.188766.xyz/?migutoken=74e30cc91cbca6abcf33d5e71e6927e8&id=%E5%AE%81%E5%A4%8F%E5%8D%AB%E8%A7%86&type=yy, From: subscribe, IPv_Type: ipv6, Location: 美国, ISP: CloudFlare Inc., Date: None, Delay: -1 ms, Speed: 0.00 M/s, Resolution: None
Name: 宁夏卫视, URL: http://38.75.136.137:98/gslb/dsdqpub/nxws.m3u8?auth=testpub, From: subscribe, IPv_Type: ipv4, Location: 美国-伊利诺伊州-库克, ISP: Cogent, Date: None, Delay: 417 ms, Speed: 10.38 M/s, Resolution: 1920x1080
Name: 宁夏卫视, URL: http://satellitepull.cnr.cn/live/wxnxws/playlist.m3u8, From: subscribe, IPv_Type: ipv4, Location: 美国-伊利诺伊州-库克, ISP: 网宿CDN节点, Date: None, Delay: 141 ms, Speed: 0.67 M/s, Resolution: None
Name: 宁夏卫视, URL: https://iptv.catvod.com/live.php?id=%E5%AE%81%E5%A4%8F%E5%8D%AB%E8%A7%86, From: subscribe, IPv_Type: ipv4, Location: 美国-加利福尼亚州-洛杉矶, ISP: IT7网络, Date: None, Delay: 190 ms, Speed: 0.00 M/s, Resolution: 1920x1080
Name: 兵团卫视, URL: http://[2409:8087:7000:20:1000::22]:6060/yinhe/2/ch00000090990000001304/index.m3u8?virtualDomain=yinhe.live_hls.zte.com, From: local, IPv_Type: ipv6, Location: 中国, ISP: 中国移动, Date: None, Delay: -1 ms, Speed: 0.00 M/s, Resolution: None
Name: 兵团卫视, URL: https://migu.188766.xyz/?migutoken=4ab3fa2faf004463da26ad990b02b0f8&id=%E5%85%B5%E5%9B%A2%E5%8D%AB%E8%A7%86&type=yy, From: subscribe, IPv_Type: ipv6, Location: 美国, ISP: CloudFlare Inc., Date: None, Delay: -1 ms, Speed: 0.00 M/s, Resolution: None
Name: 兵团卫视, URL: https://migu.188766.xyz/?migutoken=d580442039c8916bbfbf2beeb10ea75e&id=%E5%85%B5%E5%9B%A2%E5%8D%AB%E8%A7%86&type=yy, From: subscribe, IPv_Type: ipv6, Location: 美国, ISP: CloudFlare Inc., Date: None, Delay: -1 ms, Speed: 0.00 M/s, Resolution: None
Name: 兵团卫视, URL: https://iptv.catvod.com/live.php?id=%E5%85%B5%E5%9B%A2%E5%8D%AB%E8%A7%86%E5%8F%B0, From: subscribe, IPv_Type: ipv6, Location: 美国, ISP: CloudFlare Inc., Date: None, Delay: -1 ms, Speed: 0.00 M/s, Resolution: None
Name: 兵团卫视, URL: https://migu.188766.xyz/?migutoken=7ad05457211ad67d5be4821d7a20260d&id=%E5%85%B5%E5%9B%A2%E5%8D%AB%E8%A7%86&type=yy, From: subscribe, IPv_Type: ipv6, Location: 美国, ISP: CloudFlare Inc., Date: None, Delay: -1 ms, Speed: 0.00 M/s, Resolution: None
Name: 兵团卫视, URL: https://migu.188766.xyz/?migutoken=2eb6853df10de6e9c7dfa6795d5a44e3&id=%E5%85%B5%E5%9B%A2%E5%8D%AB%E8%A7%86&type=yy, From: subscribe, IPv_Type: ipv6, Location: 美国, ISP: CloudFlare Inc., Date: None, Delay: -1 ms, Speed: 0.00 M/s, Resolution: None
Name: 兵团卫视, URL: https://migu.188766.xyz/?migutoken=2b8f48c547666f19d3700dcfe192d11a&id=%E5%85%B5%E5%9B%A2%E5%8D%AB%E8%A7%86&type=yy, From: subscribe, IPv_Type: ipv6, Location: 美国, ISP: CloudFlare Inc., Date: None, Delay: -1 ms, Speed: 0.00 M/s, Resolution: None
Name: 兵团卫视, URL: https://migu.188766.xyz/?migutoken=5e9045a829d3a2a05052e7f76f7c8909&id=%E5%85%B5%E5%9B%A2%E5%8D%AB%E8%A7%86&type=yy, From: subscribe, IPv_Type: ipv6, Location: 美国, ISP: CloudFlare Inc., Date: None, Delay: -1 ms, Speed: 0.00 M/s, Resolution: None
Name: 兵团卫视, URL: https://iptv.catvod.com/live.php?id=%E5%85%B5%E5%9B%A2%E5%8D%AB%E8%A7%86, From: subscribe, IPv_Type: ipv6, Location: 美国, ISP: CloudFlare Inc., Date: None, Delay: -1 ms, Speed: 0.00 M/s, Resolution: None
Name: 兵团卫视, URL: https://migu.188766.xyz/?migutoken=2cdcea09dd05e39aa50bc8f3180c57bc&id=%E5%85%B5%E5%9B%A2%E5%8D%AB%E8%A7%86&type=yy, From: subscribe, IPv_Type: ipv6, Location: 美国, ISP: CloudFlare Inc., Date: None, Delay: -1 ms, Speed: 0.00 M/s, Resolution: None
Name: 兵团卫视, URL: https://migu.188766.xyz/?migutoken=ec94a07385ba8d92c027b68e5d1c70d3&id=%E5%85%B5%E5%9B%A2%E5%8D%AB%E8%A7%86&type=yy, From: subscribe, IPv_Type: ipv6, Location: 美国, ISP: CloudFlare Inc., Date: None, Delay: -1 ms, Speed: 0.00 M/s, Resolution: None
Name: 兵团卫视, URL: https://migu.188766.xyz/?migutoken=f98192d8e6d03e4067ee21b587ad8631&id=%E5%85%B5%E5%9B%A2%E5%8D%AB%E8%A7%86&type=yy, From: subscribe, IPv_Type: ipv6, Location: 美国, ISP: CloudFlare Inc., Date: None, Delay: -1 ms, Speed: 0.00 M/s, Resolution: None
Name: 兵团卫视, URL: https://migu.188766.xyz/?migutoken=cde3f8b63eecf4e65ed247c31462c777&id=%E5%85%B5%E5%9B%A2%E5%8D%AB%E8%A7%86&type=yy, From: subscribe, IPv_Type: ipv6, Location: 美国, ISP: CloudFlare Inc., Date: None, Delay: -1 ms, Speed: 0.00 M/s, Resolution: None
Name: 兵团卫视, URL: https://migu.188766.xyz/?migutoken=0cd848b3ef7f1d47fd36458a89871111&id=%E5%85%B5%E5%9B%A2%E5%8D%AB%E8%A7%86&type=yy, From: subscribe, IPv_Type: ipv6, Location: 美国, ISP: CloudFlare Inc., Date: None, Delay: -1 ms, Speed: 0.00 M/s, Resolution: None
Name: 兵团卫视, URL: https://migu.188766.xyz/?migutoken=34900014b543654ac2b62251965e0739&id=%E5%85%B5%E5%9B%A2%E5%8D%AB%E8%A7%86&type=yy, From: subscribe, IPv_Type: ipv6, Location: 美国, ISP: CloudFlare Inc., Date: None, Delay: -1 ms, Speed: 0.00 M/s, Resolution: None
Name: 兵团卫视, URL: https://migu.188766.xyz/?migutoken=3f944244c14f7bf1f7854c3fd141e8d9&id=%E5%85%B5%E5%9B%A2%E5%8D%AB%E8%A7%86&type=yy, From: subscribe, IPv_Type: ipv6, Location: 美国, ISP: CloudFlare Inc., Date: None, Delay: -1 ms, Speed: 0.00 M/s, Resolution: None
Name: 兵团卫视, URL: https://migu.188766.xyz/?migutoken=c9ed3c9c1f7b59e02317fc8e6a2b51a4&id=%E5%85%B5%E5%9B%A2%E5%8D%AB%E8%A7%86&type=yy, From: subscribe, IPv_Type: ipv6, Location: 美国, ISP: CloudFlare Inc., Date: None, Delay: -1 ms, Speed: 0.00 M/s, Resolution: None
Name: 兵团卫视, URL: https://migu.188766.xyz/?migutoken=938bfe2e48f173bb4d93f1f5b281126d&id=%E5%85%B5%E5%9B%A2%E5%8D%AB%E8%A7%86&type=yy, From: subscribe, IPv_Type: ipv6, Location: 美国, ISP: CloudFlare Inc., Date: None, Delay: -1 ms, Speed: 0.00 M/s, Resolution: None
Name: 兵团卫视, URL: https://migu.188766.xyz/?migutoken=b30ce9489c49dc6bd7c6c335127a45d4&id=%E5%85%B5%E5%9B%A2%E5%8D%AB%E8%A7%86&type=yy, From: subscribe, IPv_Type: ipv6, Location: 美国, ISP: CloudFlare Inc., Date: None, Delay: -1 ms, Speed: 0.00 M/s, Resolution: None
Name: 兵团卫视, URL: https://migu.188766.xyz/?migutoken=3ca416fa4f9f21210c9bf13f5f9e0796&id=%E5%85%B5%E5%9B%A2%E5%8D%AB%E8%A7%86&type=yy, From: subscribe, IPv_Type: ipv6, Location: 美国, ISP: CloudFlare Inc., Date: None, Delay: -1 ms, Speed: 0.00 M/s, Resolution: None
Name: 兵团卫视, URL: http://tvgslb.hn.chinamobile.com:8089/180000001002/00000001000000000022000000381024/main.m3u8?stbid=, From: subscribe, IPv_Type: ipv6, Location: 中国, ISP: 中国移动, Date: None, Delay: -1 ms, Speed: 0.00 M/s, Resolution: None
Name: 兵团卫视, URL: http://rrs01.hw.gmcc.net:8088/PLTV/81/224/3221226661/1.m3u8, From: subscribe, IPv_Type: ipv6, Location: 中国, ISP: 中国移动, Date: None, Delay: -1 ms, Speed: 0.00 M/s, Resolution: None
Name: 兵团卫视, URL: http://k.061899.xyz/k.php?id=btws, From: subscribe, IPv_Type: ipv6, Location: 新加坡, ISP: Aceville Pte.Ltd., Date: None, Delay: -1 ms, Speed: 0.00 M/s, Resolution: None
Name: 兵团卫视, URL: http://hwottcdn.ln.chinamobile.com/PLTV/11/224/3221226859/index.m3u8, From: subscribe, IPv_Type: ipv6, Location: 中国, ISP: 中国移动, Date: None, Delay: -1 ms, Speed: 0.00 M/s, Resolution: None
Name: 兵团卫视, URL: http://iptvrr.sh.chinamobile.com:6060/cms001/ch00000090990000001066/index.m3u8, From: subscribe, IPv_Type: ipv6, Location: 中国, ISP: 中国移动, Date: None, Delay: -1 ms, Speed: 0.00 M/s, Resolution: None
Name: 兵团卫视, URL: http://hwltc.tv.cdn.zj.chinamobile.com/PLTV/88888888/224/3221236191/index.m3u8, From: subscribe, IPv_Type: ipv6, Location: 中国, ISP: 中国移动, Date: None, Delay: -1 ms, Speed: 0.00 M/s, Resolution: None
Name: 兵团卫视, URL: https://migu.188766.xyz/?migutoken=9a26df72aaf72606e75bd3c845918075&id=%E5%85%B5%E5%9B%A2%E5%8D%AB%E8%A7%86&type=yy, From: subscribe, IPv_Type: ipv6, Location: 美国, ISP: CloudFlare Inc., Date: None, Delay: -1 ms, Speed: 0.00 M/s, Resolution: None
Name: 兵团卫视, URL: https://migu.188766.xyz/?migutoken=fd4fe9ab046426f8104a98ca82416575&id=%E5%85%B5%E5%9B%A2%E5%8D%AB%E8%A7%86&type=yy, From: subscribe, IPv_Type: ipv6, Location: 美国, ISP: CloudFlare Inc., Date: None, Delay: -1 ms, Speed: 0.00 M/s, Resolution: None
Name: 兵团卫视, URL: https://migu.188766.xyz/?migutoken=70eb0d7a614df66f9dc3a042f2fef011&id=%E5%85%B5%E5%9B%A2%E5%8D%AB%E8%A7%86&type=yy, From: subscribe, IPv_Type: ipv6, Location: 美国, ISP: CloudFlare Inc., Date: None, Delay: -1 ms, Speed: 0.00 M/s, Resolution: None
Name: 安多卫视, URL: http://[2409:8087:7004:20:1000::22]:6610/yinhe/2/ch00000090990000001311/index.m3u8?virtualDomain=yinhe.live_hls.zte.com, From: local, IPv_Type: ipv6, Location: 中国, ISP: 中国移动, Date: None, Delay: -1 ms, Speed: 0.00 M/s, Resolution: None
Name: 安多卫视, URL: http://php.jdshipin.com/TVOD/hljyd.php?id=3221225659, From: subscribe, IPv_Type: ipv6, Location: 美国, ISP: CloudFlare Inc., Date: None, Delay: -1 ms, Speed: 0.00 M/s, Resolution: None
Name: 安多卫视, URL: https://stream1.freetv.fun/52d0df257c5c3cec42f2ae19268dbbc261256ff391b27bd83553bea941d0c186.m3u8, From: subscribe, IPv_Type: ipv6, Location: 美国, ISP: CloudFlare Inc., Date: None, Delay: -1 ms, Speed: 0.00 M/s, Resolution: None
Name: 安多卫视, URL: https://liveout.xntv.tv/a65jur/96iln2.m3u8, From: subscribe, IPv_Type: ipv6, Location: 中国, ISP: 中国电信, Date: None, Delay: -1 ms, Speed: 0.00 M/s, Resolution: None
Name: 安多卫视, URL: https://liveout.xntv.tv/a65jur/90p2i1.m3u8?zqinghd, From: subscribe, IPv_Type: ipv6, Location: 中国, ISP: 中国电信, Date: None, Delay: -1 ms, Speed: 0.00 M/s, Resolution: None
Name: 安多卫视, URL: https://liveout.xntv.tv/a65jur/90p2i1.m3u8?zqing, From: subscribe, IPv_Type: ipv6, Location: 中国, ISP: 中国电信, Date: None, Delay: -1 ms, Speed: 0.00 M/s, Resolution: None
Name: 康巴卫视, URL: http://[2409:8087:7000:20:1000::22]:6060/yinhe/2/ch00000090990000001313/index.m3u8?virtualDomain=yinhe.live_hls.zte.com, From: local, IPv_Type: ipv6, Location: 中国, ISP: 中国移动, Date: None, Delay: -1 ms, Speed: 0.00 M/s, Resolution: None
Name: 康巴卫视, URL: http://php.jdshipin.com/TVOD/hljyd.php?id=3221225660, From: subscribe, IPv_Type: ipv6, Location: 美国, ISP: CloudFlare Inc., Date: None, Delay: -1 ms, Speed: 0.00 M/s, Resolution: None
Name: 康巴卫视, URL: http://[2409:8087:8:21::18]:6610/otttv.bj.chinamobile.com/PLTV/88888888/224/3221227027/1.m3u8?GuardEncType=2&accountinfo=%7E%7EV2.0%7EkHMvBpWz4rccMxNvSRekpQ%7EtP4-l0lmSfjwLWEfK_el1vH_mv-s1zo4AQJwdedaVwG9xkuFTDg8J26cwOrNJzn20BErrHdLhuZ9EzLUCD3PMW-OMx4MGteHV2vLeW6BqoY%2CEND, From: subscribe, IPv_Type: ipv6, Location: 中国, ISP: 中国移动, Date: None, Delay: -1 ms, Speed: 0.00 M/s, Resolution: None
Name: 大湾区卫视, URL: http://[2409:8087:7004:20:1000::22]:6610/yinhe/2/ch00000090990000001305/index.m3u8?virtualDomain=yinhe.live_hls.zte.com, From: local, IPv_Type: ipv6, Location: 中国, ISP: 中国移动, Date: None, Delay: -1 ms, Speed: 0.00 M/s, Resolution: None
Name: 大湾区卫视, URL: http://php.jdshipin.com/TVOD/hnyd.php?id=200000001898/460000089800010108, From: subscribe, IPv_Type: ipv6, Location: 美国, ISP: CloudFlare Inc., Date: None, Delay: -1 ms, Speed: 0.00 M/s, Resolution: None
Name: 大湾区卫视, URL: http://z.b.bkpcp.top/m.php?id=dwqws, From: subscribe, IPv_Type: ipv6, Location: 美国, ISP: CloudFlare Inc., Date: None, Delay: -1 ms, Speed: 0.00 M/s, Resolution: None
Name: 大湾区卫视, URL: http://3501776.xyz:35455/itv/1000000002000011619.m3u8?cdn=ystenlive, From: subscribe, IPv_Type: ipv6, Location: 美国, ISP: CloudFlare Inc., Date: None, Delay: -1 ms, Speed: 0.00 M/s, Resolution: None
Name: 大湾区卫视, URL: http://goo.bkpcp.top/mg/dwqws, From: subscribe, IPv_Type: ipv6, Location: 美国, ISP: CloudFlare Inc., Date: None, Delay: -1 ms, Speed: 0.00 M/s, Resolution: None
Name: 大湾区卫视, URL: http://jp1.jdiptv.cc/live/nfws.m3u8?kdstime=, From: subscribe, IPv_Type: ipv6, Location: 美国, ISP: CloudFlare Inc., Date: None, Delay: -1 ms, Speed: 0.00 M/s, Resolution: None
Name: 大湾区卫视, URL: https://migu.188766.xyz/?migutoken=1127592bbe0f122376bb042cc6aa2274&id=%E5%A4%A7%E6%B9%BE%E5%8C%BA%E5%8D%AB%E8%A7%86&type=yy, From: subscribe, IPv_Type: ipv6, Location: 美国, ISP: CloudFlare Inc., Date: None, Delay: -1 ms, Speed: 0.00 M/s, Resolution: None
Name: 大湾区卫视, URL: https://www.freetv.top/migu/608917627.m3u8?migutoken=bad0a45eea94649f2e7f1b35e1d98d034b874a02984a76abb21e4537dee28f974e6da241dc7705109722be71c8b1302302b51cd4cb06c69ca55fdcf7279d415e0a0fce7c492b6842956ab34fcc, From: subscribe, IPv_Type: ipv6, Location: 美国-加利福尼亚州-圣克拉拉, ISP: DigitalOcean, Date: None, Delay: -1 ms, Speed: 0.00 M/s, Resolution: None
Name: 大湾区卫视, URL: https://stream1.freetv.fun/9e44565ab6186689007a295d8b94b2a970fafde637068b0e3837e5f84689a8f3.m3u8, From: subscribe, IPv_Type: ipv6, Location: 美国, ISP: CloudFlare Inc., Date: None, Delay: -1 ms, Speed: 0.00 M/s, Resolution: None
Name: 大湾区卫视, URL: https://www.freetv.top/migu/608917627.m3u8?migutoken=6e23ed23803d2776218fbd5b6931d4dd0d0a20d0269ca0da6b2efaaf101f71c62689ec1d6f73e16a10d1b756f7e23f0de494b881e2bc39c12250715721f84c185577680003f363869dba1b7e90, From: subscribe, IPv_Type: ipv6, Location: 美国-加利福尼亚州-圣克拉拉, ISP: DigitalOcean, Date: None, Delay: -1 ms, Speed: 0.00 M/s, Resolution: None
Name: 大湾区卫视, URL: https://www.freetv.top/migu/608917627.m3u8?migutoken=22c28ab72744cd3ae1500fcedd9aa645eb0c35326cccb8cc6253c912a2fbdadb109d5f005d7dbbb62dbcb2e1f9a30bfa1935a4a046787bb5ac3e9ac1b5b654c16c2f7753fc37d2d51b2916310b, From: subscribe, IPv_Type: ipv6, Location: 美国-加利福尼亚州-圣克拉拉, ISP: DigitalOcean, Date: None, Delay: -1 ms, Speed: 0.00 M/s, Resolution: None
Name: 大湾区卫视, URL: https://www.freetv.top/migu/608917627.m3u8?migutoken=913ec7608066b2e139e10a729ed6e0b277096bf7d1577f04dec2f036a15f6db88631747d218643efc7515ff520286e2a56bc4f2231e6d692da49f8d555d3291bbba71e8f2993d5487b41afa6bf, From: subscribe, IPv_Type: ipv6, Location: 美国-加利福尼亚州-圣克拉拉, ISP: DigitalOcean, Date: None, Delay: -1 ms, Speed: 0.00 M/s, Resolution: None
Name: 大湾区卫视, URL: https://migu.188766.xyz/?migutoken=27b6ff1a72a504f9148ad2064c497f0b&id=%E5%A4%A7%E6%B9%BE%E5%8C%BA%E5%8D%AB%E8%A7%86&type=yy, From: subscribe, IPv_Type: ipv6, Location: 美国, ISP: CloudFlare Inc., Date: None, Delay: -1 ms, Speed: 0.00 M/s, Resolution: None
Name: 大湾区卫视, URL: https://migu.188766.xyz/?migutoken=537ab92d68eed8dd91bdc938b0268853&id=%E5%A4%A7%E6%B9%BE%E5%8C%BA%E5%8D%AB%E8%A7%86&type=yy, From: subscribe, IPv_Type: ipv6, Location: 美国, ISP: CloudFlare Inc., Date: None, Delay: -1 ms, Speed: 0.00 M/s, Resolution: None
Name: 大湾区卫视, URL: https://migu.188766.xyz/?migutoken=7fe17024e1290552067f5ce2eea246ec&id=%E5%A4%A7%E6%B9%BE%E5%8C%BA%E5%8D%AB%E8%A7%86&type=yy, From: subscribe, IPv_Type: ipv6, Location: 美国, ISP: CloudFlare Inc., Date: None, Delay: -1 ms, Speed: 0.00 M/s, Resolution: None
Name: 大湾区卫视, URL: https://migu.188766.xyz/?migutoken=3f62dac01f0bd6c72a48f72a886ba6f7&id=%E5%A4%A7%E6%B9%BE%E5%8C%BA%E5%8D%AB%E8%A7%86&type=yy, From: subscribe, IPv_Type: ipv6, Location: 美国, ISP: CloudFlare Inc., Date: None, Delay: -1 ms, Speed: 0.00 M/s, Resolution: None
Name: 大湾区卫视, URL: https://migu.188766.xyz/?migutoken=2aa3ce3c1ff66865f9763754adb62b10&id=%E5%A4%A7%E6%B9%BE%E5%8C%BA%E5%8D%AB%E8%A7%86&type=yy, From: subscribe, IPv_Type: ipv6, Location: 美国, ISP: CloudFlare Inc., Date: None, Delay: -1 ms, Speed: 0.00 M/s, Resolution: None
Name: 大湾区卫视, URL: https://migu.188766.xyz/?migutoken=0e5582d15f6a6eae4839eab58c64c525&id=%E5%A4%A7%E6%B9%BE%E5%8C%BA%E5%8D%AB%E8%A7%86&type=yy, From: subscribe, IPv_Type: ipv6, Location: 美国, ISP: CloudFlare Inc., Date: None, Delay: -1 ms, Speed: 0.00 M/s, Resolution: None
Name: 大湾区卫视, URL: https://migu.188766.xyz/?migutoken=7ce7bd41fb5748a0f565ef6462cd193a&id=%E5%A4%A7%E6%B9%BE%E5%8C%BA%E5%8D%AB%E8%A7%86&type=yy, From: subscribe, IPv_Type: ipv6, Location: 美国, ISP: CloudFlare Inc., Date: None, Delay: -1 ms, Speed: 0.00 M/s, Resolution: None
Name: 大湾区卫视, URL: https://migu.188766.xyz/?migutoken=2da942e504648adb34b01880d2fc72d4&id=%E5%A4%A7%E6%B9%BE%E5%8C%BA%E5%8D%AB%E8%A7%86&type=yy, From: subscribe, IPv_Type: ipv6, Location: 美国, ISP: CloudFlare Inc., Date: None, Delay: -1 ms, Speed: 0.00 M/s, Resolution: None
Name: 大湾区卫视, URL: https://migu.188766.xyz/?migutoken=7e004d17ebc90ab7c896ee28578016ba&id=%E5%A4%A7%E6%B9%BE%E5%8C%BA%E5%8D%AB%E8%A7%86&type=yy, From: subscribe, IPv_Type: ipv6, Location: 美国, ISP: CloudFlare Inc., Date: None, Delay: -1 ms, Speed: 0.00 M/s, Resolution: None
Name: 大湾区卫视, URL: https://migu.188766.xyz/?migutoken=de4f6bb92e77f536e234bded379fb8eb&id=%E5%A4%A7%E6%B9%BE%E5%8C%BA%E5%8D%AB%E8%A7%86&type=yy, From: subscribe, IPv_Type: ipv6, Location: 美国, ISP: CloudFlare Inc., Date: None, Delay: -1 ms, Speed: 0.00 M/s, Resolution: None
Name: 大湾区卫视, URL: https://migu.188766.xyz/?migutoken=88f219795ef42aadabf1b2dad9e78da1&id=%E5%A4%A7%E6%B9%BE%E5%8C%BA%E5%8D%AB%E8%A7%86&type=yy, From: subscribe, IPv_Type: ipv6, Location: 美国, ISP: CloudFlare Inc., Date: None, Delay: -1 ms, Speed: 0.00 M/s, Resolution: None
Name: 大湾区卫视, URL: https://migu.188766.xyz/?migutoken=8302fd59d327fa1f9353df616303828a&id=%E5%A4%A7%E6%B9%BE%E5%8C%BA%E5%8D%AB%E8%A7%86&type=yy, From: subscribe, IPv_Type: ipv6, Location: 美国, ISP: CloudFlare Inc., Date: None, Delay: -1 ms, Speed: 0.00 M/s, Resolution: None
Name: 大湾区卫视, URL: https://migu.188766.xyz/?migutoken=1dcab0297041629801503703ef86f089&id=%E5%A4%A7%E6%B9%BE%E5%8C%BA%E5%8D%AB%E8%A7%86&type=yy, From: subscribe, IPv_Type: ipv6, Location: 美国, ISP: CloudFlare Inc., Date: None, Delay: -1 ms, Speed: 0.00 M/s, Resolution: None
Name: 大湾区卫视, URL: https://migu.188766.xyz/?migutoken=470ea256fa3792e26482054a0c1e1318&id=%E5%A4%A7%E6%B9%BE%E5%8C%BA%E5%8D%AB%E8%A7%86&type=yy, From: subscribe, IPv_Type: ipv6, Location: 美国, ISP: CloudFlare Inc., Date: None, Delay: -1 ms, Speed: 0.00 M/s, Resolution: None
Name: 大湾区卫视, URL: https://migu.188766.xyz/?migutoken=79597eb8c8f7e77803e8b5a194838427&id=%E5%A4%A7%E6%B9%BE%E5%8C%BA%E5%8D%AB%E8%A7%86&type=yy, From: subscribe, IPv_Type: ipv6, Location: 美国, ISP: CloudFlare Inc., Date: None, Delay: -1 ms, Speed: 0.00 M/s, Resolution: None
Name: 大湾区卫视, URL: https://migu.188766.xyz/?migutoken=3327b349639b1db1da653d61c5a6a22e&id=%E5%A4%A7%E6%B9%BE%E5%8C%BA%E5%8D%AB%E8%A7%86&type=yy, From: subscribe, IPv_Type: ipv6, Location: 美国, ISP: CloudFlare Inc., Date: None, Delay: -1 ms, Speed: 0.00 M/s, Resolution: None
Name: 大湾区卫视, URL: http://tvgslb.hn.chinamobile.com:8089/180000001002/00000000000000020000000000182538/main.m3u8?stbid=, From: subscribe, IPv_Type: ipv6, Location: 中国, ISP: 中国移动, Date: None, Delay: -1 ms, Speed: 0.00 M/s, Resolution: None
Name: 大湾区卫视, URL: http://k.061899.xyz/k.php?id=dwqws, From: subscribe, IPv_Type: ipv6, Location: 新加坡, ISP: Aceville Pte.Ltd., Date: None, Delay: -1 ms, Speed: 0.00 M/s, Resolution: None
Name: 大湾区卫视, URL: http://hwltc.tv.cdn.zj.chinamobile.com/PLTV/88888888/224/3221236327/index.m3u8, From: subscribe, IPv_Type: ipv6, Location: 中国, ISP: 中国移动, Date: None, Delay: -1 ms, Speed: 0.00 M/s, Resolution: None
Name: 大湾区卫视, URL: https://migu.188766.xyz/?migutoken=5333bc9209f3f9cf10dee254abd46661&id=%E5%A4%A7%E6%B9%BE%E5%8C%BA%E5%8D%AB%E8%A7%86&type=yy, From: subscribe, IPv_Type: ipv6, Location: 美国, ISP: CloudFlare Inc., Date: None, Delay: -1 ms, Speed: 0.00 M/s, Resolution: None
Name: 大湾区卫视, URL: https://migu.188766.xyz/?migutoken=e8a6e47016ca52a3a8b2d3e1e4627b46&id=%E5%A4%A7%E6%B9%BE%E5%8C%BA%E5%8D%AB%E8%A7%86&type=yy, From: subscribe, IPv_Type: ipv6, Location: 美国, ISP: CloudFlare Inc., Date: None, Delay: -1 ms, Speed: 0.00 M/s, Resolution: None
Name: 大湾区卫视, URL: https://migu.188766.xyz/?migutoken=b2e9fa85686207ce9e1388f2dbef1eff&id=%E5%A4%A7%E6%B9%BE%E5%8C%BA%E5%8D%AB%E8%A7%86&type=yy, From: subscribe, IPv_Type: ipv6, Location: 美国, ISP: CloudFlare Inc., Date: None, Delay: -1 ms, Speed: 0.00 M/s, Resolution: None
Name: 农林卫视, URL: http://[2409:8087:7004:20:1000::22]:6610/yinhe/2/ch00000090990000001312/index.m3u8?virtualDomain=yinhe.live_hls.zte.com, From: local, IPv_Type: ipv6, Location: 中国, ISP: 中国移动, Date: None, Delay: -1 ms, Speed: 0.00 M/s, Resolution: None
Name: 农林卫视, URL: https://migu.188766.xyz/?migutoken=c7093923c22aec7ea5adbdf976654e52&id=%E4%B8%AD%E5%9B%BD%E5%86%9C%E6%9E%97%E5%8D%AB%E8%A7%86&type=yy, From: subscribe, IPv_Type: ipv6, Location: 美国, ISP: CloudFlare Inc., Date: None, Delay: -1 ms, Speed: 0.00 M/s, Resolution: None
Name: 农林卫视, URL: https://migu.188766.xyz/?migutoken=1d533d02962f62316052245a89ee7e98&id=%E4%B8%AD%E5%9B%BD%E5%86%9C%E6%9E%97%E5%8D%AB%E8%A7%86&type=yy, From: subscribe, IPv_Type: ipv6, Location: 美国, ISP: CloudFlare Inc., Date: None, Delay: -1 ms, Speed: 0.00 M/s, Resolution: None
Name: 农林卫视, URL: https://migu.188766.xyz/?migutoken=cba7ab4cacf6ed320388e4a2a268d4cd&id=%E4%B8%AD%E5%9B%BD%E5%86%9C%E6%9E%97%E5%8D%AB%E8%A7%86&type=yy, From: subscribe, IPv_Type: ipv6, Location: 美国, ISP: CloudFlare Inc., Date: None, Delay: -1 ms, Speed: 0.00 M/s, Resolution: None
Name: 农林卫视, URL: https://migu.188766.xyz/?migutoken=ff762d666c5b61a0d947aaafde1985bf&id=%E4%B8%AD%E5%9B%BD%E5%86%9C%E6%9E%97%E5%8D%AB%E8%A7%86&type=yy, From: subscribe, IPv_Type: ipv6, Location: 美国, ISP: CloudFlare Inc., Date: None, Delay: -1 ms, Speed: 0.00 M/s, Resolution: None
Name: 农林卫视, URL: https://migu.188766.xyz/?migutoken=6393c209934e6ee743c38284e6aa495e&id=%E4%B8%AD%E5%9B%BD%E5%86%9C%E6%9E%97%E5%8D%AB%E8%A7%86&type=yy, From: subscribe, IPv_Type: ipv6, Location: 美国, ISP: CloudFlare Inc., Date: None, Delay: -1 ms, Speed: 0.00 M/s, Resolution: None
Name: 农林卫视, URL: https://migu.188766.xyz/?migutoken=4f136fb43a375c79937ff4cdd2831da0&id=%E4%B8%AD%E5%9B%BD%E5%86%9C%E6%9E%97%E5%8D%AB%E8%A7%86&type=yy, From: subscribe, IPv_Type: ipv6, Location: 美国, ISP: CloudFlare Inc., Date: None, Delay: -1 ms, Speed: 0.00 M/s, Resolution: None
Name: 农林卫视, URL: https://migu.188766.xyz/?migutoken=0c6c578de940001a28dbe0e225e03265&id=%E4%B8%AD%E5%9B%BD%E5%86%9C%E6%9E%97%E5%8D%AB%E8%A7%86&type=yy, From: subscribe, IPv_Type: ipv6, Location: 美国, ISP: CloudFlare Inc., Date: None, Delay: -1 ms, Speed: 0.00 M/s, Resolution: None
Name: 农林卫视, URL: https://migu.188766.xyz/?migutoken=444eda62737573a8e6e6d247a5fbe28e&id=%E4%B8%AD%E5%9B%BD%E5%86%9C%E6%9E%97%E5%8D%AB%E8%A7%86&type=yy, From: subscribe, IPv_Type: ipv6, Location: 美国, ISP: CloudFlare Inc., Date: None, Delay: -1 ms, Speed: 0.00 M/s, Resolution: None
Name: 农林卫视, URL: https://migu.188766.xyz/?migutoken=ec6cf675a69630f46d38319c871e53f3&id=%E4%B8%AD%E5%9B%BD%E5%86%9C%E6%9E%97%E5%8D%AB%E8%A7%86&type=yy, From: subscribe, IPv_Type: ipv6, Location: 美国, ISP: CloudFlare Inc., Date: None, Delay: -1 ms, Speed: 0.00 M/s, Resolution: None
Name: 农林卫视, URL: https://migu.188766.xyz/?migutoken=ff7dd82d196eb6aade49c821075ba2ff&id=%E4%B8%AD%E5%9B%BD%E5%86%9C%E6%9E%97%E5%8D%AB%E8%A7%86&type=yy, From: subscribe, IPv_Type: ipv6, Location: 美国, ISP: CloudFlare Inc., Date: None, Delay: -1 ms, Speed: 0.00 M/s, Resolution: None
Name: 农林卫视, URL: https://migu.188766.xyz/?migutoken=cff9699050806a3e9e45ed33fb988d77&id=%E4%B8%AD%E5%9B%BD%E5%86%9C%E6%9E%97%E5%8D%AB%E8%A7%86&type=yy, From: subscribe, IPv_Type: ipv6, Location: 美国, ISP: CloudFlare Inc., Date: None, Delay: -1 ms, Speed: 0.00 M/s, Resolution: None
Name: 农林卫视, URL: https://migu.188766.xyz/?migutoken=57f3340385073507a3b24c4d6d9d389e&id=%E4%B8%AD%E5%9B%BD%E5%86%9C%E6%9E%97%E5%8D%AB%E8%A7%86&type=yy, From: subscribe, IPv_Type: ipv6, Location: 美国, ISP: CloudFlare Inc., Date: None, Delay: -1 ms, Speed: 0.00 M/s, Resolution: None
Name: 农林卫视, URL: https://migu.188766.xyz/?migutoken=099790b0e1ffa850c4a9a29338e3e3f2&id=%E4%B8%AD%E5%9B%BD%E5%86%9C%E6%9E%97%E5%8D%AB%E8%A7%86&type=yy, From: subscribe, IPv_Type: ipv6, Location: 美国, ISP: CloudFlare Inc., Date: None, Delay: -1 ms, Speed: 0.00 M/s, Resolution: None
Name: 农林卫视, URL: https://migu.188766.xyz/?migutoken=a6ca5077d0c43b6167038b37b1c38fe5&id=%E4%B8%AD%E5%9B%BD%E5%86%9C%E6%9E%97%E5%8D%AB%E8%A7%86&type=yy, From: subscribe, IPv_Type: ipv6, Location: 美国, ISP: CloudFlare Inc., Date: None, Delay: -1 ms, Speed: 0.00 M/s, Resolution: None
Name: 农林卫视, URL: https://migu.188766.xyz/?migutoken=c853fa756c12d664adcb9937469ff74e&id=%E4%B8%AD%E5%9B%BD%E5%86%9C%E6%9E%97%E5%8D%AB%E8%A7%86&type=yy, From: subscribe, IPv_Type: ipv6, Location: 美国, ISP: CloudFlare Inc., Date: None, Delay: -1 ms, Speed: 0.00 M/s, Resolution: None
Name: 农林卫视, URL: https://migu.188766.xyz/?migutoken=e23fdcb339e931cb7874ae6e88aab823&id=%E4%B8%AD%E5%9B%BD%E5%86%9C%E6%9E%97%E5%8D%AB%E8%A7%86&type=yy, From: subscribe, IPv_Type: ipv6, Location: 美国, ISP: CloudFlare Inc., Date: None, Delay: -1 ms, Speed: 0.00 M/s, Resolution: None
Name: 农林卫视, URL: https://migu.188766.xyz/?migutoken=4a0d2b0a759c986d8b52b3a687f6237f&id=%E4%B8%AD%E5%9B%BD%E5%86%9C%E6%9E%97%E5%8D%AB%E8%A7%86&type=yy, From: subscribe, IPv_Type: ipv6, Location: 美国, ISP: CloudFlare Inc., Date: None, Delay: -1 ms, Speed: 0.00 M/s, Resolution: None
Name: 农林卫视, URL: https://migu.188766.xyz/?migutoken=5c5b590dc60a9a4d64f97475526f4942&id=%E4%B8%AD%E5%9B%BD%E5%86%9C%E6%9E%97%E5%8D%AB%E8%A7%86&type=yy, From: subscribe, IPv_Type: ipv6, Location: 美国, ISP: CloudFlare Inc., Date: None, Delay: -1 ms, Speed: 0.00 M/s, Resolution: None
Name: 农林卫视, URL: https://migu.188766.xyz/?migutoken=a8105f54c5a4bdb08e94807419578d29&id=%E4%B8%AD%E5%9B%BD%E5%86%9C%E6%9E%97%E5%8D%AB%E8%A7%86&type=yy, From: subscribe, IPv_Type: ipv6, Location: 美国, ISP: CloudFlare Inc., Date: None, Delay: -1 ms, Speed: 0.00 M/s, Resolution: None
Name: 农林卫视, URL: https://migu.188766.xyz/?migutoken=a865616512ddda5fcfb38c753268e4c7&id=%E4%B8%AD%E5%9B%BD%E5%86%9C%E6%9E%97%E5%8D%AB%E8%A7%86&type=yy, From: subscribe, IPv_Type: ipv6, Location: 美国, ISP: CloudFlare Inc., Date: None, Delay: -1 ms, Speed: 0.00 M/s, Resolution: None
Name: 延边卫视, URL: http://[2409:8087:7004:20:1000::22]:6610/yinhe/2/ch00000090990000001307/index.m3u8?virtualDomain=yinhe.live_hls.zte.com, From: local, IPv_Type: ipv6, Location: 中国, ISP: 中国移动, Date: None, Delay: -1 ms, Speed: 0.00 M/s, Resolution: None
Name: 延边卫视, URL: http://[2409:8087:8:21::18]:6610/otttv.bj.chinamobile.com/PLTV/88888888/224/3221227045/1.m3u8?GuardEncType=2&accountinfo=%7E%7EV2.0%7Eq0D3NdTUN7FuRzr8eJsbQA%7EtP4-l0lmSfjwLWEfK_el1vH_mv-s1zo4AQJwdedaVwG9xkuFTDg8J26cwOrNJzn20BErrHdLhuZ9EzLUCD3PMW-OMx4MGteHV2vLeW6BqoY%2CEND, From: subscribe, IPv_Type: ipv6, Location: 中国, ISP: 中国移动, Date: None, Delay: -1 ms, Speed: 0.00 M/s, Resolution: None
Name: 延边卫视, URL: https://stream1.freetv.fun/yan-bian-wei-shi-16.m3u8, From: subscribe, IPv_Type: ipv6, Location: 美国, ISP: CloudFlare Inc., Date: None, Delay: -1 ms, Speed: 0.00 M/s, Resolution: None
Name: 延边卫视, URL: https://stream1.freetv.fun/yan-bian-wei-shi-15.m3u8, From: subscribe, IPv_Type: ipv6, Location: 美国, ISP: CloudFlare Inc., Date: None, Delay: -1 ms, Speed: 0.00 M/s, Resolution: None
Name: 延边卫视, URL: http://satellitepull.cnr.cn/live/wxybws/playlist.m3u8, From: subscribe, IPv_Type: ipv4, Location: 美国-伊利诺伊州-库克, ISP: 网宿CDN节点, Date: None, Delay: 143 ms, Speed: 0.68 M/s, Resolution: None
Name: 厦门卫视, URL: http://[2409:8087:7004:20:1000::22]:6610/yinhe/2/ch00000090990000001306/index.m3u8?virtualDomain=yinhe.live_hls.zte.com, From: local, IPv_Type: ipv6, Location: 中国, ISP: 中国移动, Date: None, Delay: -1 ms, Speed: 0.00 M/s, Resolution: None
Name: CHC高清电影, URL: http://[2409:8087:7000:20:1000::22]:6060/yinhe/2/ch00000090990000002065/index.m3u8?virtualDomain=yinhe.live_hls.zte.com, From: local, IPv_Type: ipv6, Location: 中国, ISP: 中国移动, Date: None, Delay: -1 ms, Speed: 0.00 M/s, Resolution: None
Name: CHC家庭影院, URL: http://[2409:8087:7000:20:1000::22]:6060/yinhe/2/ch00000090990000002085/index.m3u8?virtualDomain=yinhe.live_hls.zte.com, From: local, IPv_Type: ipv6, Location: 中国, ISP: 中国移动, Date: None, Delay: -1 ms, Speed: 0.00 M/s, Resolution: None
Name: CHC家庭影院, URL: http://iptv.diyp.site/公众号【DIYP】.php?key=gat5&id=b0f988110099cf6a8405d8aacc0ec1c4, From: subscribe, IPv_Type: ipv6, Location: 美国, ISP: CloudFlare Inc., Date: None, Delay: -1 ms, Speed: 0.00 M/s, Resolution: None
Name: CHC家庭影院, URL: http://z.b.bkpcp.top/m.php?id=chcjtyy, From: subscribe, IPv_Type: ipv6, Location: 美国, ISP: CloudFlare Inc., Date: None, Delay: -1 ms, Speed: 0.00 M/s, Resolution: None
Name: CHC家庭影院, URL: http://gat.bkpcp.top/ymg.php?id=jtyy, From: subscribe, IPv_Type: ipv6, Location: 美国, ISP: CloudFlare Inc., Date: None, Delay: -1 ms, Speed: 0.00 M/s, Resolution: None
Name: CHC家庭影院, URL: http://goo.bkpcp.top/mg/jtyy, From: subscribe, IPv_Type: ipv6, Location: 美国, ISP: CloudFlare Inc., Date: None, Delay: -1 ms, Speed: 0.00 M/s, Resolution: None
Name: CHC家庭影院, URL: https://migu.188766.xyz/?migutoken=780f77d0d7a9e17a0d904a5944f856a4&id=CHC%E5%AE%B6%E5%BA%AD%E5%BD%B1%E9%99%A2&type=yy, From: subscribe, IPv_Type: ipv6, Location: 美国, ISP: CloudFlare Inc., Date: None, Delay: -1 ms, Speed: 0.00 M/s, Resolution: None
Name: CHC家庭影院, URL: https://iptv.catvod.com/live.php?id=CHC%E5%AE%B6%E5%BA%AD%E5%BD%B1%E9%99%A2%E5%8F%B0, From: subscribe, IPv_Type: ipv6, Location: 美国, ISP: CloudFlare Inc., Date: None, Delay: -1 ms, Speed: 0.00 M/s, Resolution: None
Name: CHC家庭影院, URL: https://stream1.freetv.fun/chcjia-ting-ying-yuan-15.ctv, From: subscribe, IPv_Type: ipv6, Location: 美国, ISP: CloudFlare Inc., Date: None, Delay: -1 ms, Speed: 0.00 M/s, Resolution: None
Name: CHC家庭影院, URL: https://stream1.freetv.fun/chcjia-ting-ying-yuan-11.ctv, From: subscribe, IPv_Type: ipv6, Location: 美国, ISP: CloudFlare Inc., Date: None, Delay: -1 ms, Speed: 0.00 M/s, Resolution: None
Name: CHC家庭影院, URL: https://stream1.freetv.fun/chcjia-ting-ying-yuan-13.m3u8, From: subscribe, IPv_Type: ipv6, Location: 美国, ISP: CloudFlare Inc., Date: None, Delay: -1 ms, Speed: 0.00 M/s, Resolution: None
Name: CHC家庭影院, URL: https://www.freetv.top/migu/644368373.m3u8?migutoken=b9d9d0ba0208e949cf0736455b86290b2d1d2ff4727f523b7117dde6eb883cb4582c5ce1519685e57d54bfb562057c10a00dde58bb674d8600fd2d918b8cb440294e083e7b8f19e0dbcc9250d8, From: subscribe, IPv_Type: ipv6, Location: 美国-加利福尼亚州-圣克拉拉, ISP: DigitalOcean, Date: None, Delay: -1 ms, Speed: 0.00 M/s, Resolution: None
Name: CHC家庭影院, URL: https://stream1.freetv.fun/chcjia-ting-ying-yuan-18.ctv, From: subscribe, IPv_Type: ipv6, Location: 美国, ISP: CloudFlare Inc., Date: None, Delay: -1 ms, Speed: 0.00 M/s, Resolution: None
Name: CHC家庭影院, URL: https://migu.188766.xyz/?migutoken=6af5436d4ade4242e351e50a50bb70f2&id=CHC%E5%AE%B6%E5%BA%AD%E5%BD%B1%E9%99%A2&type=yy, From: subscribe, IPv_Type: ipv6, Location: 美国, ISP: CloudFlare Inc., Date: None, Delay: -1 ms, Speed: 0.00 M/s, Resolution: None
Name: CHC家庭影院, URL: https://migu.188766.xyz/?migutoken=c59b6d45599bd0c24f4b0d06185f8889&id=CHC%E5%AE%B6%E5%BA%AD%E5%BD%B1%E9%99%A2&type=yy, From: subscribe, IPv_Type: ipv6, Location: 美国, ISP: CloudFlare Inc., Date: None, Delay: -1 ms, Speed: 0.00 M/s, Resolution: None
Name: CHC家庭影院, URL: https://migu.188766.xyz/?migutoken=6cace7ff6b3275a82113066fafe3c1b1&id=CHC%E5%AE%B6%E5%BA%AD%E5%BD%B1%E9%99%A2&type=yy, From: subscribe, IPv_Type: ipv6, Location: 美国, ISP: CloudFlare Inc., Date: None, Delay: -1 ms, Speed: 0.00 M/s, Resolution: None
Name: CHC家庭影院, URL: https://migu.188766.xyz/?migutoken=68135c4e6d33deab4a0b1825e9c904a8&id=CHC%E5%AE%B6%E5%BA%AD%E5%BD%B1%E9%99%A2&type=yy, From: subscribe, IPv_Type: ipv6, Location: 美国, ISP: CloudFlare Inc., Date: None, Delay: -1 ms, Speed: 0.00 M/s, Resolution: None
Name: CHC家庭影院, URL: https://migu.188766.xyz/?migutoken=81bc32adf5014cc0e9c1f3e2f5e79e79&id=CHC%E5%AE%B6%E5%BA%AD%E5%BD%B1%E9%99%A2&type=yy, From: subscribe, IPv_Type: ipv6, Location: 美国, ISP: CloudFlare Inc., Date: None, Delay: -1 ms, Speed: 0.00 M/s, Resolution: None
Name: CHC家庭影院, URL: https://migu.188766.xyz/?migutoken=96a2940f36df89b5b97a2deee91d66af&id=CHC%E5%AE%B6%E5%BA%AD%E5%BD%B1%E9%99%A2&type=yy, From: subscribe, IPv_Type: ipv6, Location: 美国, ISP: CloudFlare Inc., Date: None, Delay: -1 ms, Speed: 0.00 M/s, Resolution: None
Name: CHC家庭影院, URL: https://migu.188766.xyz/?migutoken=8f80deb2c02f571fbfcf587eb1eb8186&id=CHC%E5%AE%B6%E5%BA%AD%E5%BD%B1%E9%99%A2&type=yy, From: subscribe, IPv_Type: ipv6, Location: 美国, ISP: CloudFlare Inc., Date: None, Delay: -1 ms, Speed: 0.00 M/s, Resolution: None
Name: CHC家庭影院, URL: https://migu.188766.xyz/?migutoken=29b551223ea46848eb33d3a0868fd13f&id=CHC%E5%AE%B6%E5%BA%AD%E5%BD%B1%E9%99%A2&type=yy, From: subscribe, IPv_Type: ipv6, Location: 美国, ISP: CloudFlare Inc., Date: None, Delay: -1 ms, Speed: 0.00 M/s, Resolution: None
Name: CHC家庭影院, URL: https://iptv.catvod.com/live.php?id=CHC%E5%AE%B6%E5%BA%AD%E5%BD%B1%E9%99%A2, From: subscribe, IPv_Type: ipv6, Location: 美国, ISP: CloudFlare Inc., Date: None, Delay: -1 ms, Speed: 0.00 M/s, Resolution: None
Name: CHC家庭影院, URL: https://stream1.freetv.fun/chcjia-ting-ying-yuan-9.ctv, From: subscribe, IPv_Type: ipv6, Location: 美国, ISP: CloudFlare Inc., Date: None, Delay: -1 ms, Speed: 0.00 M/s, Resolution: None
Name: CHC家庭影院, URL: https://migu.188766.xyz/?migutoken=ab6192c33ca0bf5f06f21f8ae0cff648&id=CHC%E5%AE%B6%E5%BA%AD%E5%BD%B1%E9%99%A2&type=yy, From: subscribe, IPv_Type: ipv6, Location: 美国, ISP: CloudFlare Inc., Date: None, Delay: -1 ms, Speed: 0.00 M/s, Resolution: None
Name: CHC家庭影院, URL: https://migu.188766.xyz/?migutoken=29b6b34fa30f982c0f1ed43f2bb2c94b&id=CHC%E5%AE%B6%E5%BA%AD%E5%BD%B1%E9%99%A2&type=yy, From: subscribe, IPv_Type: ipv6, Location: 美国, ISP: CloudFlare Inc., Date: None, Delay: -1 ms, Speed: 0.00 M/s, Resolution: None
Name: CHC家庭影院, URL: https://migu.188766.xyz/?migutoken=142ef015c0693836fee8caf468af5dd6&id=CHC%E5%AE%B6%E5%BA%AD%E5%BD%B1%E9%99%A2&type=yy, From: subscribe, IPv_Type: ipv6, Location: 美国, ISP: CloudFlare Inc., Date: None, Delay: -1 ms, Speed: 0.00 M/s, Resolution: None
Name: CHC家庭影院, URL: https://migu.188766.xyz/?migutoken=e9a87c471f2c18483c5f6d2ec2937d09&id=CHC%E5%AE%B6%E5%BA%AD%E5%BD%B1%E9%99%A2&type=yy, From: subscribe, IPv_Type: ipv6, Location: 美国, ISP: CloudFlare Inc., Date: None, Delay: -1 ms, Speed: 0.00 M/s, Resolution: None
Name: CHC家庭影院, URL: https://migu.188766.xyz/?migutoken=85e6da15e7cadeb05d9f104a1b163a6b&id=CHC%E5%AE%B6%E5%BA%AD%E5%BD%B1%E9%99%A2&type=yy, From: subscribe, IPv_Type: ipv6, Location: 美国, ISP: CloudFlare Inc., Date: None, Delay: -1 ms, Speed: 0.00 M/s, Resolution: None
Name: CHC家庭影院, URL: https://migu.188766.xyz/?migutoken=9e72081921f9fd36b1db3c2bc7f09856&id=CHC%E5%AE%B6%E5%BA%AD%E5%BD%B1%E9%99%A2&type=yy, From: subscribe, IPv_Type: ipv6, Location: 美国, ISP: CloudFlare Inc., Date: None, Delay: -1 ms, Speed: 0.00 M/s, Resolution: None
Name: CHC动作电影, URL: http://[2409:8087:7000:20:1000::22]:6060/yinhe/2/ch00000090990000002055/index.m3u8?virtualDomain=yinhe.live_hls.zte.com, From: local, IPv_Type: ipv6, Location: 中国, ISP: 中国移动, Date: None, Delay: -1 ms, Speed: 0.00 M/s, Resolution: None
Name: CHC动作电影, URL: http://iptv.diyp.site/公众号【DIYP】.php?key=gat5&id=afa18d2457e898b11f48f7764c61d4cc, From: subscribe, IPv_Type: ipv6, Location: 美国, ISP: CloudFlare Inc., Date: None, Delay: -1 ms, Speed: 0.00 M/s, Resolution: None
Name: CHC动作电影, URL: http://z.b.bkpcp.top/m.php?id=dzdy, From: subscribe, IPv_Type: ipv6, Location: 美国, ISP: CloudFlare Inc., Date: None, Delay: -1 ms, Speed: 0.00 M/s, Resolution: None
Name: CHC动作电影, URL: http://goo.bkpcp.top/mg/dzdy, From: subscribe, IPv_Type: ipv6, Location: 美国, ISP: CloudFlare Inc., Date: None, Delay: -1 ms, Speed: 0.00 M/s, Resolution: None
Name: CHC动作电影, URL: https://migu.188766.xyz/?migutoken=0b0257ef83b183d1c0fd20415007e41e&id=CHC%E5%8A%A8%E4%BD%9C%E7%94%B5%E5%BD%B1&type=yy, From: subscribe, IPv_Type: ipv6, Location: 美国, ISP: CloudFlare Inc., Date: None, Delay: -1 ms, Speed: 0.00 M/s, Resolution: None
Name: CHC动作电影, URL: http://[2409:8087:1a01:df::4021]:80/TVOD/88888888/224/3221225555/main.m3u8, From: subscribe, IPv_Type: ipv6, Location: 中国, ISP: 中国移动, Date: None, Delay: -1 ms, Speed: 0.00 M/s, Resolution: None
Name: CHC动作电影, URL: https://www.freetv.top/migu/644368714.m3u8?migutoken=2e48d18419793654f347e8ca29e0028ce9f3eaaa7a108b006304178b8f790f34908f8a09bbb8f4b8b8abcf36e2341f1043dde8719cf4927fcd0dcde4667f8b91e68e820314791d9b70452862c9, From: subscribe, IPv_Type: ipv6, Location: 美国-加利福尼亚州-圣克拉拉, ISP: DigitalOcean, Date: None, Delay: -1 ms, Speed: 0.00 M/s, Resolution: None
Name: CHC动作电影, URL: https://migu.188766.xyz/?migutoken=aeeb07403ae402437de4aa713d2cd013&id=CHC%E5%8A%A8%E4%BD%9C%E7%94%B5%E5%BD%B1&type=yy, From: subscribe, IPv_Type: ipv6, Location: 美国, ISP: CloudFlare Inc., Date: None, Delay: -1 ms, Speed: 0.00 M/s, Resolution: None
Name: CHC动作电影, URL: https://migu.188766.xyz/?migutoken=ee4b0263fa217b298b6b15301f6b36dc&id=CHC%E5%8A%A8%E4%BD%9C%E7%94%B5%E5%BD%B1&type=yy, From: subscribe, IPv_Type: ipv6, Location: 美国, ISP: CloudFlare Inc., Date: None, Delay: -1 ms, Speed: 0.00 M/s, Resolution: None
Name: CHC动作电影, URL: https://migu.188766.xyz/?migutoken=b6a00d6356d42e25875bed1f8c4277e0&id=CHC%E5%8A%A8%E4%BD%9C%E7%94%B5%E5%BD%B1&type=yy, From: subscribe, IPv_Type: ipv6, Location: 美国, ISP: CloudFlare Inc., Date: None, Delay: -1 ms, Speed: 0.00 M/s, Resolution: None
Name: CHC动作电影, URL: https://iptv.catvod.com/live.php?id=CHC%E5%8A%A8%E4%BD%9C%E7%94%B5%E5%BD%B1%E5%8F%B0, From: subscribe, IPv_Type: ipv6, Location: 美国, ISP: CloudFlare Inc., Date: None, Delay: -1 ms, Speed: 0.00 M/s, Resolution: None
Name: CHC动作电影, URL: https://migu.188766.xyz/?migutoken=4de1d7a67330a79480ee6f963b12e3ba&id=CHC%E5%8A%A8%E4%BD%9C%E7%94%B5%E5%BD%B1&type=yy, From: subscribe, IPv_Type: ipv6, Location: 美国, ISP: CloudFlare Inc., Date: None, Delay: -1 ms, Speed: 0.00 M/s, Resolution: None
Name: CHC动作电影, URL: https://migu.188766.xyz/?migutoken=75fe2d5337e9b88c1b75f70e4236bfbc&id=CHC%E5%8A%A8%E4%BD%9C%E7%94%B5%E5%BD%B1&type=yy, From: subscribe, IPv_Type: ipv6, Location: 美国, ISP: CloudFlare Inc., Date: None, Delay: -1 ms, Speed: 0.00 M/s, Resolution: None
Name: CHC动作电影, URL: https://migu.188766.xyz/?migutoken=dc53afed98f99d57fabc61bcf4bb0003&id=CHC%E5%8A%A8%E4%BD%9C%E7%94%B5%E5%BD%B1&type=yy, From: subscribe, IPv_Type: ipv6, Location: 美国, ISP: CloudFlare Inc., Date: None, Delay: -1 ms, Speed: 0.00 M/s, Resolution: None
Name: CHC动作电影, URL: https://migu.188766.xyz/?migutoken=e0216cb97463eff46b3bbe66bbf6dd62&id=CHC%E5%8A%A8%E4%BD%9C%E7%94%B5%E5%BD%B1&type=yy, From: subscribe, IPv_Type: ipv6, Location: 美国, ISP: CloudFlare Inc., Date: None, Delay: -1 ms, Speed: 0.00 M/s, Resolution: None
Name: CHC动作电影, URL: https://migu.188766.xyz/?migutoken=e6cb4a3a83e5125df3f33e77dfa527a5&id=CHC%E5%8A%A8%E4%BD%9C%E7%94%B5%E5%BD%B1&type=yy, From: subscribe, IPv_Type: ipv6, Location: 美国, ISP: CloudFlare Inc., Date: None, Delay: -1 ms, Speed: 0.00 M/s, Resolution: None
Name: CHC动作电影, URL: https://iptv.catvod.com/live.php?id=CHC%E5%8A%A8%E4%BD%9C%E7%94%B5%E5%BD%B1, From: subscribe, IPv_Type: ipv6, Location: 美国, ISP: CloudFlare Inc., Date: None, Delay: -1 ms, Speed: 0.00 M/s, Resolution: None
Name: CHC动作电影, URL: https://migu.188766.xyz/?migutoken=194f6285189ff6e6a979a87af1d2cff8&id=CHC%E5%8A%A8%E4%BD%9C%E7%94%B5%E5%BD%B1&type=yy, From: subscribe, IPv_Type: ipv6, Location: 美国, ISP: CloudFlare Inc., Date: None, Delay: -1 ms, Speed: 0.00 M/s, Resolution: None
Name: CHC动作电影, URL: https://migu.188766.xyz/?migutoken=17a6d331f34ee841ae13aabac613b10e&id=CHC%E5%8A%A8%E4%BD%9C%E7%94%B5%E5%BD%B1&type=yy, From: subscribe, IPv_Type: ipv6, Location: 美国, ISP: CloudFlare Inc., Date: None, Delay: -1 ms, Speed: 0.00 M/s, Resolution: None
Name: CHC动作电影, URL: https://migu.188766.xyz/?migutoken=a3083796d8ccfe02d52a287cb22681af&id=CHC%E5%8A%A8%E4%BD%9C%E7%94%B5%E5%BD%B1&type=yy, From: subscribe, IPv_Type: ipv6, Location: 美国, ISP: CloudFlare Inc., Date: None, Delay: -1 ms, Speed: 0.00 M/s, Resolution: None
Name: CHC动作电影, URL: https://migu.188766.xyz/?migutoken=0f967ea9c08325dc73a43dde829cd3b8&id=CHC%E5%8A%A8%E4%BD%9C%E7%94%B5%E5%BD%B1&type=yy, From: subscribe, IPv_Type: ipv6, Location: 美国, ISP: CloudFlare Inc., Date: None, Delay: -1 ms, Speed: 0.00 M/s, Resolution: None
Name: CHC动作电影, URL: https://migu.188766.xyz/?migutoken=8521199ced44f39aefb22a60a95fcb2a&id=CHC%E5%8A%A8%E4%BD%9C%E7%94%B5%E5%BD%B1&type=yy, From: subscribe, IPv_Type: ipv6, Location: 美国, ISP: CloudFlare Inc., Date: None, Delay: -1 ms, Speed: 0.00 M/s, Resolution: None
Name: CHC动作电影, URL: https://migu.188766.xyz/?migutoken=d7c2e0dba1fdb75fb8d428956b980f54&id=CHC%E5%8A%A8%E4%BD%9C%E7%94%B5%E5%BD%B1&type=yy, From: subscribe, IPv_Type: ipv6, Location: 美国, ISP: CloudFlare Inc., Date: None, Delay: -1 ms, Speed: 0.00 M/s, Resolution: None
Name: 求索纪录, URL: http://[2409:8087:7001:20:1000::95]:6610/000000001000/6000000002000032052/index.m3u8?channel-id=wasusyt&Contentid=6000000002000032052&livemode=1&stbId=3, From: local, IPv_Type: ipv6, Location: 中国, ISP: 中国移动, Date: None, Delay: -1 ms, Speed: 0.00 M/s, Resolution: None
Name: 求索科学, URL: http://[2409:8087:7001:20:1000::95]:6610/000000001000/6000000002000032344/index.m3u8?channel-id=wasusyt&Contentid=6000000002000032344&livemode=1&stbId=3, From: local, IPv_Type: ipv6, Location: 中国, ISP: 中国移动, Date: None, Delay: -1 ms, Speed: 0.00 M/s, Resolution: None
Name: 求索动物, URL: http://[2409:8087:7001:20:1000::95]:6610/000000001000/6000000002000010046/index.m3u8?channel-id=wasusyt&Contentid=6000000002000010046&livemode=1&stbId=3, From: local, IPv_Type: ipv6, Location: 中国, ISP: 中国移动, Date: None, Delay: -1 ms, Speed: 0.00 M/s, Resolution: None
Name: 求索生活, URL: http://[2409:8087:7001:20:1000::95]:6610/000000001000/6000000002000003382/index.m3u8?channel-id=wasusyt&Contentid=6000000002000003382&livemode=1&stbId=3, From: local, IPv_Type: ipv6, Location: 中国, ISP: 中国移动, Date: None, Delay: -1 ms, Speed: 0.00 M/s, Resolution: None
Name: 黑莓电影, URL: http://[2409:8087:2001:20:2800:0:df6e:eb04]/ott.mobaibox.com/PLTV/3/224/3221225567/index.m3u8, From: local, IPv_Type: ipv6, Location: 中国, ISP: 中国移动, Date: None, Delay: -1 ms, Speed: 0.00 M/s, Resolution: None
Name: 黑莓动画, URL: http://[2409:8087:1a01:df::7005]/ottrrs.hl.chinamobile.com/PLTV/88888888/224/3221225662/index.m3u8, From: local, IPv_Type: ipv6, Location: 中国, ISP: 中国移动, Date: None, Delay: -1 ms, Speed: 0.00 M/s, Resolution: None
Name: 哒啵电竞, URL: http://[2409:8087:7000:20::4]/dbiptv.sn.chinamobile.com/PLTV/88888888/224/3221226951/index.m3u8, From: local, IPv_Type: ipv6, Location: 中国, ISP: 中国移动, Date: None, Delay: -1 ms, Speed: 0.00 M/s, Resolution: None
Name: 哒啵赛事, URL: http://[2409:8087:1a01:df::7005]/ottrrs.hl.chinamobile.com/PLTV/88888888/224/3221225675/index.m3u8, From: local, IPv_Type: ipv6, Location: 中国, ISP: 中国移动, Date: None, Delay: -1 ms, Speed: 0.00 M/s, Resolution: None
Name: 乐游, URL: http://[2409:8087:7000:20:1000::22]:6060/yinhe/2/ch00000090990000002157/index.m3u8?virtualDomain=yinhe.live_hls.zte.com, From: local, IPv_Type: ipv6, Location: 中国, ISP: 中国移动, Date: None, Delay: -1 ms, Speed: 0.00 M/s, Resolution: None
Name: 乐游, URL: https://hls-gateway.vpstv.net/streams/708840.m3u8, From: subscribe, IPv_Type: ipv6, Location: 美国, ISP: CloudFlare Inc., Date: None, Delay: -1 ms, Speed: 0.00 M/s, Resolution: None
Name: 乐游, URL: https://zby.130519.xyz/PLTV/11/224/3221226157/index.m3u8, From: subscribe, IPv_Type: ipv6, Location: 美国, ISP: CloudFlare Inc., Date: None, Delay: -1 ms, Speed: 0.00 M/s, Resolution: None
Name: 乐游, URL: http://iptvrr.sh.chinamobile.com:6060/cms001/ch00000090990000001200/index.m3u8, From: subscribe, IPv_Type: ipv6, Location: 中国, ISP: 中国移动, Date: None, Delay: -1 ms, Speed: 0.00 M/s, Resolution: None
Name: 纪实人文, URL: http://[2409:8087:2001:20:2800:0:df6e:eb12]/wh7f454c46tw1293235676_155310184/ott.mobaibox.com/PLTV/3/224/3221227635/index.m3u8?icpid=3&RTS=1669704189&from=40&popid=40&hms_devid=2112&prioritypopid=40&vqe=3, From: local, IPv_Type: ipv6, Location: 中国, ISP: 中国移动, Date: None, Delay: -1 ms, Speed: 0.00 M/s, Resolution: None
Name: 纪实人文, URL: http://ottrrs.hl.chinamobile.com/PLTV/88888888/224/3221225738/index.m3u8, From: subscribe, IPv_Type: ipv6, Location: 中国, ISP: 中国移动, Date: None, Delay: -1 ms, Speed: 0.00 M/s, Resolution: None
Name: 纪实人文, URL: https://stream1.freetv.fun/ipv6-ji-shi-ren-wen-12.m3u8, From: subscribe, IPv_Type: ipv6, Location: 美国, ISP: CloudFlare Inc., Date: None, Delay: -1 ms, Speed: 0.00 M/s, Resolution: None
Name: 纯享4K, URL: http://[2409:8087:2001:20:2800:0:df6e:eb11]/ott.mobaibox.com/PLTV/3/224/3221228242/index.m3u8, From: local, IPv_Type: ipv6, Location: 中国, ISP: 中国移动, Date: None, Delay: -1 ms, Speed: 0.00 M/s, Resolution: None
Name: 风云剧场, URL: http://[2409:8087:7001:20:2::3]:80/dbiptv.sn.chinamobile.com/PLTV/88888893/224/3221226950/index.m3u8, From: local, IPv_Type: ipv6, Location: 中国, ISP: 中国移动, Date: None, Delay: -1 ms, Speed: 0.00 M/s, Resolution: None
Name: 风云剧场, URL: https://hls-gateway.vpstv.net/streams/708861.m3u8, From: subscribe, IPv_Type: ipv6, Location: 美国, ISP: CloudFlare Inc., Date: None, Delay: -1 ms, Speed: 0.00 M/s, Resolution: None
Name: 风云剧场, URL: http://iptv.666230.xyz/iptv/jsyd.php/G_FENGYUNJC-CQ, From: subscribe, IPv_Type: ipv6, Location: 美国, ISP: CloudFlare Inc., Date: None, Delay: -1 ms, Speed: 0.00 M/s, Resolution: None
Name: 风云音乐, URL: http://[2409:8087:7001:20:2::3]:80/dbiptv.sn.chinamobile.com/PLTV/88888893/224/3221226953/index.m3u8, From: local, IPv_Type: ipv6, Location: 中国, ISP: 中国移动, Date: None, Delay: -1 ms, Speed: 0.00 M/s, Resolution: None
Name: 风云音乐, URL: https://hls-gateway.vpstv.net/streams/708858.m3u8, From: subscribe, IPv_Type: ipv6, Location: 美国, ISP: CloudFlare Inc., Date: None, Delay: -1 ms, Speed: 0.00 M/s, Resolution: None
Name: 风云音乐, URL: http://iptv.666230.xyz/iptv/jsyd.php/G_FENGYUNYY-CQ, From: subscribe, IPv_Type: ipv6, Location: 美国, ISP: CloudFlare Inc., Date: None, Delay: -1 ms, Speed: 0.00 M/s, Resolution: None
Name: 风云音乐, URL: http://38.75.136.137:98/gslb/dsdqpub/fyyy.m3u8?auth=testpub, From: subscribe, IPv_Type: ipv4, Location: 美国-伊利诺伊州-库克, ISP: Cogent, Date: None, Delay: 378 ms, Speed: 11.87 M/s, Resolution: 1920x1080
Name: 第一剧场, URL: http://[2409:8087:7001:20:2::3]:80/dbiptv.sn.chinamobile.com/PLTV/88888893/224/3221226959/index.m3u8, From: local, IPv_Type: ipv6, Location: 中国, ISP: 中国移动, Date: None, Delay: -1 ms, Speed: 0.00 M/s, Resolution: None
Name: 第一剧场, URL: https://epg.pw/stream/6d7bf281e3d739806a73f5373acaa6e01988ec9739f5ac1355ce54b47a928472.m3u8, From: subscribe, IPv_Type: ipv6, Location: 美国, ISP: CloudFlare Inc., Date: None, Delay: -1 ms, Speed: 0.00 M/s, Resolution: None
Name: 第一剧场, URL: https://hls-gateway.vpstv.net/streams/708862.m3u8, From: subscribe, IPv_Type: ipv6, Location: 美国, ISP: CloudFlare Inc., Date: None, Delay: -1 ms, Speed: 0.00 M/s, Resolution: None
Name: 第一剧场, URL: http://tl.061833.xyz/tl/null-6, From: subscribe, IPv_Type: ipv6, Location: 美国, ISP: CloudFlare Inc., Date: None, Delay: -1 ms, Speed: 0.00 M/s, Resolution: None
Name: 第一剧场, URL: https://100.061833.xyz/stream/mytv/null-6/stream.m3u8?uid=2190244325&u=hahayy&p=29624e2e4c4ccee26ed8f3e0ca1012ea57a8f2191be6149f632250f7036119cc, From: subscribe, IPv_Type: ipv6, Location: 美国, ISP: CloudFlare Inc., Date: None, Delay: -1 ms, Speed: 0.00 M/s, Resolution: None
Name: 第一剧场, URL: http://iptv.666230.xyz/iptv/jsyd.php/G_DIYIJC-CQ, From: subscribe, IPv_Type: ipv6, Location: 美国, ISP: CloudFlare Inc., Date: None, Delay: -1 ms, Speed: 0.00 M/s, Resolution: None
Name: 第一剧场, URL: http://171.83.103.119:9999/rtp/239.69.1.74:10084, From: subscribe, IPv_Type: ipv4, Location: 中国-湖北-武汉, ISP: 电信, Date: None, Delay: 458 ms, Speed: 0.08 M/s, Resolution: 1920x1080
Name: 女性时尚, URL: http://[2409:8087:7001:20:2::3]:80/dbiptv.sn.chinamobile.com/PLTV/88888893/224/3221226969/index.m3u8, From: local, IPv_Type: ipv6, Location: 中国, ISP: 中国移动, Date: None, Delay: -1 ms, Speed: 0.00 M/s, Resolution: None
Name: 女性时尚, URL: http://iptv.666230.xyz/iptv/jsyd.php/G_NVXINGSS-CQ, From: subscribe, IPv_Type: ipv6, Location: 美国, ISP: CloudFlare Inc., Date: None, Delay: -1 ms, Speed: 0.00 M/s, Resolution: None
Name: 女性时尚, URL: http://38.75.136.137:98/gslb/dsdqpub/nxss.m3u8?auth=testpub, From: subscribe, IPv_Type: ipv4, Location: 美国-伊利诺伊州-库克, ISP: Cogent, Date: None, Delay: 388 ms, Speed: 12.55 M/s, Resolution: 1920x1080
Name: 风云足球, URL: http://[2409:8087:7001:20:2::3]:80/dbiptv.sn.chinamobile.com/PLTV/88888893/224/3221226984/index.m3u8, From: local, IPv_Type: ipv6, Location: 中国, ISP: 中国移动, Date: None, Delay: -1 ms, Speed: 0.00 M/s, Resolution: None
Name: 风云足球, URL: https://epg.pw/stream/ac8062ec9484078061d3bef507c15a423ac57ae4144e3fcc4b0a198dd420f911.m3u8, From: subscribe, IPv_Type: ipv6, Location: 美国, ISP: CloudFlare Inc., Date: None, Delay: -1 ms, Speed: 0.00 M/s, Resolution: None
Name: 风云足球, URL: http://[2409:8087:7001:20:2::3]/dbiptv.sn.chinamobile.com/PLTV/88888893/224/3221226984/index.m3u8, From: subscribe, IPv_Type: ipv6, Location: 中国, ISP: 中国移动, Date: None, Delay: -1 ms, Speed: 0.00 M/s, Resolution: None
Name: 风云足球, URL: https://live.goodiptv.club/api/yqgd.php?id=fyzq, From: subscribe, IPv_Type: ipv6, Location: 美国, ISP: CloudFlare Inc., Date: None, Delay: -1 ms, Speed: 0.00 M/s, Resolution: None
Name: 风云足球, URL: https://hls-gateway.vpstv.net/streams/708859.m3u8, From: subscribe, IPv_Type: ipv6, Location: 美国, ISP: CloudFlare Inc., Date: None, Delay: -1 ms, Speed: 0.00 M/s, Resolution: None
Name: 风云足球, URL: http://38.75.136.137:98/gslb/dsdqpub/fyzq.m3u8?auth=testpub, From: subscribe, IPv_Type: ipv4, Location: 美国-伊利诺伊州-库克, ISP: Cogent, Date: None, Delay: 564 ms, Speed: 7.90 M/s, Resolution: 1920x1080
Name: 兵器科技, URL: http://[2409:8087:7001:20:2::3]:80/dbiptv.sn.chinamobile.com/PLTV/88888893/224/3221226975/index.m3u8, From: local, IPv_Type: ipv6, Location: 中国, ISP: 中国移动, Date: None, Delay: -1 ms, Speed: 0.00 M/s, Resolution: None
Name: 兵器科技, URL: https://hls-gateway.vpstv.net/streams/708856.m3u8, From: subscribe, IPv_Type: ipv6, Location: 美国, ISP: CloudFlare Inc., Date: None, Delay: -1 ms, Speed: 0.00 M/s, Resolution: None
Name: 兵器科技, URL: http://iptv.666230.xyz/iptv/jsyd.php/G_BINGQIKJ-CQ, From: subscribe, IPv_Type: ipv6, Location: 美国, ISP: CloudFlare Inc., Date: None, Delay: -1 ms, Speed: 0.00 M/s, Resolution: None
Name: 怀旧剧场, URL: http://[2409:8087:7001:20:2::3]:80/dbiptv.sn.chinamobile.com/PLTV/88888893/224/3221226972/index.m3u8, From: local, IPv_Type: ipv6, Location: 中国, ISP: 中国移动, Date: None, Delay: -1 ms, Speed: 0.00 M/s, Resolution: None
Name: 怀旧剧场, URL: https://hls-gateway.vpstv.net/streams/708853.m3u8, From: subscribe, IPv_Type: ipv6, Location: 美国, ISP: CloudFlare Inc., Date: None, Delay: -1 ms, Speed: 0.00 M/s, Resolution: None
Name: 怀旧剧场, URL: http://iptv.666230.xyz/iptv/jsyd.php/G_HUAIJIUJC-CQ, From: subscribe, IPv_Type: ipv6, Location: 美国, ISP: CloudFlare Inc., Date: None, Delay: -1 ms, Speed: 0.00 M/s, Resolution: None
Name: 怀旧剧场, URL: http://38.75.136.137:98/gslb/dsdqpub/hjjc.m3u8?auth=testpub, From: subscribe, IPv_Type: ipv4, Location: 美国-伊利诺伊州-库克, ISP: Cogent, Date: None, Delay: 315 ms, Speed: 6.38 M/s, Resolution: 1920x1080
Name: 世界地理, URL: http://[2409:8087:7001:20:2::3]:80/dbiptv.sn.chinamobile.com/PLTV/88888893/224/3221226947/index.m3u8, From: local, IPv_Type: ipv6, Location: 中国, ISP: 中国移动, Date: None, Delay: -1 ms, Speed: 0.00 M/s, Resolution: None
Name: 世界地理, URL: http://38.75.136.137:98/gslb/dsdqpub/sjdl.m3u8?auth=testpub, From: subscribe, IPv_Type: ipv4, Location: 美国-伊利诺伊州-库克, ISP: Cogent, Date: None, Delay: 466 ms, Speed: 11.30 M/s, Resolution: 1920x1080
Name: 文化精品, URL: http://[2409:8087:7001:20:2::3]:80/dbiptv.sn.chinamobile.com/PLTV/88888893/224/3221226981/index.m3u8, From: local, IPv_Type: ipv6, Location: 中国, ISP: 中国移动, Date: None, Delay: -1 ms, Speed: 0.00 M/s, Resolution: None
Name: 文化精品, URL: https://hls-gateway.vpstv.net/streams/708832.m3u8, From: subscribe, IPv_Type: ipv6, Location: 美国, ISP: CloudFlare Inc., Date: None, Delay: -1 ms, Speed: 0.00 M/s, Resolution: None
Name: 文化精品, URL: http://iptv.666230.xyz/iptv/jsyd.php/G_CCTV-WENHUA-CQ, From: subscribe, IPv_Type: ipv6, Location: 美国, ISP: CloudFlare Inc., Date: None, Delay: -1 ms, Speed: 0.00 M/s, Resolution: None
Name: 央视台球, URL: http://[2409:8087:7001:20:2::3]:80/dbiptv.sn.chinamobile.com/PLTV/88888893/224/3221226956/index.m3u8, From: local, IPv_Type: ipv6, Location: 中国, ISP: 中国移动, Date: None, Delay: -1 ms, Speed: 0.00 M/s, Resolution: None
Name: 央视台球, URL: https://hls-gateway.vpstv.net/streams/708855.m3u8, From: subscribe, IPv_Type: ipv6, Location: 美国, ISP: CloudFlare Inc., Date: None, Delay: -1 ms, Speed: 0.00 M/s, Resolution: None
Name: 央视台球, URL: https://epg.pw/stream/ca9c1cd4b97fb824cedd7fedfd0c7a950afdd7f00751cfbb7c2d89831d7746a5.m3u8, From: subscribe, IPv_Type: ipv6, Location: 美国, ISP: CloudFlare Inc., Date: None, Delay: -1 ms, Speed: 0.00 M/s, Resolution: None
Name: 央视台球, URL: https://epg.pw/stream/25677ac2e8c1f7c3dd6359c43eb5f0f54efb3f5c11f9dda18d01b3e0308ed017.m3u8, From: subscribe, IPv_Type: ipv6, Location: 美国, ISP: CloudFlare Inc., Date: None, Delay: -1 ms, Speed: 0.00 M/s, Resolution: None
Name: 高尔夫网球, URL: http://[2409:8087:7001:20:2::3]:80/dbiptv.sn.chinamobile.com/PLTV/88888893/224/3221226978/index.m3u8, From: local, IPv_Type: ipv6, Location: 中国, ISP: 中国移动, Date: None, Delay: -1 ms, Speed: 0.00 M/s, Resolution: None
Name: 高尔夫网球, URL: https://hls-gateway.vpstv.net/streams/708857.m3u8, From: subscribe, IPv_Type: ipv6, Location: 美国, ISP: CloudFlare Inc., Date: None, Delay: -1 ms, Speed: 0.00 M/s, Resolution: None
Name: 高尔夫网球, URL: http://iptv.666230.xyz/iptv/jsyd.php/G_CCTV-GOLF-CQ, From: subscribe, IPv_Type: ipv6, Location: 美国, ISP: CloudFlare Inc., Date: None, Delay: -1 ms, Speed: 0.00 M/s, Resolution: None
Name: 高尔夫网球, URL: http://38.75.136.137:98/gslb/dsdqpub/gefwq.m3u8?auth=testpub, From: subscribe, IPv_Type: ipv4, Location: 美国-伊利诺伊州-库克, ISP: Cogent, Date: None, Delay: 409 ms, Speed: 10.36 M/s, Resolution: 1920x1080
Name: 电视指南, URL: http://[2409:8087:7001:20:2::3]:80/dbiptv.sn.chinamobile.com/PLTV/88888893/224/3221226987/index.m3u8, From: local, IPv_Type: ipv6, Location: 中国, ISP: 中国移动, Date: None, Delay: -1 ms, Speed: 0.00 M/s, Resolution: None
Name: 电视指南, URL: http://iptv.666230.xyz/iptv/jsyd.php/G_DIANSHIZN-CQ, From: subscribe, IPv_Type: ipv6, Location: 美国, ISP: CloudFlare Inc., Date: None, Delay: -1 ms, Speed: 0.00 M/s, Resolution: None
Name: 电视指南, URL: http://38.75.136.137:98/gslb/dsdqpub/dszn.m3u8?auth=testpub, From: subscribe, IPv_Type: ipv4, Location: 美国-伊利诺伊州-库克, ISP: Cogent, Date: None, Delay: 542 ms, Speed: 8.11 M/s, Resolution: 1920x1080
Name: 都市剧场, URL: http://[2409:8087:7000:20::F]:80/dbiptv.sn.chinamobile.com/TVOD/88888890/224/3221226581/index.m3u8, From: local, IPv_Type: ipv6, Location: 中国, ISP: 中国移动, Date: None, Delay: -1 ms, Speed: 0.00 M/s, Resolution: None
Name: 都市剧场, URL: http://3501776.xyz:35455/itv/5000000011000031111.m3u8?cdn=bestzb, From: subscribe, IPv_Type: ipv6, Location: 美国, ISP: CloudFlare Inc., Date: None, Delay: -1 ms, Speed: 0.00 M/s, Resolution: None
Name: 都市剧场, URL: https://zby.130519.xyz/PLTV/11/224/3221225762/index.m3u8, From: subscribe, IPv_Type: ipv6, Location: 美国, ISP: CloudFlare Inc., Date: None, Delay: -1 ms, Speed: 0.00 M/s, Resolution: None
Name: 都市剧场, URL: https://zby.130519.xyz/PLTV/11/224/3221226155/index.m3u8, From: subscribe, IPv_Type: ipv6, Location: 美国, ISP: CloudFlare Inc., Date: None, Delay: -1 ms, Speed: 0.00 M/s, Resolution: None
Name: 都市剧场, URL: http://iptv.cdn.ha.chinamobile.com/PLTV/88888888/224/3221226694/index.m3u8, From: subscribe, IPv_Type: ipv6, Location: 中国, ISP: 中国移动, Date: None, Delay: -1 ms, Speed: 0.00 M/s, Resolution: None
Name: 都市剧场, URL: https://hls-gateway.vpstv.net/streams/708845.m3u8, From: subscribe, IPv_Type: ipv6, Location: 美国, ISP: CloudFlare Inc., Date: None, Delay: -1 ms, Speed: 0.00 M/s, Resolution: None
Name: 都市剧场, URL: http://[2409:8087:5e00:24::1e]:6060/000000001000/5000000011000031111/1.m3u8, From: subscribe, IPv_Type: ipv6, Location: 中国, ISP: 中国移动, Date: None, Delay: -1 ms, Speed: 0.00 M/s, Resolution: None
Name: 都市剧场, URL: http://[2409:8087:5e08:25::4]:6610/000000001000/5000000011000031111/index.m3u8?channel-id=bestzb&Contentid=5000000011000031111&Ace, From: subscribe, IPv_Type: ipv6, Location: 中国, ISP: 中国移动, Date: None, Delay: -1 ms, Speed: 0.00 M/s, Resolution: None
Name: 都市剧场, URL: http://[2409:8087:1e01:20::3]/PLTV/11/224/3221225762/index.m3u8, From: subscribe, IPv_Type: ipv6, Location: 中国, ISP: 中国移动, Date: None, Delay: -1 ms, Speed: 0.00 M/s, Resolution: None
Name: 都市剧场, URL: http://[2409:8087:1e01:20::3]:80/PLTV/11/224/3221225762/index.m3u8, From: subscribe, IPv_Type: ipv6, Location: 中国, ISP: 中国移动, Date: None, Delay: -1 ms, Speed: 0.00 M/s, Resolution: None
Name: 都市剧场, URL: http://[2409:8087:1e01:20::3]/PLTV/11/224/3221226155/index.m3u8, From: subscribe, IPv_Type: ipv6, Location: 中国, ISP: 中国移动, Date: None, Delay: -1 ms, Speed: 0.00 M/s, Resolution: None
Name: 都市剧场, URL: http://iptvrr.sh.chinamobile.com:6060/cms001/ch00000090990000001203/index.m3u8, From: subscribe, IPv_Type: ipv6, Location: 中国, ISP: 中国移动, Date: None, Delay: -1 ms, Speed: 0.00 M/s, Resolution: None
Name: 都市剧场, URL: http://hwltc.tv.cdn.zj.chinamobile.com/PLTV/88888888/224/3221229280/1/index.m3u8?fmt=ts2hls, From: subscribe, IPv_Type: ipv6, Location: 中国, ISP: 中国移动, Date: None, Delay: -1 ms, Speed: 0.00 M/s, Resolution: None
Name: 都市剧场, URL: https://zby.130519.xyz/PLTV/11/224/3221226155/index.m3u8, From: subscribe, IPv_Type: ipv6, Location: 美国, ISP: CloudFlare Inc., Date: None, Delay: -1 ms, Speed: 0.00 M/s, Resolution: None
Name: 都市剧场, URL: https://satellitepull.cnr.cn/live/wxcqxwgb/playlist.m3u8, From: subscribe, IPv_Type: ipv4, Location: 美国-伊利诺伊州-库克, ISP: 网宿CDN节点, Date: None, Delay: 192 ms, Speed: 0.58 M/s, Resolution: None
Name: 都市剧场, URL: http://171.83.103.119:9999/rtp/239.69.2.4:11178, From: subscribe, IPv_Type: ipv4, Location: 中国-湖北-武汉, ISP: 电信, Date: None, Delay: 432 ms, Speed: 0.06 M/s, Resolution: 1920x1080
Name: 金色学堂, URL: http://[2409:8087:7000:20:1000::22]:6060/yinhe/2/ch00000090990000002675/index.m3u8?virtualDomain=yinhe.live_hls.zte.com, From: local, IPv_Type: ipv6, Location: 中国, ISP: 中国移动, Date: None, Delay: -1 ms, Speed: 0.00 M/s, Resolution: None
Name: 金色学堂, URL: https://zby.130519.xyz/PLTV/11/224/3221225748/index.m3u8, From: subscribe, IPv_Type: ipv6, Location: 美国, ISP: CloudFlare Inc., Date: None, Delay: -1 ms, Speed: 0.00 M/s, Resolution: None
Name: 金色学堂, URL: http://[2409:8087:5e00:24::1e]:6060/000000001000/5000000010000026105/1.m3u8, From: subscribe, IPv_Type: ipv6, Location: 中国, ISP: 中国移动, Date: None, Delay: -1 ms, Speed: 0.00 M/s, Resolution: None
Name: 金色学堂, URL: http://iptvrr.sh.chinamobile.com:6060/cms001/ch00000090990000001194/index.m3u8, From: subscribe, IPv_Type: ipv6, Location: 中国, ISP: 中国移动, Date: None, Delay: -1 ms, Speed: 0.00 M/s, Resolution: None
Name: 哈哈炫动, URL: http://[2409:8087:1a01:df::7005]:80/ottrrs.hl.chinamobile.com/PLTV/88888888/224/3221225657/index.m3u8, From: local, IPv_Type: ipv6, Location: 中国, ISP: 中国移动, Date: None, Delay: -1 ms, Speed: 0.00 M/s, Resolution: None
Name: 哈哈炫动, URL: http://php.jdshipin.com/TVOD/hnyd.php?id=200000001898/460000089800010117, From: subscribe, IPv_Type: ipv6, Location: 美国, ISP: CloudFlare Inc., Date: None, Delay: -1 ms, Speed: 0.00 M/s, Resolution: None
Name: 哈哈炫动, URL: https://zby.130519.xyz/PLTV/11/224/3221226161/index.m3u8, From: subscribe, IPv_Type: ipv6, Location: 美国, ISP: CloudFlare Inc., Date: None, Delay: -1 ms, Speed: 0.00 M/s, Resolution: None
Name: 哈哈炫动, URL: https://zby.130519.xyz/PLTV/11/224/3221226175/index.m3u8, From: subscribe, IPv_Type: ipv6, Location: 美国, ISP: CloudFlare Inc., Date: None, Delay: -1 ms, Speed: 0.00 M/s, Resolution: None
Name: 哈哈炫动, URL: http://[2409:8087:8:21::18]:6610/otttv.bj.chinamobile.com/PLTV/88888888/224/3221226931/1.m3u8, From: subscribe, IPv_Type: ipv6, Location: 中国, ISP: 中国移动, Date: None, Delay: -1 ms, Speed: 0.00 M/s, Resolution: None
Name: 哈哈炫动, URL: https://stream1.freetv.fun/ha-ha-xuan-dong-29.m3u8, From: subscribe, IPv_Type: ipv6, Location: 美国, ISP: CloudFlare Inc., Date: None, Delay: -1 ms, Speed: 0.00 M/s, Resolution: None
Name: 哈哈炫动, URL: https://stream1.freetv.fun/ha-ha-xuan-dong-8.m3u8, From: subscribe, IPv_Type: ipv6, Location: 美国, ISP: CloudFlare Inc., Date: None, Delay: -1 ms, Speed: 0.00 M/s, Resolution: None
Name: 哈哈炫动, URL: https://stream1.freetv.fun/ha-ha-xuan-dong-16.m3u8, From: subscribe, IPv_Type: ipv6, Location: 美国, ISP: CloudFlare Inc., Date: None, Delay: -1 ms, Speed: 0.00 M/s, Resolution: None
Name: 哈哈炫动, URL: https://migu.188766.xyz/?migutoken=ad18d31d0e86a26768f0ce2781aac42c&id=hhxd&type=sz, From: subscribe, IPv_Type: ipv6, Location: 美国, ISP: CloudFlare Inc., Date: None, Delay: -1 ms, Speed: 0.00 M/s, Resolution: None
Name: 哈哈炫动, URL: http://[2409:8087:1a15:10d1::39]/ottrrs.hl.chinamobile.com/PLTV/88888888/224/3221225657/index.m3u8, From: subscribe, IPv_Type: ipv6, Location: 中国, ISP: 中国移动, Date: None, Delay: -1 ms, Speed: 0.00 M/s, Resolution: None
Name: 哈哈炫动, URL: https://stream1.freetv.fun/ipv6-ha-ha-xuan-dong-10.m3u8, From: subscribe, IPv_Type: ipv6, Location: 美国, ISP: CloudFlare Inc., Date: None, Delay: -1 ms, Speed: 0.00 M/s, Resolution: None
Name: 哈哈炫动, URL: https://stream1.freetv.fun/ipv6-ha-ha-xuan-dong-8.m3u8, From: subscribe, IPv_Type: ipv6, Location: 美国, ISP: CloudFlare Inc., Date: None, Delay: -1 ms, Speed: 0.00 M/s, Resolution: None
Name: 哈哈炫动, URL: https://migu.188766.xyz/?migutoken=dc1ef1f1282494eaed92f357d9f1137c&id=hhxd&type=sz, From: subscribe, IPv_Type: ipv6, Location: 美国, ISP: CloudFlare Inc., Date: None, Delay: -1 ms, Speed: 0.00 M/s, Resolution: None
Name: 哈哈炫动, URL: https://migu.188766.xyz/?migutoken=38c84ba1b5514b868d8c9643ff634cfc&id=hhxd&type=sz, From: subscribe, IPv_Type: ipv6, Location: 美国, ISP: CloudFlare Inc., Date: None, Delay: -1 ms, Speed: 0.00 M/s, Resolution: None
Name: 哈哈炫动, URL: https://migu.188766.xyz/?migutoken=ef06f07941b553c4a1212e63d962c144&id=hhxd&type=sz, From: subscribe, IPv_Type: ipv6, Location: 美国, ISP: CloudFlare Inc., Date: None, Delay: -1 ms, Speed: 0.00 M/s, Resolution: None
Name: 哈哈炫动, URL: https://migu.188766.xyz/?migutoken=75ff351e5c65e87957d8b8ff901ce0ba&id=hhxd&type=sz, From: subscribe, IPv_Type: ipv6, Location: 美国, ISP: CloudFlare Inc., Date: None, Delay: -1 ms, Speed: 0.00 M/s, Resolution: None
Name: 哈哈炫动, URL: https://migu.188766.xyz/?migutoken=e34edd70daed62f9dc4ca6f00f7e7b62&id=hhxd&type=sz, From: subscribe, IPv_Type: ipv6, Location: 美国, ISP: CloudFlare Inc., Date: None, Delay: -1 ms, Speed: 0.00 M/s, Resolution: None
Name: 哈哈炫动, URL: https://migu.188766.xyz/?migutoken=49329e0479fd677daee47a324716c689&id=hhxd&type=sz, From: subscribe, IPv_Type: ipv6, Location: 美国, ISP: CloudFlare Inc., Date: None, Delay: -1 ms, Speed: 0.00 M/s, Resolution: None
Name: 哈哈炫动, URL: https://migu.188766.xyz/?migutoken=580c427334e05f93eaa4a33d3b1bca86&id=hhxd&type=sz, From: subscribe, IPv_Type: ipv6, Location: 美国, ISP: CloudFlare Inc., Date: None, Delay: -1 ms, Speed: 0.00 M/s, Resolution: None
Name: 哈哈炫动, URL: https://migu.188766.xyz/?migutoken=8702757a95b6ec9ff5d72f43b0e7d548&id=hhxd&type=sz, From: subscribe, IPv_Type: ipv6, Location: 美国, ISP: CloudFlare Inc., Date: None, Delay: -1 ms, Speed: 0.00 M/s, Resolution: None
Name: 哈哈炫动, URL: https://migu.188766.xyz/?migutoken=c0f5b3d0e08a2d002fb1ab844746d8c3&id=hhxd&type=sz, From: subscribe, IPv_Type: ipv6, Location: 美国, ISP: CloudFlare Inc., Date: None, Delay: -1 ms, Speed: 0.00 M/s, Resolution: None
Name: 哈哈炫动, URL: https://migu.188766.xyz/?migutoken=db7227a9d7f38f799c1f35996d68dae9&id=hhxd&type=sz, From: subscribe, IPv_Type: ipv6, Location: 美国, ISP: CloudFlare Inc., Date: None, Delay: -1 ms, Speed: 0.00 M/s, Resolution: None
Name: 哈哈炫动, URL: https://migu.188766.xyz/?migutoken=925531f07e2625f87e000a65e0608fca&id=hhxd&type=sz, From: subscribe, IPv_Type: ipv6, Location: 美国, ISP: CloudFlare Inc., Date: None, Delay: -1 ms, Speed: 0.00 M/s, Resolution: None
Name: 哈哈炫动, URL: https://migu.188766.xyz/?migutoken=272593ff74d7df17216d432ff2737236&id=hhxd&type=sz, From: subscribe, IPv_Type: ipv6, Location: 美国, ISP: CloudFlare Inc., Date: None, Delay: -1 ms, Speed: 0.00 M/s, Resolution: None
Name: 哈哈炫动, URL: https://migu.188766.xyz/?migutoken=05de8e966eb7279e9a5eb40aefad875b&id=hhxd&type=sz, From: subscribe, IPv_Type: ipv6, Location: 美国, ISP: CloudFlare Inc., Date: None, Delay: -1 ms, Speed: 0.00 M/s, Resolution: None
Name: 哈哈炫动, URL: https://migu.188766.xyz/?migutoken=05234639dbc38c6c9757e4a01f23ce5d&id=hhxd&type=sz, From: subscribe, IPv_Type: ipv6, Location: 美国, ISP: CloudFlare Inc., Date: None, Delay: -1 ms, Speed: 0.00 M/s, Resolution: None
Name: 哈哈炫动, URL: https://migu.188766.xyz/?migutoken=eb3e03b62349a44f57e3fc06c544dba9&id=hhxd&type=sz, From: subscribe, IPv_Type: ipv6, Location: 美国, ISP: CloudFlare Inc., Date: None, Delay: -1 ms, Speed: 0.00 M/s, Resolution: None
Name: 哈哈炫动, URL: https://migu.188766.xyz/?migutoken=6736fc79a392fdd131512f7e0abee56e&id=hhxd&type=sz, From: subscribe, IPv_Type: ipv6, Location: 美国, ISP: CloudFlare Inc., Date: None, Delay: -1 ms, Speed: 0.00 M/s, Resolution: None
Name: 哈哈炫动, URL: https://migu.188766.xyz/?migutoken=fd04624d718409b25bf893c15757372f&id=hhxd&type=sz, From: subscribe, IPv_Type: ipv6, Location: 美国, ISP: CloudFlare Inc., Date: None, Delay: -1 ms, Speed: 0.00 M/s, Resolution: None
Name: 哈哈炫动, URL: https://migu.188766.xyz/?migutoken=cfdbc74e77dc45e2f7de976339a55ba0&id=hhxd&type=sz, From: subscribe, IPv_Type: ipv6, Location: 美国, ISP: CloudFlare Inc., Date: None, Delay: -1 ms, Speed: 0.00 M/s, Resolution: None
Name: 哈哈炫动, URL: https://zby.130519.xyz/PLTV/11/224/3221226175/index.m3u8, From: subscribe, IPv_Type: ipv6, Location: 美国, ISP: CloudFlare Inc., Date: None, Delay: -1 ms, Speed: 0.00 M/s, Resolution: None
Name: 哈哈炫动, URL: https://migu.188766.xyz/?migutoken=ef0d2b95603ab7bebf1be5092ed438f7&id=hhxd&type=sz, From: subscribe, IPv_Type: ipv6, Location: 美国, ISP: CloudFlare Inc., Date: None, Delay: -1 ms, Speed: 0.00 M/s, Resolution: None
Name: 游戏风云, URL: http://[2409:8087:7000:20::4]:80/dbiptv.sn.chinamobile.com/PLTV/88888888/224/3221226579/1.m3u8, From: local, IPv_Type: ipv6, Location: 中国, ISP: 中国移动, Date: None, Delay: -1 ms, Speed: 0.00 M/s, Resolution: None
Name: 游戏风云, URL: http://php.jdshipin.com/itv6.php?cid=bestzb&id=5000000011000031114, From: subscribe, IPv_Type: ipv6, Location: 美国, ISP: CloudFlare Inc., Date: None, Delay: -1 ms, Speed: 0.00 M/s, Resolution: None
Name: 游戏风云, URL: http://z.b.bkpcp.top/m.php?id=yxfy, From: subscribe, IPv_Type: ipv6, Location: 美国, ISP: CloudFlare Inc., Date: None, Delay: -1 ms, Speed: 0.00 M/s, Resolution: None
Name: 游戏风云, URL: http://gat.bkpcp.top/ymg.php?id=yxfy, From: subscribe, IPv_Type: ipv6, Location: 美国, ISP: CloudFlare Inc., Date: None, Delay: -1 ms, Speed: 0.00 M/s, Resolution: None
Name: 游戏风云, URL: http://3501776.xyz:35455/itv/5000000011000031114.m3u8?cdn=bestzb, From: subscribe, IPv_Type: ipv6, Location: 美国, ISP: CloudFlare Inc., Date: None, Delay: -1 ms, Speed: 0.00 M/s, Resolution: None
Name: 游戏风云, URL: https://zby.130519.xyz/PLTV/11/224/3221226117/index.m3u8, From: subscribe, IPv_Type: ipv6, Location: 美国, ISP: CloudFlare Inc., Date: None, Delay: -1 ms, Speed: 0.00 M/s, Resolution: None
Name: 游戏风云, URL: https://zby.130519.xyz/PLTV/11/224/3221226140/index.m3u8, From: subscribe, IPv_Type: ipv6, Location: 美国, ISP: CloudFlare Inc., Date: None, Delay: -1 ms, Speed: 0.00 M/s, Resolution: None
Name: 游戏风云, URL: https://www.freetv.top/migu/790188417.m3u8?migutoken=0276ef43726b0a3df46f95059cfba0dc88fb58e0682005aef78c7fcce5c7101a4d1199cd5aa05c58eaed75bf3a107385ce216cf787ceb58c1839c276b121b05b72a1ec8d7c6f23c240511643c0, From: subscribe, IPv_Type: ipv6, Location: 美国-加利福尼亚州-圣克拉拉, ISP: DigitalOcean, Date: None, Delay: -1 ms, Speed: 0.00 M/s, Resolution: None
Name: 游戏风云, URL: https://www.freetv.top/migu/790188417.m3u8?migutoken=4bb23a171d4d63d4362dfba9a795c0f4ae95e2190f17a502e900947df23bda8e7a18b21aa9e6b578071ed4ced654a44a80d0fb8970ac8330432d19255fb721f3c1ee552fa186e2c9427e18e082, From: subscribe, IPv_Type: ipv6, Location: 美国-加利福尼亚州-圣克拉拉, ISP: DigitalOcean, Date: None, Delay: -1 ms, Speed: 0.00 M/s, Resolution: None
Name: 游戏风云, URL: https://zby.130519.xyz/PLTV/11/224/3221226140/index.m3u8, From: subscribe, IPv_Type: ipv6, Location: 美国, ISP: CloudFlare Inc., Date: None, Delay: -1 ms, Speed: 0.00 M/s, Resolution: None
Name: 欢笑剧场, URL: http://[2409:8087:7000:20::4]:80/dbiptv.sn.chinamobile.com/PLTV/88888888/224/3221226582/1.m3u8, From: local, IPv_Type: ipv6, Location: 中国, ISP: 中国移动, Date: None, Delay: -1 ms, Speed: 0.00 M/s, Resolution: None
Name: 欢笑剧场, URL: http://z.b.bkpcp.top/m.php?id=hxjc, From: subscribe, IPv_Type: ipv6, Location: 美国, ISP: CloudFlare Inc., Date: None, Delay: -1 ms, Speed: 0.00 M/s, Resolution: None
Name: 欢笑剧场, URL: http://gat.bkpcp.top/ymg.php?id=hxjc, From: subscribe, IPv_Type: ipv6, Location: 美国, ISP: CloudFlare Inc., Date: None, Delay: -1 ms, Speed: 0.00 M/s, Resolution: None
Name: 欢笑剧场, URL: http://3501776.xyz:35455/itv/5000000002000009455.m3u8?cdn=bestzb, From: subscribe, IPv_Type: ipv6, Location: 美国, ISP: CloudFlare Inc., Date: None, Delay: -1 ms, Speed: 0.00 M/s, Resolution: None
Name: 欢笑剧场, URL: http://goo.bkpcp.top/mg/hxjc, From: subscribe, IPv_Type: ipv6, Location: 美国, ISP: CloudFlare Inc., Date: None, Delay: -1 ms, Speed: 0.00 M/s, Resolution: None
Name: 欢笑剧场, URL: https://zby.130519.xyz/PLTV/11/224/3221225771/index.m3u8, From: subscribe, IPv_Type: ipv6, Location: 美国, ISP: CloudFlare Inc., Date: None, Delay: -1 ms, Speed: 0.00 M/s, Resolution: None
Name: 欢笑剧场, URL: http://iptv.cdn.ha.chinamobile.com/PLTV/88888888/224/3221226704/index.m3u8, From: subscribe, IPv_Type: ipv6, Location: 中国, ISP: 中国移动, Date: None, Delay: -1 ms, Speed: 0.00 M/s, Resolution: None
Name: 欢笑剧场, URL: http://[2409:8087:5e00:24::1e]:6060/000000001000/5000000002000009455/1.m3u8, From: subscribe, IPv_Type: ipv6, Location: 中国, ISP: 中国移动, Date: None, Delay: -1 ms, Speed: 0.00 M/s, Resolution: None
Name: 欢笑剧场, URL: http://[2409:8087:1e01:20::3]/PLTV/11/224/3221225771/index.m3u8, From: subscribe, IPv_Type: ipv6, Location: 中国, ISP: 中国移动, Date: None, Delay: -1 ms, Speed: 0.00 M/s, Resolution: None
Name: 欢笑剧场, URL: http://[2409:8087:1e01:20::3]:80/PLTV/11/224/3221225771/index.m3u8, From: subscribe, IPv_Type: ipv6, Location: 中国, ISP: 中国移动, Date: None, Delay: -1 ms, Speed: 0.00 M/s, Resolution: None
Name: 欢笑剧场, URL: http://[2409:8087:1e01:20::3]/PLTV/11/224/3221225771/1.m3u8, From: subscribe, IPv_Type: ipv6, Location: 中国, ISP: 中国移动, Date: None, Delay: -1 ms, Speed: 0.00 M/s, Resolution: None
Name: 欢笑剧场, URL: http://k.061899.xyz/k.php?id=hxjc, From: subscribe, IPv_Type: ipv6, Location: 新加坡, ISP: Aceville Pte.Ltd., Date: None, Delay: -1 ms, Speed: 0.00 M/s, Resolution: None
Name: 欢笑剧场, URL: http://iptvrr.sh.chinamobile.com:6060/cms001/ch00000090990000001193/index.m3u8, From: subscribe, IPv_Type: ipv6, Location: 中国, ISP: 中国移动, Date: None, Delay: -1 ms, Speed: 0.00 M/s, Resolution: None
Name: 第一财经, URL: http://[2409:8087:7001:20:2::3]:80/dbiptv.sn.chinamobile.com/PLTV/88888893/224/3221226966/index.m3u8, From: local, IPv_Type: ipv6, Location: 中国, ISP: 中国移动, Date: None, Delay: -1 ms, Speed: 0.00 M/s, Resolution: None
Name: 第一财经, URL: https://zby.130519.xyz/PLTV/11/224/3221225737/index.m3u8, From: subscribe, IPv_Type: ipv6, Location: 美国, ISP: CloudFlare Inc., Date: None, Delay: -1 ms, Speed: 0.00 M/s, Resolution: None
Name: 第一财经, URL: http://bp-livetytv.bestv.cn/ch/bestvdycj.m3u8, From: subscribe, IPv_Type: ipv6, Location: 中国, ISP: 中国电信, Date: None, Delay: -1 ms, Speed: 0.00 M/s, Resolution: None
Name: 第一财经, URL: https://stream1.freetv.fun/di-yi-cai-jing-13.m3u8, From: subscribe, IPv_Type: ipv6, Location: 美国, ISP: CloudFlare Inc., Date: None, Delay: -1 ms, Speed: 0.00 M/s, Resolution: None
Name: 第一财经, URL: https://stream1.freetv.fun/ipv6-di-yi-cai-jing-8.m3u8, From: subscribe, IPv_Type: ipv6, Location: 美国, ISP: CloudFlare Inc., Date: None, Delay: -1 ms, Speed: 0.00 M/s, Resolution: None
Name: 第一财经, URL: http://ls.qingting.fm/live/276.m3u8, From: subscribe, IPv_Type: ipv6, Location: 美国, ISP: , Date: None, Delay: -1 ms, Speed: 0.00 M/s, Resolution: None
Name: 第一财经, URL: https://stream1.freetv.fun/di-yi-cai-jing-6.ctv, From: subscribe, IPv_Type: ipv6, Location: 美国, ISP: CloudFlare Inc., Date: None, Delay: -1 ms, Speed: 0.00 M/s, Resolution: None
Name: 第一财经, URL: https://stream1.freetv.fun/ipv6-di-yi-cai-jing-11.m3u8, From: subscribe, IPv_Type: ipv6, Location: 美国, ISP: CloudFlare Inc., Date: None, Delay: -1 ms, Speed: 0.00 M/s, Resolution: None
Name: 第一财经, URL: https://stream1.freetv.fun/ipv6-di-yi-cai-jing-6.m3u8, From: subscribe, IPv_Type: ipv6, Location: 美国, ISP: CloudFlare Inc., Date: None, Delay: -1 ms, Speed: 0.00 M/s, Resolution: None
Name: 第一财经, URL: https://stream1.freetv.fun/di-yi-cai-jing-12.m3u8, From: subscribe, IPv_Type: ipv6, Location: 美国, ISP: CloudFlare Inc., Date: None, Delay: -1 ms, Speed: 0.00 M/s, Resolution: None
Name: 第一财经, URL: https://stream1.freetv.fun/di-yi-cai-jing-5.m3u8, From: subscribe, IPv_Type: ipv6, Location: 美国, ISP: CloudFlare Inc., Date: None, Delay: -1 ms, Speed: 0.00 M/s, Resolution: None
Name: 第一财经, URL: https://stream1.freetv.fun/di-yi-cai-jing-2.m3u8, From: subscribe, IPv_Type: ipv6, Location: 美国, ISP: CloudFlare Inc., Date: None, Delay: -1 ms, Speed: 0.00 M/s, Resolution: None
Name: 第一财经, URL: https://stream1.freetv.fun/ipv6-di-yi-cai-jing-5.m3u8, From: subscribe, IPv_Type: ipv6, Location: 美国, ISP: CloudFlare Inc., Date: None, Delay: -1 ms, Speed: 0.00 M/s, Resolution: None
Name: 第一财经, URL: http://satellitepull.cnr.cn/live/wx32dycjgb/playlist.m3u8, From: subscribe, IPv_Type: ipv4, Location: 美国-伊利诺伊州-库克, ISP: 网宿CDN节点, Date: None, Delay: 144 ms, Speed: 0.68 M/s, Resolution: None
Name: 第一财经, URL: http://a1live.livecdn.yicai.com/live/radio_tv.m3u8, From: subscribe, IPv_Type: ipv4, Location: 中国-上海-上海, ISP: 电信, Date: None, Delay: 503 ms, Speed: 0.07 M/s, Resolution: None
Name: 武术世界, URL: http://[2409:8087:4c0a:22:1::11]:6410/170000001115/UmaiCHAN638078be5d654/index.m3u8?AuthInfo=toEYVdLfxymUP2l9NZpQI5%2BK6T7j%2FlRm%2BvbM9VO7bA0MVaBO3fffRWKM%2FzNpNYjRBAiSJylXYBAiox0V94ejMfwEtXXuH8b8M%2F%2FDznZB61s, From: local, IPv_Type: ipv6, Location: 中国, ISP: 中国移动, Date: None, Delay: -1 ms, Speed: 0.00 M/s, Resolution: None
Name: 文物宝库, URL: http://[2409:8087:4c0a:22:1::11]:6410/170000001115/UmaiCHAN638078a346161/index.m3u8?AuthInfo=toEYVdLfxymUP2l9NZpQI5%2BK6T7j%2FlRm%2BvbM9VO7bA199v9hZiIrZ%2B5X675R6%2FGDjgcqn5UaJ6D814KM9%2FvF7QwvFfeEXMAK7LltfEC%2FKQQ, From: local, IPv_Type: ipv6, Location: 中国, ISP: 中国移动, Date: None, Delay: -1 ms, Speed: 0.00 M/s, Resolution: None
Name: 文物宝库, URL: http://cdn.jdshipin.com:8880/hntv.php?id=wwbk, From: subscribe, IPv_Type: ipv6, Location: 美国, ISP: CloudFlare Inc., Date: None, Delay: -1 ms, Speed: 0.00 M/s, Resolution: None
Name: 文物宝库, URL: https://hls-gateway.vpstv.net/streams/708841.m3u8, From: subscribe, IPv_Type: ipv6, Location: 美国, ISP: CloudFlare Inc., Date: None, Delay: -1 ms, Speed: 0.00 M/s, Resolution: None
Name: 文物宝库, URL: http://tvcdn.stream3.hndt.com/tv/65b5a69d017e1000aa645bea00000000_transios/playlist.m3u8?wsSecret=6b514ea6368a43947665ceae1510bb42&wsTime=1766462425, From: subscribe, IPv_Type: ipv6, Location: 加拿大, ISP: , Date: None, Delay: -1 ms, Speed: 0.00 M/s, Resolution: None
Name: 文物宝库, URL: http://tvcdn.stream3.hndt.com/tv/65b5a69d017e1000aa645bea00000000_transios/playlist.m3u8?wsSecret=61a4f222ce44acf1b42f4014252f025d&wsTime=1766548833, From: subscribe, IPv_Type: ipv6, Location: 加拿大, ISP: , Date: None, Delay: -1 ms, Speed: 0.00 M/s, Resolution: None
Name: 文物宝库, URL: http://tvcdn.stream3.hndt.com/tv/65b5a69d017e1000aa645bea00000000_transios/playlist.m3u8?wsSecret=c936fd99e275a13da535e0b177957af1&wsTime=1766635242, From: subscribe, IPv_Type: ipv6, Location: 加拿大, ISP: , Date: None, Delay: -1 ms, Speed: 0.00 M/s, Resolution: None
Name: 文物宝库, URL: http://tvcdn.stream3.hndt.com/tv/65b5a69d017e1000aa645bea00000000_transios/playlist.m3u8?wsSecret=0ae66bb08572c1ed9113b43c3d047d13&wsTime=1766721640, From: subscribe, IPv_Type: ipv6, Location: 加拿大, ISP: , Date: None, Delay: -1 ms, Speed: 0.00 M/s, Resolution: None
Name: 文物宝库, URL: http://tvcdn.stream3.hndt.com/tv/65b5a69d017e1000aa645bea00000000_transios/playlist.m3u8?wsSecret=e59129534cd426dc0634cfa6424e9424&wsTime=1766808026, From: subscribe, IPv_Type: ipv6, Location: 加拿大, ISP: , Date: None, Delay: -1 ms, Speed: 0.00 M/s, Resolution: None
Name: 文物宝库, URL: http://tvcdn.stream3.hndt.com/tv/65b5a69d017e1000aa645bea00000000_transios/playlist.m3u8?wsSecret=c941e4314b8b06e2467e643840830005&wsTime=1766894434, From: subscribe, IPv_Type: ipv6, Location: 加拿大, ISP: , Date: None, Delay: -1 ms, Speed: 0.00 M/s, Resolution: None
Name: 文物宝库, URL: http://tvcdn.stream3.hndt.com/tv/65b5a69d017e1000aa645bea00000000_transios/playlist.m3u8?wsSecret=4d163dafa577f6dedc1599e71dc7597a&wsTime=1766980843, From: subscribe, IPv_Type: ipv6, Location: 加拿大, ISP: , Date: None, Delay: -1 ms, Speed: 0.00 M/s, Resolution: None
Name: 文物宝库, URL: http://tvcdn.stream3.hndt.com/tv/65b5a69d017e1000aa645bea00000000_transios/playlist.m3u8?wsSecret=c9e65438f6235ccf4bf36085c0f42526&wsTime=1767067246, From: subscribe, IPv_Type: ipv6, Location: 加拿大, ISP: , Date: None, Delay: -1 ms, Speed: 0.00 M/s, Resolution: None
Name: 文物宝库, URL: http://tvcdn.stream3.hndt.com/tv/65b5a69d017e1000aa645bea00000000_transios/playlist.m3u8?wsSecret=f058d5eed5d28948299ad3dc134c7ac1&wsTime=1767153645, From: subscribe, IPv_Type: ipv6, Location: 加拿大, ISP: , Date: None, Delay: -1 ms, Speed: 0.00 M/s, Resolution: None
Name: 文物宝库, URL: http://tvcdn.stream3.hndt.com/tv/65b5a69d017e1000aa645bea00000000_transios/playlist.m3u8?wsSecret=ac73e4d2555832cc062984cf8edfb441&wsTime=1767240036, From: subscribe, IPv_Type: ipv6, Location: 加拿大, ISP: , Date: None, Delay: -1 ms, Speed: 0.00 M/s, Resolution: None
Name: 文物宝库, URL: http://tvcdn.stream3.hndt.com/tv/65b5a69d017e1000aa645bea00000000_transios/playlist.m3u8?wsSecret=1162942eb34c11a91d734e7027096d70&wsTime=1767326438, From: subscribe, IPv_Type: ipv6, Location: 加拿大, ISP: , Date: None, Delay: -1 ms, Speed: 0.00 M/s, Resolution: None
Name: 文物宝库, URL: http://tvcdn.stream3.hndt.com/tv/65b5a69d017e1000aa645bea00000000_transios/playlist.m3u8?wsSecret=e6b9b7393d20bb7611ae0f6508de8639&wsTime=1767412832, From: subscribe, IPv_Type: ipv6, Location: 加拿大, ISP: , Date: None, Delay: -1 ms, Speed: 0.00 M/s, Resolution: None
Name: 文物宝库, URL: http://tvcdn.stream3.hndt.com/tv/65b5a69d017e1000aa645bea00000000_transios/playlist.m3u8?wsSecret=946ebc5dcb6b3bfc4e06436e8ae6cbb2&wsTime=1767499227, From: subscribe, IPv_Type: ipv6, Location: 加拿大, ISP: , Date: None, Delay: -1 ms, Speed: 0.00 M/s, Resolution: None
Name: 文物宝库, URL: http://tvcdn.stream3.hndt.com/tv/65b5a69d017e1000aa645bea00000000_transios/playlist.m3u8?wsSecret=e95f06409f74432052659945fdf2b4c0&wsTime=1767585628, From: subscribe, IPv_Type: ipv6, Location: 加拿大, ISP: , Date: None, Delay: -1 ms, Speed: 0.00 M/s, Resolution: None
Name: 文物宝库, URL: http://tvcdn.stream3.hndt.com/tv/65b5a69d017e1000aa645bea00000000_transios/playlist.m3u8?wsSecret=637997c6ec137230934d1bf7e85c13b9&wsTime=1767672029, From: subscribe, IPv_Type: ipv6, Location: 加拿大, ISP: , Date: None, Delay: -1 ms, Speed: 0.00 M/s, Resolution: None
Name: 文物宝库, URL: http://tvcdn.stream3.hndt.com/tv/65b5a69d017e1000aa645bea00000000_transios/playlist.m3u8?wsSecret=ff81831b27185bf13154e63f779d80f4&wsTime=1767758430, From: subscribe, IPv_Type: ipv6, Location: 加拿大, ISP: , Date: None, Delay: -1 ms, Speed: 0.00 M/s, Resolution: None
Name: 文物宝库, URL: http://tvgslb.hn.chinamobile.com:8089/180000001002/00000001000000000064000000308848/main.m3u8?stbid=, From: subscribe, IPv_Type: ipv6, Location: 中国, ISP: 中国移动, Date: None, Delay: -1 ms, Speed: 0.00 M/s, Resolution: None
Name: 文物宝库, URL: http://tvcdn.stream3.hndt.com/tv/65b5a69d017e1000aa645bea00000000_transios/playlist.m3u8?wsSecret=e7d1f3c96bde8189a203eccd87daf80e&wsTime=1767844758, From: subscribe, IPv_Type: ipv6, Location: 加拿大, ISP: , Date: None, Delay: -1 ms, Speed: 0.00 M/s, Resolution: None
Name: 文物宝库, URL: http://tvcdn.stream3.hndt.com/tv/65b5a69d017e1000aa645bea00000000_transios/playlist.m3u8?wsSecret=fc6bfd63a0e4cb807fdf5128fc37637e&wsTime=1767931168, From: subscribe, IPv_Type: ipv6, Location: 加拿大, ISP: , Date: None, Delay: -1 ms, Speed: 0.00 M/s, Resolution: None
Name: 文物宝库, URL: http://tvcdn.stream3.hndt.com/tv/65b5a69d017e1000aa645bea00000000_transios/playlist.m3u8?wsSecret=33e7032c1618fdc10bad57cbc2b6d759&wsTime=1768017580, From: subscribe, IPv_Type: ipv6, Location: 加拿大, ISP: , Date: None, Delay: -1 ms, Speed: 0.00 M/s, Resolution: None
Name: 文物宝库, URL: http://tvcdn.stream3.hndt.com/tv/65b5a69d017e1000aa645bea00000000_transios/playlist.m3u8?wsSecret=7e143aebfa63de97e61b43489f1c8378&wsTime=1768103975, From: subscribe, IPv_Type: ipv6, Location: 加拿大, ISP: , Date: None, Delay: -1 ms, Speed: 0.00 M/s, Resolution: None
Name: 文物宝库, URL: http://1.94.31.214/php/hntv.php?id=wwbk, From: subscribe, IPv_Type: ipv4, Location: 中国-上海-上海, ISP: 华为云, Date: None, Delay: 428 ms, Speed: 1.52 M/s, Resolution: 1920x1080
Name: 文物宝库, URL: http://help.lwfz.fun:8800/rtp/239.16.20.172:11720, From: subscribe, IPv_Type: ipv4, Location: 中国-河南-郑州, ISP: 电信, Date: None, Delay: 487 ms, Speed: 0.53 M/s, Resolution: 1920x1080
Name: 梨园, URL: http://[2409:8087:4c0a:22:1::11]:6410/170000001115/UmaiCHAN6380788ba7bed/index.m3u8?AuthInfo=toEYVdLfxymUP2l9NZpQI5%2BK6T7j%2FlRm%2BvbM9VO7bA0q1S1k1f36SqqriM0FZoFSAJRfCt8SS7X6sTRmXb81a8O4H%2FdroDKjLoDeaMQdyJQ, From: local, IPv_Type: ipv6, Location: 中国, ISP: 中国移动, Date: None, Delay: -1 ms, Speed: 0.00 M/s, Resolution: None
Name: 天元围棋, URL: http://[2409:8087:2001:20:2800:0:df6e:eb23]/ott.mobaibox.com/PLTV/3/224/3221228513/index.m3u8, From: local, IPv_Type: ipv6, Location: 中国, ISP: 中国移动, Date: None, Delay: -1 ms, Speed: 0.00 M/s, Resolution: None
Name: 天元围棋, URL: http://wouu.net:9977/udp/239.93.42.55:5140, From: subscribe, IPv_Type: ipv6, Location: 保留地址, ISP: 主机之间的链路本地地址, Date: None, Delay: -1 ms, Speed: 0.00 M/s, Resolution: None
Name: 弈坛春秋, URL: http://[2409:8087:7004:20:1000::22]:6610/yinhe/2/ch00000090990000001322/index.m3u8?virtualDomain=yinhe.live_hls.zte.com, From: local, IPv_Type: ipv6, Location: 中国, ISP: 中国移动, Date: None, Delay: -1 ms, Speed: 0.00 M/s, Resolution: None
Name: 劲爆体育, URL: http://[2409:8087:7000:20:1000::22]:6060/yinhe/2/ch00000090990000001326/index.m3u8?virtualDomain=yinhe.live_hls.zte.com, From: local, IPv_Type: ipv6, Location: 中国, ISP: 中国移动, Date: None, Delay: -1 ms, Speed: 0.00 M/s, Resolution: None
Name: 劲爆体育, URL: http://php.jdshipin.com/itv6s.php?cid=hnbblive&id=2000000002000000008, From: subscribe, IPv_Type: ipv6, Location: 美国, ISP: CloudFlare Inc., Date: None, Delay: -1 ms, Speed: 0.00 M/s, Resolution: None
Name: 劲爆体育, URL: http://z.b.bkpcp.top/m.php?id=jbty, From: subscribe, IPv_Type: ipv6, Location: 美国, ISP: CloudFlare Inc., Date: None, Delay: -1 ms, Speed: 0.00 M/s, Resolution: None
Name: 劲爆体育, URL: http://3501776.xyz:35455/itv/5000000002000029972.m3u8?cdn=bestzb, From: subscribe, IPv_Type: ipv6, Location: 美国, ISP: CloudFlare Inc., Date: None, Delay: -1 ms, Speed: 0.00 M/s, Resolution: None
Name: 劲爆体育, URL: http://goo.bkpcp.top/mg/jbty, From: subscribe, IPv_Type: ipv6, Location: 美国, ISP: CloudFlare Inc., Date: None, Delay: -1 ms, Speed: 0.00 M/s, Resolution: None
Name: 劲爆体育, URL: https://www.freetv.top/migu/796071336.m3u8?migutoken=1cc947d86cb584c31c31c88c005d55965238dbfff7ed75fca8451aed0b564786fde7e4b327e93b92dc96ef57e64e3bb56e8a9e921338080cdae817cb6125d8450b687659ecfee06be9c5d53ac6, From: subscribe, IPv_Type: ipv6, Location: 美国-加利福尼亚州-圣克拉拉, ISP: DigitalOcean, Date: None, Delay: -1 ms, Speed: 0.00 M/s, Resolution: None
Name: 劲爆体育, URL: https://www.freetv.top/migu/796071336.m3u8?migutoken=05144ee4526abc2f6a8d44a41f9e078ef10c1a9f8930d51d7f453315d3577b613eac76898b1e0965789f7010cd3f8a1bca3167ef6e625cb77fc2c575eec35c8d07aaff61dc4b79f75fc67ef667, From: subscribe, IPv_Type: ipv6, Location: 美国-加利福尼亚州-圣克拉拉, ISP: DigitalOcean, Date: None, Delay: -1 ms, Speed: 0.00 M/s, Resolution: None
Name: 凤凰中文, URL: http://[2409:8087:2001:20:2800:0:df6e:eb22]:80/ott.mobaibox.com/PLTV/3/224/3221228527/1.m3u8, From: local, IPv_Type: ipv6, Location: 中国, ISP: 中国移动, Date: None, Delay: -1 ms, Speed: 0.00 M/s, Resolution: None
Name: 凤凰中文, URL: http://iptv.diyp.site/公众号【DIYP】.php?key=gat5&id=7ab7c7d787d2a25089f090027098972a, From: subscribe, IPv_Type: ipv6, Location: 美国, ISP: CloudFlare Inc., Date: None, Delay: -1 ms, Speed: 0.00 M/s, Resolution: None
Name: 凤凰中文, URL: http://php.jdshipin.com:8880/TVOD/iptv.php?id=fhzw, From: subscribe, IPv_Type: ipv6, Location: 美国, ISP: CloudFlare Inc., Date: None, Delay: -1 ms, Speed: 0.00 M/s, Resolution: None
Name: 凤凰中文, URL: http://r.jdshipin.com/cCCzW, From: subscribe, IPv_Type: ipv6, Location: 美国, ISP: CloudFlare Inc., Date: None, Delay: -1 ms, Speed: 0.00 M/s, Resolution: None
Name: 凤凰中文, URL: http://cdn6.163189.xyz/163189/fhzw, From: subscribe, IPv_Type: ipv6, Location: 新加坡, ISP: Aceville Pte.Ltd., Date: None, Delay: -1 ms, Speed: 0.00 M/s, Resolution: None
Name: 凤凰中文, URL: https://mgev.188766.xyz/?migutoken=442b74b6732c0dce55bf059560846873&id=fhzw&pp=1, From: subscribe, IPv_Type: ipv6, Location: 美国, ISP: CloudFlare Inc., Date: None, Delay: -1 ms, Speed: 0.00 M/s, Resolution: None
Name: 凤凰中文, URL: https://mgev.188766.xyz/?migutoken=7731239a1f253a9827ffa1143a1e40db&id=hk_fhzw&type=dy, From: subscribe, IPv_Type: ipv6, Location: 美国, ISP: CloudFlare Inc., Date: None, Delay: -1 ms, Speed: 0.00 M/s, Resolution: None
Name: 凤凰中文, URL: http://php.jdshipin.com/TVOD/iptv.php?id=fhzw, From: subscribe, IPv_Type: ipv6, Location: 美国, ISP: CloudFlare Inc., Date: None, Delay: -1 ms, Speed: 0.00 M/s, Resolution: None
Name: 凤凰中文, URL: http://php.jdshipin.com/TVOD/iptv.php?id=fhzw2, From: subscribe, IPv_Type: ipv6, Location: 美国, ISP: CloudFlare Inc., Date: None, Delay: -1 ms, Speed: 0.00 M/s, Resolution: None
Name: 凤凰中文, URL: http://php.jdshipin.com/PLTV/iptv.php?id=fhzw, From: subscribe, IPv_Type: ipv6, Location: 美国, ISP: CloudFlare Inc., Date: None, Delay: -1 ms, Speed: 0.00 M/s, Resolution: None
Name: 凤凰中文, URL: https://cdn9.163189.xyz/smt3.1.1.php?id=phoenixtv_hd, From: subscribe, IPv_Type: ipv6, Location: 美国, ISP: CloudFlare Inc., Date: None, Delay: -1 ms, Speed: 0.00 M/s, Resolution: None
Name: 凤凰中文, URL: https://cdn6.101.qzz.io/163189/fhzw, From: subscribe, IPv_Type: ipv6, Location: 美国, ISP: CloudFlare Inc., Date: None, Delay: -1 ms, Speed: 0.00 M/s, Resolution: None
Name: 凤凰中文, URL: https://stream1.freetv.fun/4e695e885cc20b20b7e3ec874fe52ed75e27443778c8ff29e498c4c9d7cec4a0.m3u8, From: subscribe, IPv_Type: ipv6, Location: 美国, ISP: CloudFlare Inc., Date: None, Delay: -1 ms, Speed: 0.00 M/s, Resolution: None
Name: 凤凰中文, URL: https://stream1.freetv.fun/2b657a181daa345025199e7d6b8de95a1a87b19abceafbd16e2499a49da33c6f.m3u8, From: subscribe, IPv_Type: ipv6, Location: 美国, ISP: CloudFlare Inc., Date: None, Delay: -1 ms, Speed: 0.00 M/s, Resolution: None
Name: 凤凰中文, URL: https://stream1.freetv.fun/feng-huang-zhong-wen-10.m3u8, From: subscribe, IPv_Type: ipv6, Location: 美国, ISP: CloudFlare Inc., Date: None, Delay: -1 ms, Speed: 0.00 M/s, Resolution: None
Name: 凤凰中文, URL: https://stream1.freetv.fun/feng-huang-zhong-wen-4.ctv, From: subscribe, IPv_Type: ipv6, Location: 美国, ISP: CloudFlare Inc., Date: None, Delay: -1 ms, Speed: 0.00 M/s, Resolution: None
Name: 凤凰中文, URL: http://cdn.163189.xyz/live/fhzw/stream.m3u8, From: subscribe, IPv_Type: ipv6, Location: 美国, ISP: CloudFlare Inc., Date: None, Delay: -1 ms, Speed: 0.00 M/s, Resolution: None
Name: 凤凰中文, URL: https://stream1.freetv.fun/feng-huang-zhong-wen-15.ctv, From: subscribe, IPv_Type: ipv6, Location: 美国, ISP: CloudFlare Inc., Date: None, Delay: -1 ms, Speed: 0.00 M/s, Resolution: None
Name: 凤凰中文, URL: https://stream1.freetv.fun/feng-huang-zhong-wen-12.m3u8, From: subscribe, IPv_Type: ipv6, Location: 美国, ISP: CloudFlare Inc., Date: None, Delay: -1 ms, Speed: 0.00 M/s, Resolution: None
Name: 凤凰中文, URL: https://stream1.freetv.fun/feng-huang-zhong-wen-11.m3u8, From: subscribe, IPv_Type: ipv6, Location: 美国, ISP: CloudFlare Inc., Date: None, Delay: -1 ms, Speed: 0.00 M/s, Resolution: None
Name: 凤凰中文, URL: https://cdn.163189.xyz/live/fhzw/stream.m3u8, From: subscribe, IPv_Type: ipv6, Location: 美国, ISP: CloudFlare Inc., Date: None, Delay: -1 ms, Speed: 0.00 M/s, Resolution: None
Name: 凤凰中文, URL: https://stream1.freetv.fun/feng-huang-zhong-wen-5.ctv, From: subscribe, IPv_Type: ipv6, Location: 美国, ISP: CloudFlare Inc., Date: None, Delay: -1 ms, Speed: 0.00 M/s, Resolution: None
Name: 凤凰中文, URL: http://wouu.net:9977/rtp/239.93.0.162:2192?Cf=cfss.cc, From: subscribe, IPv_Type: ipv6, Location: 保留地址, ISP: 主机之间的链路本地地址, Date: None, Delay: -1 ms, Speed: 0.00 M/s, Resolution: None
Name: 凤凰中文, URL: https://stream1.freetv.fun/feng-huang-zhong-wen-4.m3u8, From: subscribe, IPv_Type: ipv6, Location: 美国, ISP: CloudFlare Inc., Date: None, Delay: -1 ms, Speed: 0.00 M/s, Resolution: None
Name: 凤凰中文, URL: https://stream1.freetv.fun/feng-huang-zhong-wen-12.ctv, From: subscribe, IPv_Type: ipv6, Location: 美国, ISP: CloudFlare Inc., Date: None, Delay: -1 ms, Speed: 0.00 M/s, Resolution: None
Name: 凤凰中文, URL: https://stream1.freetv.fun/feng-huang-zhong-wen-18.m3u8, From: subscribe, IPv_Type: ipv6, Location: 美国, ISP: CloudFlare Inc., Date: None, Delay: -1 ms, Speed: 0.00 M/s, Resolution: None
Name: 凤凰中文, URL: https://k44991.kylintv.tv/live/pxna_iphone.m3u8, From: subscribe, IPv_Type: ipv6, Location: 英国, ISP: , Date: None, Delay: -1 ms, Speed: 0.00 M/s, Resolution: None
Name: 凤凰中文, URL: https://mgev.188766.xyz/?migutoken=e2822040123bfdba4b24a6d3d064e2f2&id=fhzw&pp=1, From: subscribe, IPv_Type: ipv6, Location: 美国, ISP: CloudFlare Inc., Date: None, Delay: -1 ms, Speed: 0.00 M/s, Resolution: None
Name: 凤凰中文, URL: https://mgev.188766.xyz/?migutoken=b97e1ac14f48227bc47bbc325bed5b1a&id=hk_fhzw&type=dy, From: subscribe, IPv_Type: ipv6, Location: 美国, ISP: CloudFlare Inc., Date: None, Delay: -1 ms, Speed: 0.00 M/s, Resolution: None
Name: 凤凰中文, URL: https://cdn6.163189.xyz/163189/fhzw, From: subscribe, IPv_Type: ipv6, Location: 新加坡, ISP: Aceville Pte.Ltd., Date: None, Delay: -1 ms, Speed: 0.00 M/s, Resolution: None
Name: 凤凰中文, URL: https://mgev.188766.xyz/?migutoken=e1d4d736d68fb87823a5e235267630cf&id=fhzw&pp=1, From: subscribe, IPv_Type: ipv6, Location: 美国, ISP: CloudFlare Inc., Date: None, Delay: -1 ms, Speed: 0.00 M/s, Resolution: None
Name: 凤凰中文, URL: https://mgev.188766.xyz/?migutoken=eeb9c96770f27df8caaad0bab11e8558&id=hk_fhzw&type=dy, From: subscribe, IPv_Type: ipv6, Location: 美国, ISP: CloudFlare Inc., Date: None, Delay: -1 ms, Speed: 0.00 M/s, Resolution: None
Name: 凤凰中文, URL: https://mgev.188766.xyz/?migutoken=5fc9ece7e8ce3159ce33e6a2d0e9a453&id=fhzw&pp=1, From: subscribe, IPv_Type: ipv6, Location: 美国, ISP: CloudFlare Inc., Date: None, Delay: -1 ms, Speed: 0.00 M/s, Resolution: None
Name: 凤凰中文, URL: https://mgev.188766.xyz/?migutoken=4487c5141053e2cba5fa1bdf0409a78d&id=hk_fhzw&type=dy, From: subscribe, IPv_Type: ipv6, Location: 美国, ISP: CloudFlare Inc., Date: None, Delay: -1 ms, Speed: 0.00 M/s, Resolution: None
Name: 凤凰中文, URL: http://api.kkitv.itv888.vip:8080/streams/vny1wblsnch/index.m3u8, From: subscribe, IPv_Type: ipv6, Location: 美国, ISP: CloudFlare Inc., Date: None, Delay: -1 ms, Speed: 0.00 M/s, Resolution: None
Name: 凤凰中文, URL: https://mgev.188766.xyz/?migutoken=0e380dc6797a62395546a87128228d5f&id=fhzw&pp=1, From: subscribe, IPv_Type: ipv6, Location: 美国, ISP: CloudFlare Inc., Date: None, Delay: -1 ms, Speed: 0.00 M/s, Resolution: None
Name: 凤凰中文, URL: https://mgev.188766.xyz/?migutoken=5baf247fcd52f4d1a3bb3f917656807f&id=hk_fhzw&type=dy, From: subscribe, IPv_Type: ipv6, Location: 美国, ISP: CloudFlare Inc., Date: None, Delay: -1 ms, Speed: 0.00 M/s, Resolution: None
Name: 凤凰中文, URL: https://mgev.188766.xyz/?migutoken=7ecabc6e4d0fda8b32ce1b4fd78c8384&id=fhzw&pp=1, From: subscribe, IPv_Type: ipv6, Location: 美国, ISP: CloudFlare Inc., Date: None, Delay: -1 ms, Speed: 0.00 M/s, Resolution: None
Name: 凤凰中文, URL: https://mgev.188766.xyz/?migutoken=1be4209badbffd024231359a4817360a&id=hk_fhzw&type=dy, From: subscribe, IPv_Type: ipv6, Location: 美国, ISP: CloudFlare Inc., Date: None, Delay: -1 ms, Speed: 0.00 M/s, Resolution: None
Name: 凤凰中文, URL: https://mgev.188766.xyz/?migutoken=b4afeab843c626b8ac7e3a46e39985be&id=fhzw&pp=1, From: subscribe, IPv_Type: ipv6, Location: 美国, ISP: CloudFlare Inc., Date: None, Delay: -1 ms, Speed: 0.00 M/s, Resolution: None
Name: 凤凰中文, URL: https://mgev.188766.xyz/?migutoken=8668aeddbb3f5bef4cd279b12be09727&id=hk_fhzw&type=dy, From: subscribe, IPv_Type: ipv6, Location: 美国, ISP: CloudFlare Inc., Date: None, Delay: -1 ms, Speed: 0.00 M/s, Resolution: None
Name: 凤凰中文, URL: http://php.jdshipin.com:8880/smt.php?id=phoenixtv_hd, From: subscribe, IPv_Type: ipv6, Location: 美国, ISP: CloudFlare Inc., Date: None, Delay: -1 ms, Speed: 0.00 M/s, Resolution: None
Name: 凤凰中文, URL: https://smt.1678520.xyz/smt3.2.1.php?id=phoenixtv_hd, From: subscribe, IPv_Type: ipv6, Location: 美国, ISP: CloudFlare Inc., Date: None, Delay: -1 ms, Speed: 0.00 M/s, Resolution: None
Name: 凤凰中文, URL: https://mgev.188766.xyz/?migutoken=bad071b2a5fd6e32db5d8c7ba4762716&id=fhzw&pp=1, From: subscribe, IPv_Type: ipv6, Location: 美国, ISP: CloudFlare Inc., Date: None, Delay: -1 ms, Speed: 0.00 M/s, Resolution: None
Name: 凤凰中文, URL: https://mgev.188766.xyz/?migutoken=5d5ffcf4d957b9f6b8ce5ff319637a73&id=hk_fhzw&type=dy, From: subscribe, IPv_Type: ipv6, Location: 美国, ISP: CloudFlare Inc., Date: None, Delay: -1 ms, Speed: 0.00 M/s, Resolution: None
Name: 凤凰中文, URL: https://mgev.188766.xyz/?migutoken=73e231ffb7d6dab966af5072592cdfb9&id=fhzw&pp=1, From: subscribe, IPv_Type: ipv6, Location: 美国, ISP: CloudFlare Inc., Date: None, Delay: -1 ms, Speed: 0.00 M/s, Resolution: None
Name: 凤凰中文, URL: https://mgev.188766.xyz/?migutoken=30b2e32dfe0e05c253edb36d16a5a89a&id=hk_fhzw&type=dy, From: subscribe, IPv_Type: ipv6, Location: 美国, ISP: CloudFlare Inc., Date: None, Delay: -1 ms, Speed: 0.00 M/s, Resolution: None
Name: 凤凰中文, URL: https://mgev.188766.xyz/?migutoken=42633046a618a2b1133b699f11e8a7c6&id=fhzw&pp=1, From: subscribe, IPv_Type: ipv6, Location: 美国, ISP: CloudFlare Inc., Date: None, Delay: -1 ms, Speed: 0.00 M/s, Resolution: None
Name: 凤凰中文, URL: https://mgev.188766.xyz/?migutoken=54098d8470726555b391b735686709df&id=hk_fhzw&type=dy, From: subscribe, IPv_Type: ipv6, Location: 美国, ISP: CloudFlare Inc., Date: None, Delay: -1 ms, Speed: 0.00 M/s, Resolution: None
Name: 凤凰中文, URL: http://smt.veryfast.filegear-sg.me/smt3.2.1.php?id=phoenixtv_hd, From: subscribe, IPv_Type: ipv6, Location: 新加坡, ISP: Aceville Pte.Ltd., Date: None, Delay: -1 ms, Speed: 0.00 M/s, Resolution: None
Name: 凤凰中文, URL: https://mgev.188766.xyz/?migutoken=e4c7d0a63094c942a18caaa2a4cf344a&id=fhzw&pp=1, From: subscribe, IPv_Type: ipv6, Location: 美国, ISP: CloudFlare Inc., Date: None, Delay: -1 ms, Speed: 0.00 M/s, Resolution: None
Name: 凤凰中文, URL: https://mgev.188766.xyz/?migutoken=826165310855e49cbc2a4e5865891edd&id=hk_fhzw&type=dy, From: subscribe, IPv_Type: ipv6, Location: 美国, ISP: CloudFlare Inc., Date: None, Delay: -1 ms, Speed: 0.00 M/s, Resolution: None
Name: 凤凰中文, URL: https://mgev.188766.xyz/?migutoken=bd8c42afada62add75a152d045b2d7e6&id=fhzw&pp=1, From: subscribe, IPv_Type: ipv6, Location: 美国, ISP: CloudFlare Inc., Date: None, Delay: -1 ms, Speed: 0.00 M/s, Resolution: None
Name: 凤凰中文, URL: https://mgev.188766.xyz/?migutoken=347e42befbd26f105c2fe1320d6a9a21&id=hk_fhzw&type=dy, From: subscribe, IPv_Type: ipv6, Location: 美国, ISP: CloudFlare Inc., Date: None, Delay: -1 ms, Speed: 0.00 M/s, Resolution: None
Name: 凤凰中文, URL: https://mgev.188766.xyz/?migutoken=12be4b83f5fb693af3280ce9340fc853&id=fhzw&pp=1, From: subscribe, IPv_Type: ipv6, Location: 美国, ISP: CloudFlare Inc., Date: None, Delay: -1 ms, Speed: 0.00 M/s, Resolution: None
Name: 凤凰中文, URL: https://mgev.188766.xyz/?migutoken=a8593d75e0aa0dc4951e93da959bffab&id=hk_fhzw&type=dy, From: subscribe, IPv_Type: ipv6, Location: 美国, ISP: CloudFlare Inc., Date: None, Delay: -1 ms, Speed: 0.00 M/s, Resolution: None
Name: 凤凰中文, URL: https://mgev.188766.xyz/?migutoken=0451957317bed61e09b5b785e9eac1d5&id=fhzw&pp=1, From: subscribe, IPv_Type: ipv6, Location: 美国, ISP: CloudFlare Inc., Date: None, Delay: -1 ms, Speed: 0.00 M/s, Resolution: None
Name: 凤凰中文, URL: https://mgev.188766.xyz/?migutoken=0224b1dd1fdc41636947e27e5e4e9739&id=hk_fhzw&type=dy, From: subscribe, IPv_Type: ipv6, Location: 美国, ISP: CloudFlare Inc., Date: None, Delay: -1 ms, Speed: 0.00 M/s, Resolution: None
Name: 凤凰中文, URL: https://mgev.188766.xyz/?migutoken=4108e15d1e210ac6e898132fc6998b7f&id=fhzw&pp=1, From: subscribe, IPv_Type: ipv6, Location: 美国, ISP: CloudFlare Inc., Date: None, Delay: -1 ms, Speed: 0.00 M/s, Resolution: None
Name: 凤凰中文, URL: https://mgev.188766.xyz/?migutoken=f42977e1caeff80692b3ec7f9725e60e&id=hk_fhzw&type=dy, From: subscribe, IPv_Type: ipv6, Location: 美国, ISP: CloudFlare Inc., Date: None, Delay: -1 ms, Speed: 0.00 M/s, Resolution: None
Name: 凤凰中文, URL: https://mgev.188766.xyz/?migutoken=0cdd40606368f33c9c588d65872cee7a&id=fhzw&pp=1, From: subscribe, IPv_Type: ipv6, Location: 美国, ISP: CloudFlare Inc., Date: None, Delay: -1 ms, Speed: 0.00 M/s, Resolution: None
Name: 凤凰中文, URL: https://mgev.188766.xyz/?migutoken=31e78b1e690b64cd03437d6022a25072&id=hk_fhzw&type=dy, From: subscribe, IPv_Type: ipv6, Location: 美国, ISP: CloudFlare Inc., Date: None, Delay: -1 ms, Speed: 0.00 M/s, Resolution: None
Name: 凤凰中文, URL: https://mgev.188766.xyz/?migutoken=784745c248d093694be2883b4b59933f&id=fhzw&pp=1, From: subscribe, IPv_Type: ipv6, Location: 美国, ISP: CloudFlare Inc., Date: None, Delay: -1 ms, Speed: 0.00 M/s, Resolution: None
Name: 凤凰中文, URL: https://mgev.188766.xyz/?migutoken=238ce07d72ca0bd43ee80220e831b8da&id=hk_fhzw&type=dy, From: subscribe, IPv_Type: ipv6, Location: 美国, ISP: CloudFlare Inc., Date: None, Delay: -1 ms, Speed: 0.00 M/s, Resolution: None
Name: 凤凰中文, URL: http://k.061899.xyz/k.php?id=fhzw, From: subscribe, IPv_Type: ipv6, Location: 新加坡, ISP: Aceville Pte.Ltd., Date: None, Delay: -1 ms, Speed: 0.00 M/s, Resolution: None
Name: 凤凰中文, URL: https://5.edge.101.qzz.io/smt3.2.1.php?id=phoenixtv_hd, From: subscribe, IPv_Type: ipv6, Location: 新加坡, ISP: Aceville Pte.Ltd., Date: None, Delay: -1 ms, Speed: 0.00 M/s, Resolution: None
Name: 凤凰中文, URL: https://mgev.188766.xyz/?migutoken=18f2fd9289c7405c6c81962f16b977ba&id=fhzw&pp=1, From: subscribe, IPv_Type: ipv6, Location: 美国, ISP: CloudFlare Inc., Date: None, Delay: -1 ms, Speed: 0.00 M/s, Resolution: None
Name: 凤凰中文, URL: https://mgev.188766.xyz/?migutoken=4e3faf97ea143685d2560107ca82ec8b&id=hk_fhzw&type=dy, From: subscribe, IPv_Type: ipv6, Location: 美国, ISP: CloudFlare Inc., Date: None, Delay: -1 ms, Speed: 0.00 M/s, Resolution: None
Name: 凤凰中文, URL: https://mgev.188766.xyz/?migutoken=fb4ef1c568d0d431d16c8fb7aebcfeec&id=fhzw&pp=1, From: subscribe, IPv_Type: ipv6, Location: 美国, ISP: CloudFlare Inc., Date: None, Delay: -1 ms, Speed: 0.00 M/s, Resolution: None
Name: 凤凰中文, URL: https://mgev.188766.xyz/?migutoken=35920ffa885804f1cf58afd8fefd3667&id=hk_fhzw&type=dy, From: subscribe, IPv_Type: ipv6, Location: 美国, ISP: CloudFlare Inc., Date: None, Delay: -1 ms, Speed: 0.00 M/s, Resolution: None
Name: 凤凰中文, URL: https://mgev.188766.xyz/?migutoken=33d097fdc43f959564e5c6252de03dd2&id=fhzw&pp=1, From: subscribe, IPv_Type: ipv6, Location: 美国, ISP: CloudFlare Inc., Date: None, Delay: -1 ms, Speed: 0.00 M/s, Resolution: None
Name: 凤凰中文, URL: https://mgev.188766.xyz/?migutoken=888c81861e37d7040da05650635aa5bb&id=hk_fhzw&type=dy, From: subscribe, IPv_Type: ipv6, Location: 美国, ISP: CloudFlare Inc., Date: None, Delay: -1 ms, Speed: 0.00 M/s, Resolution: None
Name: 凤凰中文, URL: http://rihou.cc:555/tv/[Pd]凤凰中文, From: subscribe, IPv_Type: ipv4, Location: 中国-福建-福州, ISP: 电信, Date: None, Delay: 213 ms, Speed: 26.58 M/s, Resolution: None
Name: 凤凰中文, URL: https://cdn.iptv8k.top/dl/jrys.php?id=19&time=20240926215313&ip=111.229.253.40, From: subscribe, IPv_Type: ipv4, Location: 美国, ISP: CloudFlare节点, Date: None, Delay: 59 ms, Speed: 5.20 M/s, Resolution: 1920x1080
Name: 凤凰中文, URL: http://rihou.cc:555/tv/[Bx]凤凰中文, From: subscribe, IPv_Type: ipv4, Location: 中国-福建-福州, ISP: 电信, Date: None, Delay: 701 ms, Speed: 0.34 M/s, Resolution: None
Name: 凤凰资讯, URL: http://[2409:8087:2001:20:2800:0:df6e:eb19]:80/ott.mobaibox.com/PLTV/3/224/3221228524/1.m3u8, From: local, IPv_Type: ipv6, Location: 中国, ISP: 中国移动, Date: None, Delay: -1 ms, Speed: 0.00 M/s, Resolution: None
Name: 凤凰资讯, URL: http://iptv.diyp.site/公众号【DIYP】.php?key=gat5&id=7f4703c71abe60b90887a794355363c8, From: subscribe, IPv_Type: ipv6, Location: 美国, ISP: CloudFlare Inc., Date: None, Delay: -1 ms, Speed: 0.00 M/s, Resolution: None
Name: 凤凰资讯, URL: http://php.jdshipin.com:8880/TVOD/iptv.php?id=fhzx, From: subscribe, IPv_Type: ipv6, Location: 美国, ISP: CloudFlare Inc., Date: None, Delay: -1 ms, Speed: 0.00 M/s, Resolution: None
Name: 凤凰资讯, URL: http://r.jdshipin.com/0Rp07, From: subscribe, IPv_Type: ipv6, Location: 美国, ISP: CloudFlare Inc., Date: None, Delay: -1 ms, Speed: 0.00 M/s, Resolution: None
Name: 凤凰资讯, URL: http://api.kkitv.itv888.vip:8080/streams/wzt3qbit80m/index.m3u8, From: subscribe, IPv_Type: ipv6, Location: 美国, ISP: CloudFlare Inc., Date: None, Delay: -1 ms, Speed: 0.00 M/s, Resolution: None
Name: 凤凰资讯, URL: https://mgev.188766.xyz/?migutoken=53da8c40da01e0dca435861ea2536793&id=fhzx&pp=1, From: subscribe, IPv_Type: ipv6, Location: 美国, ISP: CloudFlare Inc., Date: None, Delay: -1 ms, Speed: 0.00 M/s, Resolution: None
Name: 凤凰资讯, URL: https://mgev.188766.xyz/?migutoken=9beaca43d9853af8a5a0b4002aea22b2&id=hk_fhzx&type=dy, From: subscribe, IPv_Type: ipv6, Location: 美国, ISP: CloudFlare Inc., Date: None, Delay: -1 ms, Speed: 0.00 M/s, Resolution: None
Name: 凤凰资讯, URL: http://php.jdshipin.com/TVOD/iptv.php?id=fhzx, From: subscribe, IPv_Type: ipv6, Location: 美国, ISP: CloudFlare Inc., Date: None, Delay: -1 ms, Speed: 0.00 M/s, Resolution: None
Name: 凤凰资讯, URL: http://php.jdshipin.com/TVOD/iptv.php?id=fhzx2, From: subscribe, IPv_Type: ipv6, Location: 美国, ISP: CloudFlare Inc., Date: None, Delay: -1 ms, Speed: 0.00 M/s, Resolution: None
Name: 凤凰资讯, URL: http://php.jdshipin.com/PLTV/iptv.php?id=fhzx, From: subscribe, IPv_Type: ipv6, Location: 美国, ISP: CloudFlare Inc., Date: None, Delay: -1 ms, Speed: 0.00 M/s, Resolution: None
Name: 凤凰资讯, URL: https://smart.pendy.dpdns.org/Smart.php?id=phoenixinfo_hd, From: subscribe, IPv_Type: ipv6, Location: 美国, ISP: CloudFlare Inc., Date: None, Delay: -1 ms, Speed: 0.00 M/s, Resolution: None
Name: 凤凰资讯, URL: http://php.jdshipin.com:8880/smt.php?id=phoenixinfo_hd, From: subscribe, IPv_Type: ipv6, Location: 美国, ISP: CloudFlare Inc., Date: None, Delay: -1 ms, Speed: 0.00 M/s, Resolution: None
Name: 凤凰资讯, URL: https://cdn9.163189.xyz/smt3.1.1.php?id=phoenixinfo_hd, From: subscribe, IPv_Type: ipv6, Location: 美国, ISP: CloudFlare Inc., Date: None, Delay: -1 ms, Speed: 0.00 M/s, Resolution: None
Name: 凤凰资讯, URL: https://cdn6.101.qzz.io/163189/fhzx, From: subscribe, IPv_Type: ipv6, Location: 美国, ISP: CloudFlare Inc., Date: None, Delay: -1 ms, Speed: 0.00 M/s, Resolution: None
Name: 凤凰资讯, URL: https://hls-gateway.vpstv.net/streams/476958.m3u8, From: subscribe, IPv_Type: ipv6, Location: 美国, ISP: CloudFlare Inc., Date: None, Delay: -1 ms, Speed: 0.00 M/s, Resolution: None
Name: 凤凰资讯, URL: https://stream1.freetv.fun/a5857ad51b58a0f7a8c9cbdf291571692b0eed9f5ab2cfce97a211260533c0d8.m3u8, From: subscribe, IPv_Type: ipv6, Location: 美国, ISP: CloudFlare Inc., Date: None, Delay: -1 ms, Speed: 0.00 M/s, Resolution: None
Name: 凤凰资讯, URL: https://stream1.freetv.fun/feng-huang-zi-xun-12.ctv, From: subscribe, IPv_Type: ipv6, Location: 美国, ISP: CloudFlare Inc., Date: None, Delay: -1 ms, Speed: 0.00 M/s, Resolution: None
Name: 凤凰资讯, URL: http://cdn3.163189.xyz/live/fhzx/stream.m3u8, From: subscribe, IPv_Type: ipv6, Location: 美国, ISP: CloudFlare Inc., Date: None, Delay: -1 ms, Speed: 0.00 M/s, Resolution: None
Name: 凤凰资讯, URL: http://cdn5.1678520.xyz:80/live/live2.1.php?id=fhzx, From: subscribe, IPv_Type: ipv6, Location: 美国, ISP: CloudFlare Inc., Date: None, Delay: -1 ms, Speed: 0.00 M/s, Resolution: None
Name: 凤凰资讯, URL: http://wouu.net:9977/rtp/239.93.0.118:2191?Cf=cfss.cc, From: subscribe, IPv_Type: ipv6, Location: 保留地址, ISP: 主机之间的链路本地地址, Date: None, Delay: -1 ms, Speed: 0.00 M/s, Resolution: None
Name: 凤凰资讯, URL: https://cdn3.163189.xyz/live/fhzx/stream.m3u8, From: subscribe, IPv_Type: ipv6, Location: 美国, ISP: CloudFlare Inc., Date: None, Delay: -1 ms, Speed: 0.00 M/s, Resolution: None
Name: 凤凰资讯, URL: https://stream1.freetv.fun/feng-huang-zi-xun-13.m3u8, From: subscribe, IPv_Type: ipv6, Location: 美国, ISP: CloudFlare Inc., Date: None, Delay: -1 ms, Speed: 0.00 M/s, Resolution: None
Name: 凤凰资讯, URL: https://stream1.freetv.fun/feng-huang-zi-xun-1.m3u8, From: subscribe, IPv_Type: ipv6, Location: 美国, ISP: CloudFlare Inc., Date: None, Delay: -1 ms, Speed: 0.00 M/s, Resolution: None
Name: 凤凰资讯, URL: https://stream1.freetv.fun/feng-huang-zi-xun-2.ctv, From: subscribe, IPv_Type: ipv6, Location: 美国, ISP: CloudFlare Inc., Date: None, Delay: -1 ms, Speed: 0.00 M/s, Resolution: None
Name: 凤凰资讯, URL: https://stream1.freetv.fun/feng-huang-zi-xun-22.ctv, From: subscribe, IPv_Type: ipv6, Location: 美国, ISP: CloudFlare Inc., Date: None, Delay: -1 ms, Speed: 0.00 M/s, Resolution: None
Name: 凤凰资讯, URL: https://stream1.freetv.fun/feng-huang-zi-xun-20.ctv, From: subscribe, IPv_Type: ipv6, Location: 美国, ISP: CloudFlare Inc., Date: None, Delay: -1 ms, Speed: 0.00 M/s, Resolution: None
Name: 凤凰资讯, URL: https://mgev.188766.xyz/?migutoken=0f54226eb3c19e1b17b0d9adf4b9f294&id=fhzx&pp=1, From: subscribe, IPv_Type: ipv6, Location: 美国, ISP: CloudFlare Inc., Date: None, Delay: -1 ms, Speed: 0.00 M/s, Resolution: None
Name: 凤凰资讯, URL: https://mgev.188766.xyz/?migutoken=82e3494fd632caee7bd88c0443789733&id=hk_fhzx&type=dy, From: subscribe, IPv_Type: ipv6, Location: 美国, ISP: CloudFlare Inc., Date: None, Delay: -1 ms, Speed: 0.00 M/s, Resolution: None
Name: 凤凰资讯, URL: http://cdn6.163189.xyz/163189/fhzx, From: subscribe, IPv_Type: ipv6, Location: 新加坡, ISP: Aceville Pte.Ltd., Date: None, Delay: -1 ms, Speed: 0.00 M/s, Resolution: None
Name: 凤凰资讯, URL: https://mgev.188766.xyz/?migutoken=0335aa16ea6372b7ea28964304c60a14&id=fhzx&pp=1, From: subscribe, IPv_Type: ipv6, Location: 美国, ISP: CloudFlare Inc., Date: None, Delay: -1 ms, Speed: 0.00 M/s, Resolution: None
Name: 凤凰资讯, URL: https://mgev.188766.xyz/?migutoken=d2a275de75be6fb600bd31d180aaf939&id=hk_fhzx&type=dy, From: subscribe, IPv_Type: ipv6, Location: 美国, ISP: CloudFlare Inc., Date: None, Delay: -1 ms, Speed: 0.00 M/s, Resolution: None
Name: 凤凰资讯, URL: https://mgev.188766.xyz/?migutoken=70e13bc7ed25e6566766b74c5d17d6fe&id=fhzx&pp=1, From: subscribe, IPv_Type: ipv6, Location: 美国, ISP: CloudFlare Inc., Date: None, Delay: -1 ms, Speed: 0.00 M/s, Resolution: None
Name: 凤凰资讯, URL: https://mgev.188766.xyz/?migutoken=85b1b6b5ff7fc5b9aec75bcdeb186228&id=hk_fhzx&type=dy, From: subscribe, IPv_Type: ipv6, Location: 美国, ISP: CloudFlare Inc., Date: None, Delay: -1 ms, Speed: 0.00 M/s, Resolution: None
Name: 凤凰资讯, URL: https://stream1.freetv.fun/feng-huang-zi-xun-19.m3u8, From: subscribe, IPv_Type: ipv6, Location: 美国, ISP: CloudFlare Inc., Date: None, Delay: -1 ms, Speed: 0.00 M/s, Resolution: None
Name: 凤凰资讯, URL: https://mgev.188766.xyz/?migutoken=686ae286f314f9f5a57c5ae6b07eb74c&id=fhzx&pp=1, From: subscribe, IPv_Type: ipv6, Location: 美国, ISP: CloudFlare Inc., Date: None, Delay: -1 ms, Speed: 0.00 M/s, Resolution: None
Name: 凤凰资讯, URL: https://mgev.188766.xyz/?migutoken=45d73bc1aea4de5f52a49d19a16a1ce4&id=hk_fhzx&type=dy, From: subscribe, IPv_Type: ipv6, Location: 美国, ISP: CloudFlare Inc., Date: None, Delay: -1 ms, Speed: 0.00 M/s, Resolution: None
Name: 凤凰资讯, URL: https://mgev.188766.xyz/?migutoken=112f985b4868204c0b1e638ba10fddfd&id=fhzx&pp=1, From: subscribe, IPv_Type: ipv6, Location: 美国, ISP: CloudFlare Inc., Date: None, Delay: -1 ms, Speed: 0.00 M/s, Resolution: None
Name: 凤凰资讯, URL: https://mgev.188766.xyz/?migutoken=3b42b62826206c451d222526827bcd9c&id=hk_fhzx&type=dy, From: subscribe, IPv_Type: ipv6, Location: 美国, ISP: CloudFlare Inc., Date: None, Delay: -1 ms, Speed: 0.00 M/s, Resolution: None
Name: 凤凰资讯, URL: https://stream1.freetv.fun/feng-huang-zi-xun-2.m3u8, From: subscribe, IPv_Type: ipv6, Location: 美国, ISP: CloudFlare Inc., Date: None, Delay: -1 ms, Speed: 0.00 M/s, Resolution: None
Name: 凤凰资讯, URL: https://stream1.freetv.fun/feng-huang-zi-xun-4.m3u8, From: subscribe, IPv_Type: ipv6, Location: 美国, ISP: CloudFlare Inc., Date: None, Delay: -1 ms, Speed: 0.00 M/s, Resolution: None
Name: 凤凰资讯, URL: https://mgev.188766.xyz/?migutoken=226b04ea9a8c4cd7f337114c8aefc9d2&id=fhzx&pp=1, From: subscribe, IPv_Type: ipv6, Location: 美国, ISP: CloudFlare Inc., Date: None, Delay: -1 ms, Speed: 0.00 M/s, Resolution: None
Name: 凤凰资讯, URL: https://mgev.188766.xyz/?migutoken=f99b44d97eb859cc317c0c1c05dab265&id=hk_fhzx&type=dy, From: subscribe, IPv_Type: ipv6, Location: 美国, ISP: CloudFlare Inc., Date: None, Delay: -1 ms, Speed: 0.00 M/s, Resolution: None
Name: 凤凰资讯, URL: https://smt.1678520.xyz/smt3.2.1.php?id=phoenixinfo_hd, From: subscribe, IPv_Type: ipv6, Location: 美国, ISP: CloudFlare Inc., Date: None, Delay: -1 ms, Speed: 0.00 M/s, Resolution: None
Name: 凤凰资讯, URL: https://mgev.188766.xyz/?migutoken=f27e82b44ccf37cd05d5c919dae5b43d&id=fhzx&pp=1, From: subscribe, IPv_Type: ipv6, Location: 美国, ISP: CloudFlare Inc., Date: None, Delay: -1 ms, Speed: 0.00 M/s, Resolution: None
Name: 凤凰资讯, URL: https://mgev.188766.xyz/?migutoken=43ef3e71705b93baba57a2f5acb82195&id=hk_fhzx&type=dy, From: subscribe, IPv_Type: ipv6, Location: 美国, ISP: CloudFlare Inc., Date: None, Delay: -1 ms, Speed: 0.00 M/s, Resolution: None
Name: 凤凰资讯, URL: https://k44991.kylintv.tv/live/pxinhd_iphone.m3u8, From: subscribe, IPv_Type: ipv6, Location: 英国, ISP: , Date: None, Delay: -1 ms, Speed: 0.00 M/s, Resolution: None
Name: 凤凰资讯, URL: https://mgev.188766.xyz/?migutoken=a837d95d3662de221c5c6c222a7b5e64&id=fhzx&pp=1, From: subscribe, IPv_Type: ipv6, Location: 美国, ISP: CloudFlare Inc., Date: None, Delay: -1 ms, Speed: 0.00 M/s, Resolution: None
Name: 凤凰资讯, URL: https://mgev.188766.xyz/?migutoken=ffaeb45067950eec25a865baccbff81b&id=hk_fhzx&type=dy, From: subscribe, IPv_Type: ipv6, Location: 美国, ISP: CloudFlare Inc., Date: None, Delay: -1 ms, Speed: 0.00 M/s, Resolution: None
Name: 凤凰资讯, URL: https://mgev.188766.xyz/?migutoken=f828fa401cdc3c61d7f13741c95cc463&id=fhzx&pp=1, From: subscribe, IPv_Type: ipv6, Location: 美国, ISP: CloudFlare Inc., Date: None, Delay: -1 ms, Speed: 0.00 M/s, Resolution: None
Name: 凤凰资讯, URL: https://mgev.188766.xyz/?migutoken=d0c5927dd948816300035a95a19893bc&id=hk_fhzx&type=dy, From: subscribe, IPv_Type: ipv6, Location: 美国, ISP: CloudFlare Inc., Date: None, Delay: -1 ms, Speed: 0.00 M/s, Resolution: None
Name: 凤凰资讯, URL: http://smt.veryfast.filegear-sg.me/smt3.2.1.php?id=phoenixinfo_hd, From: subscribe, IPv_Type: ipv6, Location: 新加坡, ISP: Aceville Pte.Ltd., Date: None, Delay: -1 ms, Speed: 0.00 M/s, Resolution: None
Name: 凤凰资讯, URL: https://mgev.188766.xyz/?migutoken=22ab2e9a42b8b908fb59432fc58964dc&id=fhzx&pp=1, From: subscribe, IPv_Type: ipv6, Location: 美国, ISP: CloudFlare Inc., Date: None, Delay: -1 ms, Speed: 0.00 M/s, Resolution: None
Name: 凤凰资讯, URL: https://mgev.188766.xyz/?migutoken=9f088b74a901716675112dbf52be4b2f&id=hk_fhzx&type=dy, From: subscribe, IPv_Type: ipv6, Location: 美国, ISP: CloudFlare Inc., Date: None, Delay: -1 ms, Speed: 0.00 M/s, Resolution: None
Name: 凤凰资讯, URL: https://mgev.188766.xyz/?migutoken=fb417f9b03e09cc54a93d964a262248a&id=fhzx&pp=1, From: subscribe, IPv_Type: ipv6, Location: 美国, ISP: CloudFlare Inc., Date: None, Delay: -1 ms, Speed: 0.00 M/s, Resolution: None
Name: 凤凰资讯, URL: https://mgev.188766.xyz/?migutoken=3059e6aa98f313f249bd4b95b1bacd80&id=hk_fhzx&type=dy, From: subscribe, IPv_Type: ipv6, Location: 美国, ISP: CloudFlare Inc., Date: None, Delay: -1 ms, Speed: 0.00 M/s, Resolution: None
Name: 凤凰资讯, URL: https://mgev.188766.xyz/?migutoken=adfb1d2973e98aca10144faea6fc37e6&id=fhzx&pp=1, From: subscribe, IPv_Type: ipv6, Location: 美国, ISP: CloudFlare Inc., Date: None, Delay: -1 ms, Speed: 0.00 M/s, Resolution: None
Name: 凤凰资讯, URL: https://mgev.188766.xyz/?migutoken=756f5118524370d4aedbb87fc2ff6ec3&id=hk_fhzx&type=dy, From: subscribe, IPv_Type: ipv6, Location: 美国, ISP: CloudFlare Inc., Date: None, Delay: -1 ms, Speed: 0.00 M/s, Resolution: None
Name: 凤凰资讯, URL: https://mgev.188766.xyz/?migutoken=0d5e9debc96e750c28a92bce01014518&id=fhzx&pp=1, From: subscribe, IPv_Type: ipv6, Location: 美国, ISP: CloudFlare Inc., Date: None, Delay: -1 ms, Speed: 0.00 M/s, Resolution: None
Name: 凤凰资讯, URL: https://mgev.188766.xyz/?migutoken=c6088f01a9938e4abafd0d8f82beba0f&id=hk_fhzx&type=dy, From: subscribe, IPv_Type: ipv6, Location: 美国, ISP: CloudFlare Inc., Date: None, Delay: -1 ms, Speed: 0.00 M/s, Resolution: None
Name: 凤凰资讯, URL: https://mgev.188766.xyz/?migutoken=aa829f0ac2db186c11ad14ab28ebef75&id=fhzx&pp=1, From: subscribe, IPv_Type: ipv6, Location: 美国, ISP: CloudFlare Inc., Date: None, Delay: -1 ms, Speed: 0.00 M/s, Resolution: None
Name: 凤凰资讯, URL: https://mgev.188766.xyz/?migutoken=9d475c99fea995c6695014c15f15e653&id=hk_fhzx&type=dy, From: subscribe, IPv_Type: ipv6, Location: 美国, ISP: CloudFlare Inc., Date: None, Delay: -1 ms, Speed: 0.00 M/s, Resolution: None
Name: 凤凰资讯, URL: https://mgev.188766.xyz/?migutoken=99597a2c73fffecc7f38d329515a69bc&id=fhzx&pp=1, From: subscribe, IPv_Type: ipv6, Location: 美国, ISP: CloudFlare Inc., Date: None, Delay: -1 ms, Speed: 0.00 M/s, Resolution: None
Name: 凤凰资讯, URL: https://mgev.188766.xyz/?migutoken=4e046cea780ecfad42cb2ef5ec1508e9&id=hk_fhzx&type=dy, From: subscribe, IPv_Type: ipv6, Location: 美国, ISP: CloudFlare Inc., Date: None, Delay: -1 ms, Speed: 0.00 M/s, Resolution: None
Name: 凤凰资讯, URL: https://mgev.188766.xyz/?migutoken=2e4f8e3b5bf483c0e59c2f091ac0c448&id=fhzx&pp=1, From: subscribe, IPv_Type: ipv6, Location: 美国, ISP: CloudFlare Inc., Date: None, Delay: -1 ms, Speed: 0.00 M/s, Resolution: None
Name: 凤凰资讯, URL: https://mgev.188766.xyz/?migutoken=88dc51f2f46b032755e2cc66c659831e&id=hk_fhzx&type=dy, From: subscribe, IPv_Type: ipv6, Location: 美国, ISP: CloudFlare Inc., Date: None, Delay: -1 ms, Speed: 0.00 M/s, Resolution: None
Name: 凤凰资讯, URL: https://5.edge.101.qzz.io/smt3.2.1.php?id=phoenixinfo_hd, From: subscribe, IPv_Type: ipv6, Location: 新加坡, ISP: Aceville Pte.Ltd., Date: None, Delay: -1 ms, Speed: 0.00 M/s, Resolution: None
Name: 凤凰资讯, URL: http://k.061899.xyz/k.php?id=fhzx, From: subscribe, IPv_Type: ipv6, Location: 新加坡, ISP: Aceville Pte.Ltd., Date: None, Delay: -1 ms, Speed: 0.00 M/s, Resolution: None
Name: 凤凰资讯, URL: https://mgev.188766.xyz/?migutoken=f352df04c8e5d3cf736bb2974fed3a2a&id=fhzx&pp=1, From: subscribe, IPv_Type: ipv6, Location: 美国, ISP: CloudFlare Inc., Date: None, Delay: -1 ms, Speed: 0.00 M/s, Resolution: None
Name: 凤凰资讯, URL: https://mgev.188766.xyz/?migutoken=013f3697c8c3e1b1884665e921d886ac&id=hk_fhzx&type=dy, From: subscribe, IPv_Type: ipv6, Location: 美国, ISP: CloudFlare Inc., Date: None, Delay: -1 ms, Speed: 0.00 M/s, Resolution: None
Name: 凤凰资讯, URL: https://mgev.188766.xyz/?migutoken=c9a99fee4a2e1e4162e440205e225233&id=fhzx&pp=1, From: subscribe, IPv_Type: ipv6, Location: 美国, ISP: CloudFlare Inc., Date: None, Delay: -1 ms, Speed: 0.00 M/s, Resolution: None
Name: 凤凰资讯, URL: https://mgev.188766.xyz/?migutoken=c62ea9edeecf8767fe57e9f9dfa82e87&id=hk_fhzx&type=dy, From: subscribe, IPv_Type: ipv6, Location: 美国, ISP: CloudFlare Inc., Date: None, Delay: -1 ms, Speed: 0.00 M/s, Resolution: None
Name: 凤凰资讯, URL: https://mgev.188766.xyz/?migutoken=34f4338a46dc98b8080ad11e650082e4&id=fhzx&pp=1, From: subscribe, IPv_Type: ipv6, Location: 美国, ISP: CloudFlare Inc., Date: None, Delay: -1 ms, Speed: 0.00 M/s, Resolution: None
Name: 凤凰资讯, URL: https://mgev.188766.xyz/?migutoken=b3a6a4786877932481b4efcda00261c2&id=hk_fhzx&type=dy, From: subscribe, IPv_Type: ipv6, Location: 美国, ISP: CloudFlare Inc., Date: None, Delay: -1 ms, Speed: 0.00 M/s, Resolution: None
Name: 凤凰资讯, URL: http://rihou.cc:555/tv/[Pd]凤凰资讯, From: subscribe, IPv_Type: ipv4, Location: 中国-福建-福州, ISP: 电信, Date: None, Delay: 242 ms, Speed: 25.25 M/s, Resolution: None
Name: 凤凰香港, URL: http://[2409:8087:2001:20:2800:0:df6e:eb22]:80/ott.mobaibox.com/PLTV/1/224/3221228530/1.m3u8, From: local, IPv_Type: ipv6, Location: 中国, ISP: 中国移动, Date: None, Delay: -1 ms, Speed: 0.00 M/s, Resolution: None
Name: 凤凰香港, URL: http://iptv.diyp.site/公众号【DIYP】.php?key=gat5&id=f2ad963332e3a496326ee97dc82c475e, From: subscribe, IPv_Type: ipv6, Location: 美国, ISP: CloudFlare Inc., Date: None, Delay: -1 ms, Speed: 0.00 M/s, Resolution: None
Name: 凤凰香港, URL: http://r.jdshipin.com/yDoTN, From: subscribe, IPv_Type: ipv6, Location: 美国, ISP: CloudFlare Inc., Date: None, Delay: -1 ms, Speed: 0.00 M/s, Resolution: None
Name: 凤凰香港, URL: http://r.jdshipin.com/NfC0f, From: subscribe, IPv_Type: ipv6, Location: 美国, ISP: CloudFlare Inc., Date: None, Delay: -1 ms, Speed: 0.00 M/s, Resolution: None
Name: 凤凰香港, URL: http://api.kkitv.itv888.vip:8080/streams/mty4v56ud39/index.m3u8, From: subscribe, IPv_Type: ipv6, Location: 美国, ISP: CloudFlare Inc., Date: None, Delay: -1 ms, Speed: 0.00 M/s, Resolution: None
Name: 凤凰香港, URL: http://cdn6.163189.xyz/163189/fhhk, From: subscribe, IPv_Type: ipv6, Location: 新加坡, ISP: Aceville Pte.Ltd., Date: None, Delay: -1 ms, Speed: 0.00 M/s, Resolution: None
Name: 凤凰香港, URL: http://php.jdshipin.com/TVOD/iptv.php?id=fhhk, From: subscribe, IPv_Type: ipv6, Location: 美国, ISP: CloudFlare Inc., Date: None, Delay: -1 ms, Speed: 0.00 M/s, Resolution: None
Name: 凤凰香港, URL: https://mgev.188766.xyz/?migutoken=dd787aaff7bffd321634442c314b2109&id=fhhk&pp=1, From: subscribe, IPv_Type: ipv6, Location: 美国, ISP: CloudFlare Inc., Date: None, Delay: -1 ms, Speed: 0.00 M/s, Resolution: None
Name: 凤凰香港, URL: https://mgev.188766.xyz/?migutoken=60201edaec29b4dedf3b8914db9f7f70&id=hk_fhhk&type=dy, From: subscribe, IPv_Type: ipv6, Location: 美国, ISP: CloudFlare Inc., Date: None, Delay: -1 ms, Speed: 0.00 M/s, Resolution: None
Name: 凤凰香港, URL: http://php.jdshipin.com/PLTV/iptv.php?id=fhhk, From: subscribe, IPv_Type: ipv6, Location: 美国, ISP: CloudFlare Inc., Date: None, Delay: -1 ms, Speed: 0.00 M/s, Resolution: None
Name: 凤凰香港, URL: https://smart.pendy.dpdns.org/Smart.php?id=hkphoenix_twn, From: subscribe, IPv_Type: ipv6, Location: 美国, ISP: CloudFlare Inc., Date: None, Delay: -1 ms, Speed: 0.00 M/s, Resolution: None
Name: 凤凰香港, URL: http://php.jdshipin.com:8880/TVOD/iptv.php?id=fhhk, From: subscribe, IPv_Type: ipv6, Location: 美国, ISP: CloudFlare Inc., Date: None, Delay: -1 ms, Speed: 0.00 M/s, Resolution: None
Name: 凤凰香港, URL: http://php.jdshipin.com:8880/smt.php?id=hkphoenix_twn, From: subscribe, IPv_Type: ipv6, Location: 美国, ISP: CloudFlare Inc., Date: None, Delay: -1 ms, Speed: 0.00 M/s, Resolution: None
Name: 凤凰香港, URL: https://cdn9.163189.xyz/smt3.1.1.php?id=hkphoenix_twn, From: subscribe, IPv_Type: ipv6, Location: 美国, ISP: CloudFlare Inc., Date: None, Delay: -1 ms, Speed: 0.00 M/s, Resolution: None
Name: 凤凰香港, URL: https://cdn6.101.qzz.io/163189/fhhk, From: subscribe, IPv_Type: ipv6, Location: 美国, ISP: CloudFlare Inc., Date: None, Delay: -1 ms, Speed: 0.00 M/s, Resolution: None
Name: 凤凰香港, URL: http://php.jdshipin.com/TVOD/iptv.php?id=fhhk2, From: subscribe, IPv_Type: ipv6, Location: 美国, ISP: CloudFlare Inc., Date: None, Delay: -1 ms, Speed: 0.00 M/s, Resolution: None
Name: 凤凰香港, URL: https://stream1.freetv.fun/feng-huang-xiang-gang-8.ctv, From: subscribe, IPv_Type: ipv6, Location: 美国, ISP: CloudFlare Inc., Date: None, Delay: -1 ms, Speed: 0.00 M/s, Resolution: None
Name: 凤凰香港, URL: https://epg.pw/stream/8770e89223a086eb1b8a0c931e42296d772a8069ad3eb72540e0c434e7cb3e93.m3u8, From: subscribe, IPv_Type: ipv6, Location: 美国, ISP: CloudFlare Inc., Date: None, Delay: -1 ms, Speed: 0.00 M/s, Resolution: None
Name: 凤凰香港, URL: https://stream1.freetv.fun/feng-huang-xiang-gang-5.ctv, From: subscribe, IPv_Type: ipv6, Location: 美国, ISP: CloudFlare Inc., Date: None, Delay: -1 ms, Speed: 0.00 M/s, Resolution: None
Name: 凤凰香港, URL: http://php.jdshipin.com:8880/TVOD/iptv.php?id=fhhk2, From: subscribe, IPv_Type: ipv6, Location: 美国, ISP: CloudFlare Inc., Date: None, Delay: -1 ms, Speed: 0.00 M/s, Resolution: None
Name: 凤凰香港, URL: https://mgev.188766.xyz/?migutoken=92f2d71918cdc2d9668ee2ab263b046e&id=fhhk&pp=1, From: subscribe, IPv_Type: ipv6, Location: 美国, ISP: CloudFlare Inc., Date: None, Delay: -1 ms, Speed: 0.00 M/s, Resolution: None
Name: 凤凰香港, URL: https://mgev.188766.xyz/?migutoken=f7b82ea9b415f7841680867ef7c61cca&id=hk_fhhk&type=dy, From: subscribe, IPv_Type: ipv6, Location: 美国, ISP: CloudFlare Inc., Date: None, Delay: -1 ms, Speed: 0.00 M/s, Resolution: None
Name: 凤凰香港, URL: https://mgev.188766.xyz/?migutoken=49a30deecdf26852477705b558c0bddb&id=fhhk&pp=1, From: subscribe, IPv_Type: ipv6, Location: 美国, ISP: CloudFlare Inc., Date: None, Delay: -1 ms, Speed: 0.00 M/s, Resolution: None
Name: 凤凰香港, URL: https://mgev.188766.xyz/?migutoken=900d2168e80f08f31c2119ee910d81f5&id=hk_fhhk&type=dy, From: subscribe, IPv_Type: ipv6, Location: 美国, ISP: CloudFlare Inc., Date: None, Delay: -1 ms, Speed: 0.00 M/s, Resolution: None
Name: 凤凰香港, URL: https://mgev.188766.xyz/?migutoken=bd592272db96d6426082408ac916b3a9&id=fhhk&pp=1, From: subscribe, IPv_Type: ipv6, Location: 美国, ISP: CloudFlare Inc., Date: None, Delay: -1 ms, Speed: 0.00 M/s, Resolution: None
Name: 凤凰香港, URL: https://mgev.188766.xyz/?migutoken=28ab54d9227b158ef456c6a71afceecb&id=hk_fhhk&type=dy, From: subscribe, IPv_Type: ipv6, Location: 美国, ISP: CloudFlare Inc., Date: None, Delay: -1 ms, Speed: 0.00 M/s, Resolution: None
Name: 凤凰香港, URL: https://mgev.188766.xyz/?migutoken=124cc357eca0f5b227d175736ee84250&id=fhhk&pp=1, From: subscribe, IPv_Type: ipv6, Location: 美国, ISP: CloudFlare Inc., Date: None, Delay: -1 ms, Speed: 0.00 M/s, Resolution: None
Name: 凤凰香港, URL: https://mgev.188766.xyz/?migutoken=3159d8f87fe24c736c2597ce158998b5&id=hk_fhhk&type=dy, From: subscribe, IPv_Type: ipv6, Location: 美国, ISP: CloudFlare Inc., Date: None, Delay: -1 ms, Speed: 0.00 M/s, Resolution: None
Name: 凤凰香港, URL: https://mgev.188766.xyz/?migutoken=bc4da2c847c972a5850c7aeb113b9970&id=fhhk&pp=1, From: subscribe, IPv_Type: ipv6, Location: 美国, ISP: CloudFlare Inc., Date: None, Delay: -1 ms, Speed: 0.00 M/s, Resolution: None
Name: 凤凰香港, URL: https://mgev.188766.xyz/?migutoken=40ffa9d4e50241b34fa9b89e52ecd6d8&id=hk_fhhk&type=dy, From: subscribe, IPv_Type: ipv6, Location: 美国, ISP: CloudFlare Inc., Date: None, Delay: -1 ms, Speed: 0.00 M/s, Resolution: None
Name: 凤凰香港, URL: https://mgev.188766.xyz/?migutoken=cb39619883a9d7923dfb042352a59c9f&id=fhhk&pp=1, From: subscribe, IPv_Type: ipv6, Location: 美国, ISP: CloudFlare Inc., Date: None, Delay: -1 ms, Speed: 0.00 M/s, Resolution: None
Name: 凤凰香港, URL: https://mgev.188766.xyz/?migutoken=eed64bed6957ac24ce2e4bb95be202a7&id=hk_fhhk&type=dy, From: subscribe, IPv_Type: ipv6, Location: 美国, ISP: CloudFlare Inc., Date: None, Delay: -1 ms, Speed: 0.00 M/s, Resolution: None
Name: 凤凰香港, URL: https://smt.1678520.xyz/smt3.2.1.php?id=hkphoenix_twn, From: subscribe, IPv_Type: ipv6, Location: 美国, ISP: CloudFlare Inc., Date: None, Delay: -1 ms, Speed: 0.00 M/s, Resolution: None
Name: 凤凰香港, URL: https://mgev.188766.xyz/?migutoken=0f215cbeea3647f7eef789db3f4782fb&id=fhhk&pp=1, From: subscribe, IPv_Type: ipv6, Location: 美国, ISP: CloudFlare Inc., Date: None, Delay: -1 ms, Speed: 0.00 M/s, Resolution: None
Name: 凤凰香港, URL: https://mgev.188766.xyz/?migutoken=54e16beaf4bb7c169d4306f6fbad4241&id=hk_fhhk&type=dy, From: subscribe, IPv_Type: ipv6, Location: 美国, ISP: CloudFlare Inc., Date: None, Delay: -1 ms, Speed: 0.00 M/s, Resolution: None
Name: 凤凰香港, URL: https://epg.pw/stream/5f16dc7fc8aaaed3205516c63e4a8c24bca9dbba1181684244729cf574505b0e.m3u8, From: subscribe, IPv_Type: ipv6, Location: 美国, ISP: CloudFlare Inc., Date: None, Delay: -1 ms, Speed: 0.00 M/s, Resolution: None
Name: 凤凰香港, URL: https://mgev.188766.xyz/?migutoken=e904c2cef5e20104771d2cff47f026be&id=fhhk&pp=1, From: subscribe, IPv_Type: ipv6, Location: 美国, ISP: CloudFlare Inc., Date: None, Delay: -1 ms, Speed: 0.00 M/s, Resolution: None
Name: 凤凰香港, URL: https://mgev.188766.xyz/?migutoken=0b2ceb8eacd1f9e8212c64e2b1abdec2&id=hk_fhhk&type=dy, From: subscribe, IPv_Type: ipv6, Location: 美国, ISP: CloudFlare Inc., Date: None, Delay: -1 ms, Speed: 0.00 M/s, Resolution: None
Name: 凤凰香港, URL: https://mgev.188766.xyz/?migutoken=9ed27a2752d7cb10b4413d37265fa9bf&id=fhhk&pp=1, From: subscribe, IPv_Type: ipv6, Location: 美国, ISP: CloudFlare Inc., Date: None, Delay: -1 ms, Speed: 0.00 M/s, Resolution: None
Name: 凤凰香港, URL: https://mgev.188766.xyz/?migutoken=230b7c357e590476cbc6a5207988bb1f&id=hk_fhhk&type=dy, From: subscribe, IPv_Type: ipv6, Location: 美国, ISP: CloudFlare Inc., Date: None, Delay: -1 ms, Speed: 0.00 M/s, Resolution: None
Name: 凤凰香港, URL: http://smt.veryfast.filegear-sg.me/smt3.2.1.php?id=hkphoenix_twn, From: subscribe, IPv_Type: ipv6, Location: 新加坡, ISP: Aceville Pte.Ltd., Date: None, Delay: -1 ms, Speed: 0.00 M/s, Resolution: None
Name: 凤凰香港, URL: https://mgev.188766.xyz/?migutoken=27e2be9d8909d507591ca809c6e83c2a&id=fhhk&pp=1, From: subscribe, IPv_Type: ipv6, Location: 美国, ISP: CloudFlare Inc., Date: None, Delay: -1 ms, Speed: 0.00 M/s, Resolution: None
Name: 凤凰香港, URL: https://mgev.188766.xyz/?migutoken=e83eae9be4038edfddf1c5f561510103&id=hk_fhhk&type=dy, From: subscribe, IPv_Type: ipv6, Location: 美国, ISP: CloudFlare Inc., Date: None, Delay: -1 ms, Speed: 0.00 M/s, Resolution: None
Name: 凤凰香港, URL: https://mgev.188766.xyz/?migutoken=28b75bdb146c5e6560a51d7e59a130a9&id=fhhk&pp=1, From: subscribe, IPv_Type: ipv6, Location: 美国, ISP: CloudFlare Inc., Date: None, Delay: -1 ms, Speed: 0.00 M/s, Resolution: None
Name: 凤凰香港, URL: https://mgev.188766.xyz/?migutoken=cd7941657c14f7cc0ab666c54f13ffe1&id=hk_fhhk&type=dy, From: subscribe, IPv_Type: ipv6, Location: 美国, ISP: CloudFlare Inc., Date: None, Delay: -1 ms, Speed: 0.00 M/s, Resolution: None
Name: 凤凰香港, URL: https://mgev.188766.xyz/?migutoken=6137f680501835369cef41785d94d0be&id=fhhk&pp=1, From: subscribe, IPv_Type: ipv6, Location: 美国, ISP: CloudFlare Inc., Date: None, Delay: -1 ms, Speed: 0.00 M/s, Resolution: None
Name: 凤凰香港, URL: https://mgev.188766.xyz/?migutoken=db21666235225e20cb7c32d906f84c47&id=hk_fhhk&type=dy, From: subscribe, IPv_Type: ipv6, Location: 美国, ISP: CloudFlare Inc., Date: None, Delay: -1 ms, Speed: 0.00 M/s, Resolution: None
Name: 凤凰香港, URL: https://mgev.188766.xyz/?migutoken=89bb7a64d82c1c5dea172ab39eaf207d&id=fhhk&pp=1, From: subscribe, IPv_Type: ipv6, Location: 美国, ISP: CloudFlare Inc., Date: None, Delay: -1 ms, Speed: 0.00 M/s, Resolution: None
Name: 凤凰香港, URL: https://mgev.188766.xyz/?migutoken=093a5c14126da1509cc52f9327ed7226&id=hk_fhhk&type=dy, From: subscribe, IPv_Type: ipv6, Location: 美国, ISP: CloudFlare Inc., Date: None, Delay: -1 ms, Speed: 0.00 M/s, Resolution: None
Name: 凤凰香港, URL: https://mgev.188766.xyz/?migutoken=150292ff28161f0f8510dfc4f8c7309f&id=fhhk&pp=1, From: subscribe, IPv_Type: ipv6, Location: 美国, ISP: CloudFlare Inc., Date: None, Delay: -1 ms, Speed: 0.00 M/s, Resolution: None
Name: 凤凰香港, URL: https://mgev.188766.xyz/?migutoken=54e504258ea357f208b473a9066bd7f2&id=hk_fhhk&type=dy, From: subscribe, IPv_Type: ipv6, Location: 美国, ISP: CloudFlare Inc., Date: None, Delay: -1 ms, Speed: 0.00 M/s, Resolution: None
Name: 凤凰香港, URL: https://mgev.188766.xyz/?migutoken=792e22ea1088c6cbd787f7606e7f7f0f&id=fhhk&pp=1, From: subscribe, IPv_Type: ipv6, Location: 美国, ISP: CloudFlare Inc., Date: None, Delay: -1 ms, Speed: 0.00 M/s, Resolution: None
Name: 凤凰香港, URL: https://mgev.188766.xyz/?migutoken=6896ca5fef10e305f6ed6d7ddb8967bd&id=hk_fhhk&type=dy, From: subscribe, IPv_Type: ipv6, Location: 美国, ISP: CloudFlare Inc., Date: None, Delay: -1 ms, Speed: 0.00 M/s, Resolution: None
Name: 凤凰香港, URL: https://mgev.188766.xyz/?migutoken=6f330e1e596901a1ae74667187e17c10&id=fhhk&pp=1, From: subscribe, IPv_Type: ipv6, Location: 美国, ISP: CloudFlare Inc., Date: None, Delay: -1 ms, Speed: 0.00 M/s, Resolution: None
Name: 凤凰香港, URL: https://mgev.188766.xyz/?migutoken=27e1357a5e200c41b589f285009128d0&id=hk_fhhk&type=dy, From: subscribe, IPv_Type: ipv6, Location: 美国, ISP: CloudFlare Inc., Date: None, Delay: -1 ms, Speed: 0.00 M/s, Resolution: None
Name: 凤凰香港, URL: https://migu.188766.xyz/?migutoken=cbf8f4f16f7ccdc07d7ccd8f9b012692&id=fhhk&pp=1, From: subscribe, IPv_Type: ipv6, Location: 美国, ISP: CloudFlare Inc., Date: None, Delay: -1 ms, Speed: 0.00 M/s, Resolution: None
Name: 凤凰香港, URL: http://k.061899.xyz/k.php?id=fhhk, From: subscribe, IPv_Type: ipv6, Location: 新加坡, ISP: Aceville Pte.Ltd., Date: None, Delay: -1 ms, Speed: 0.00 M/s, Resolution: None
Name: 凤凰香港, URL: https://mgev.188766.xyz/?migutoken=8035a56329080b77893b7b8938ffe4c7&id=fhhk&pp=1, From: subscribe, IPv_Type: ipv6, Location: 美国, ISP: CloudFlare Inc., Date: None, Delay: -1 ms, Speed: 0.00 M/s, Resolution: None
Name: 凤凰香港, URL: https://mgev.188766.xyz/?migutoken=be19b5e9591172f4661c81e715438c42&id=hk_fhhk&type=dy, From: subscribe, IPv_Type: ipv6, Location: 美国, ISP: CloudFlare Inc., Date: None, Delay: -1 ms, Speed: 0.00 M/s, Resolution: None
Name: 凤凰香港, URL: https://mgev.188766.xyz/?migutoken=7e6ac4f647397639a0b7d7ca69716b02&id=fhhk&pp=1, From: subscribe, IPv_Type: ipv6, Location: 美国, ISP: CloudFlare Inc., Date: None, Delay: -1 ms, Speed: 0.00 M/s, Resolution: None
Name: 凤凰香港, URL: https://mgev.188766.xyz/?migutoken=0b61cef4ab2c8c5e440c217551687732&id=hk_fhhk&type=dy, From: subscribe, IPv_Type: ipv6, Location: 美国, ISP: CloudFlare Inc., Date: None, Delay: -1 ms, Speed: 0.00 M/s, Resolution: None
Name: 凤凰香港, URL: https://mgev.188766.xyz/?migutoken=45cc07f63fabff94c7c3343527b1638b&id=fhhk&pp=1, From: subscribe, IPv_Type: ipv6, Location: 美国, ISP: CloudFlare Inc., Date: None, Delay: -1 ms, Speed: 0.00 M/s, Resolution: None
Name: 凤凰香港, URL: https://mgev.188766.xyz/?migutoken=940e91f840e50dfb138e47ac6e65b648&id=hk_fhhk&type=dy, From: subscribe, IPv_Type: ipv6, Location: 美国, ISP: CloudFlare Inc., Date: None, Delay: -1 ms, Speed: 0.00 M/s, Resolution: None
Name: 凤凰香港, URL: http://rihou.cc:555/tv/[Pd]凤凰香港, From: subscribe, IPv_Type: ipv4, Location: 中国-福建-福州, ISP: 电信, Date: None, Delay: 234 ms, Speed: 21.24 M/s, Resolution: None
Name: 凤凰香港, URL: https://cdn.iptv8k.top/dl/jrys.php?id=18&time=20240926215313&ip=111.229.253.40, From: subscribe, IPv_Type: ipv4, Location: 美国, ISP: CloudFlare节点, Date: None, Delay: 62 ms, Speed: 4.98 M/s, Resolution: 1920x1080
Name: CNA, URL: https://d2e1asnsl7br7b.cloudfront.net/7782e205e72f43aeb4a48ec97f66ebbe/index_5.m3u8, From: local, IPv_Type: ipv6, Location: 美国, ISP: Amazon, Date: None, Delay: -1 ms, Speed: 0.00 M/s, Resolution: None
Name: CNA, URL: https://live.catvod.com/live.php?id=cna&token=0b61ecab6a8b1b9720ed71fb87f6fbca200db53b38fa4d99559a9c67870158b7%3A1766453072%3AMjAuMTYxLjY3LjIxMA%3D%3D, From: subscribe, IPv_Type: ipv6, Location: 美国, ISP: CloudFlare Inc., Date: None, Delay: -1 ms, Speed: 0.00 M/s, Resolution: None
Name: CNA, URL: http://d2e1asnsl7br7b.cloudfront.net/7782e205e72f43aeb4a48ec97f66ebbe/index_5.m3u8, From: subscribe, IPv_Type: ipv6, Location: 美国, ISP: Amazon, Date: None, Delay: -1 ms, Speed: 0.00 M/s, Resolution: None
Name: CNA, URL: https://hls-gateway.vpstv.net/streams/709497.m3u8, From: subscribe, IPv_Type: ipv6, Location: 美国, ISP: CloudFlare Inc., Date: None, Delay: -1 ms, Speed: 0.00 M/s, Resolution: None
Name: CNA, URL: https://hls-gateway.vpstv.net/streams/476307.m3u8, From: subscribe, IPv_Type: ipv6, Location: 美国, ISP: CloudFlare Inc., Date: None, Delay: -1 ms, Speed: 0.00 M/s, Resolution: None
Name: CNA, URL: http://d2e1asnsl7br7b.cloudfront.net/7782e205e72f43aeb4a48ec97f66ebbe/index_4.m3u8, From: subscribe, IPv_Type: ipv6, Location: 美国, ISP: Amazon, Date: None, Delay: -1 ms, Speed: 0.00 M/s, Resolution: None
Name: CNA, URL: https://live.catvod.com/live.php?id=cna&token=f040757ef2d3c4c411ace841773025148b9b5d68334a57ac6ffb24153e9dcee9%3A1766539294%3ANTcuMTUxLjEzNy4xNTE%3D, From: subscribe, IPv_Type: ipv6, Location: 美国, ISP: CloudFlare Inc., Date: None, Delay: -1 ms, Speed: 0.00 M/s, Resolution: None
Name: CNA, URL: https://live.catvod.com/live.php?id=cna&token=c3b148eaa0cf3e73f68bbb8214ca7009a314fba36b4382af553595f74d512696%3A1766625897%3ANjguMjIwLjYyLjE4MA%3D%3D, From: subscribe, IPv_Type: ipv6, Location: 美国, ISP: CloudFlare Inc., Date: None, Delay: -1 ms, Speed: 0.00 M/s, Resolution: None
Name: CNA, URL: https://live.catvod.com/live.php?id=cna&token=efc3ef37cff66686064b2c9cba6efed7a0a22cc9ab8d0b153e2e25ba82a185bd%3A1766712138%3AMjAuMTA5LjM4LjI0NA%3D%3D, From: subscribe, IPv_Type: ipv6, Location: 美国, ISP: CloudFlare Inc., Date: None, Delay: -1 ms, Speed: 0.00 M/s, Resolution: None
Name: CNA, URL: https://live.catvod.com/live.php?id=cna&token=7d844f67677cff21515d8104fa2070ed17ca691f1c54e156fd44e3c25c055d24%3A1766798552%3AMTcyLjIxNC40NC40OQ%3D%3D, From: subscribe, IPv_Type: ipv6, Location: 美国, ISP: CloudFlare Inc., Date: None, Delay: -1 ms, Speed: 0.00 M/s, Resolution: None
Name: CNA, URL: https://live.catvod.com/live.php?id=cna, From: subscribe, IPv_Type: ipv6, Location: 美国, ISP: CloudFlare Inc., Date: None, Delay: -1 ms, Speed: 0.00 M/s, Resolution: None
Name: Arirang TV, URL: https://amdlive-ch01-ctnd-com.akamaized.net/arirang_1ch/smil:arirang_1ch.smil/chunklist_b3256000_sleng.m3u8, From: local, IPv_Type: ipv4, Location: 法国, ISP: Akamai节点, Date: None, Delay: 1787 ms, Speed: 0.48 M/s, Resolution: 1920x1080
Name: RT News, URL: https://rt-glb.rttv.com/dvr/rtnews/playlist_4500Kb.m3u8, From: local, IPv_Type: ipv4, Location: 俄罗斯, ISP: , Date: None, Delay: 1390 ms, Speed: 1.42 M/s, Resolution: 1920x1080
Name: RT Documentary, URL: https://rt-rtd.rttv.com/live/rtdoc/playlist_4500Kb.m3u8, From: local, IPv_Type: ipv4, Location: 俄罗斯, ISP: , Date: None, Delay: 1546 ms, Speed: 2.35 M/s, Resolution: 1920x1080
Name: CGTN, URL: http://[2409:8087:7000:20:1000::22]:6060/yinhe/2/ch00000090990000001024/index.m3u8?virtualDomain=yinhe.live_hls.zte.com, From: local, IPv_Type: ipv6, Location: 中国, ISP: 中国移动, Date: None, Delay: -1 ms, Speed: 0.00 M/s, Resolution: None
Name: CGTN, URL: https://dash4.antik.sk/live/test_cgtn/playlist.m3u8, From: subscribe, IPv_Type: ipv6, Location: 斯洛伐克, ISP: , Date: None, Delay: -1 ms, Speed: 0.00 M/s, Resolution: None
Name: CGTN, URL: https://live.catvod.com/live.php?id=CGTN&token=0ac8692727ea86f55f657508f43205048b7d6eb212dd77d7dca15c78f6a37154%3A1766453072%3AMjAuMTYxLjY3LjIxMA%3D%3D, From: subscribe, IPv_Type: ipv6, Location: 美国, ISP: CloudFlare Inc., Date: None, Delay: -1 ms, Speed: 0.00 M/s, Resolution: None
Name: CGTN, URL: https://hls-gateway.vpstv.net/streams/709501.m3u8, From: subscribe, IPv_Type: ipv6, Location: 美国, ISP: CloudFlare Inc., Date: None, Delay: -1 ms, Speed: 0.00 M/s, Resolution: None
Name: CGTN, URL: https://hls-gateway.vpstv.net/streams/709650.m3u8, From: subscribe, IPv_Type: ipv6, Location: 美国, ISP: CloudFlare Inc., Date: None, Delay: -1 ms, Speed: 0.00 M/s, Resolution: None
Name: CGTN, URL: http://english-livetx.cgtn.com/hls/yypdyyctzb_hd.m3u8, From: subscribe, IPv_Type: ipv6, Location: 新加坡, ISP: Aceville Pte.Ltd., Date: None, Delay: -1 ms, Speed: 0.00 M/s, Resolution: None
Name: CGTN, URL: http://[2409:8087:1a0a:df::4031]:80/ottrrs.hl.chinamobile.com/PLTV/88888888/224/3221225604/index.m3u8, From: subscribe, IPv_Type: ipv6, Location: 中国, ISP: 中国移动, Date: None, Delay: -1 ms, Speed: 0.00 M/s, Resolution: None
Name: CGTN, URL: https://0472.org/hls/cgtn.m3u8, From: subscribe, IPv_Type: ipv6, Location: 美国, ISP: CloudFlare Inc., Date: None, Delay: -1 ms, Speed: 0.00 M/s, Resolution: None
Name: CGTN, URL: https://live.catvod.com/live.php?id=CGTN&token=23655920411863a9b6123d8ea163b6ff40153e94a9bf822fecd2302a4fbe2875%3A1766539294%3ANTcuMTUxLjEzNy4xNTE%3D, From: subscribe, IPv_Type: ipv6, Location: 美国, ISP: CloudFlare Inc., Date: None, Delay: -1 ms, Speed: 0.00 M/s, Resolution: None
Name: CGTN, URL: https://live.catvod.com/live.php?id=CGTN&token=58b4f74869ded13549d057f1e39859af6729cc56cd674715e98e0ae9f8cf5a42%3A1766625897%3ANjguMjIwLjYyLjE4MA%3D%3D, From: subscribe, IPv_Type: ipv6, Location: 美国, ISP: CloudFlare Inc., Date: None, Delay: -1 ms, Speed: 0.00 M/s, Resolution: None
Name: CGTN, URL: https://live.catvod.com/live.php?id=CGTN&token=9c626970b5eb3becb310fb000ce575b912dc407063fd48b6c10f42c3a0500eb3%3A1766712138%3AMjAuMTA5LjM4LjI0NA%3D%3D, From: subscribe, IPv_Type: ipv6, Location: 美国, ISP: CloudFlare Inc., Date: None, Delay: -1 ms, Speed: 0.00 M/s, Resolution: None
Name: CGTN, URL: https://live.catvod.com/live.php?id=CGTN&token=0ee20b28db55e1eca807e9cce4fdbd0ba829499e9a4c95e6dcbc962446379ef9%3A1766798552%3AMTcyLjIxNC40NC40OQ%3D%3D, From: subscribe, IPv_Type: ipv6, Location: 美国, ISP: CloudFlare Inc., Date: None, Delay: -1 ms, Speed: 0.00 M/s, Resolution: None
Name: CGTN, URL: https://live.catvod.com/live.php?id=CGTN, From: subscribe, IPv_Type: ipv6, Location: 美国, ISP: CloudFlare Inc., Date: None, Delay: -1 ms, Speed: 0.00 M/s, Resolution: None
Name: CGTN, URL: https://english-liveali.cgtn.com/hls/yypdyyctzb/yypdyyctzbcd/playlist.m3u8, From: subscribe, IPv_Type: ipv4, Location: 美国, ISP: 阿里云, Date: None, Delay: 3645 ms, Speed: 1.40 M/s, Resolution: 1920x1080
Name: CGTN Documentary, URL: http://[2409:8087:7000:20:1000::22]:6060/yinhe/2/ch00000090990000002905/index.m3u8?virtualDomain=yinhe.live_hls.zte.com, From: local, IPv_Type: ipv6, Location: 中国, ISP: 中国移动, Date: None, Delay: -1 ms, Speed: 0.00 M/s, Resolution: None
Name: CGTN Documentary, URL: https://dash3.antik.sk/live/test_cgtn_doc/playlist.m3u8, From: subscribe, IPv_Type: ipv6, Location: 斯洛伐克, ISP: , Date: None, Delay: -1 ms, Speed: 0.00 M/s, Resolution: None
Name: CGTN Français, URL: http://[2409:8087:7000:20:1000::22]:6060/yinhe/2/ch00000090990000002827/index.m3u8?virtualDomain=yinhe.live_hls.zte.com, From: local, IPv_Type: ipv6, Location: 中国, ISP: 中国移动, Date: None, Delay: -1 ms, Speed: 0.00 M/s, Resolution: None
Name: CGTN Русский, URL: http://[2409:8087:7000:20:1000::22]:6060/yinhe/2/ch00000090990000002883/index.m3u8?virtualDomain=yinhe.live_hls.zte.com, From: local, IPv_Type: ipv6, Location: 中国, ISP: 中国移动, Date: None, Delay: -1 ms, Speed: 0.00 M/s, Resolution: None
Name: CGTN Español, URL: http://[2409:8087:7000:20:1000::22]:6060/yinhe/2/ch00000090990000002716/index.m3u8?virtualDomain=yinhe.live_hls.zte.com, From: local, IPv_Type: ipv6, Location: 中国, ISP: 中国移动, Date: None, Delay: -1 ms, Speed: 0.00 M/s, Resolution: None
Name: CGTN العربية, URL: http://[2409:8087:7000:20:1000::22]:6060/yinhe/2/ch00000090990000002826/index.m3u8?virtualDomain=yinhe.live_hls.zte.com, From: local, IPv_Type: ipv6, Location: 中国, ISP: 中国移动, Date: None, Delay: -1 ms, Speed: 0.00 M/s, Resolution: None
Name: 茶频道, URL: http://[2409:8087:7000:20:1000::22]:6060/yinhe/2/ch00000090990000002305/index.m3u8?virtualDomain=yinhe.live_hls.zte.com, From: local, IPv_Type: ipv6, Location: 中国, ISP: 中国移动, Date: None, Delay: -1 ms, Speed: 0.00 M/s, Resolution: None
Name: 茶频道, URL: http://drive.mxmy.net:8888/udp/239.3.1.165:8001, From: subscribe, IPv_Type: ipv4, Location: 中国-北京-北京, ISP: 联通, Date: None, Delay: 453 ms, Speed: 0.83 M/s, Resolution: 1920x1080
Name: 快乐垂钓, URL: http://[2409:8087:7000:20:1000::22]:6060/yinhe/2/ch00000090990000002264/index.m3u8?virtualDomain=yinhe.live_hls.zte.com, From: local, IPv_Type: ipv6, Location: 中国, ISP: 中国移动, Date: None, Delay: -1 ms, Speed: 0.00 M/s, Resolution: None
Name: 快乐垂钓, URL: http://php.jdshipin.com/itv6.php?cid=bestzb&id=5000000011000031206, From: subscribe, IPv_Type: ipv6, Location: 美国, ISP: CloudFlare Inc., Date: None, Delay: -1 ms, Speed: 0.00 M/s, Resolution: None
Name: 快乐垂钓, URL: https://hls-gateway.vpstv.net/streams/708835.m3u8, From: subscribe, IPv_Type: ipv6, Location: 美国, ISP: CloudFlare Inc., Date: None, Delay: -1 ms, Speed: 0.00 M/s, Resolution: None
Name: 快乐垂钓, URL: https://migu.188766.xyz/?migutoken=786b1099b98396dd627cb3dc7218143f&id=%E5%BF%AB%E4%B9%90%E5%9E%82%E9%92%93&type=yy, From: subscribe, IPv_Type: ipv6, Location: 美国, ISP: CloudFlare Inc., Date: None, Delay: -1 ms, Speed: 0.00 M/s, Resolution: None
Name: 快乐垂钓, URL: https://migu.188766.xyz/?migutoken=eb6bd2a86f08587ae39231c4be8be5c6&id=%E5%BF%AB%E4%B9%90%E5%9E%82%E9%92%93&type=yy, From: subscribe, IPv_Type: ipv6, Location: 美国, ISP: CloudFlare Inc., Date: None, Delay: -1 ms, Speed: 0.00 M/s, Resolution: None
Name: 金鹰纪实, URL: http://[2409:8087:7000:20:1000::22]:6060/yinhe/2/ch00000090990000001699/index.m3u8?virtualDomain=yinhe.live_hls.zte.com, From: local, IPv_Type: ipv6, Location: 中国, ISP: 中国移动, Date: None, Delay: -1 ms, Speed: 0.00 M/s, Resolution: None
Name: 金鹰纪实, URL: http://iptv.huuc.edu.cn/hls/gedocu.m3u8, From: subscribe, IPv_Type: ipv6, Location: 中国, ISP: 教育网, Date: None, Delay: -1 ms, Speed: 0.00 M/s, Resolution: None
Name: 金鹰纪实, URL: http://rrs01.hw.gmcc.net:8088/PLTV/81/224/3221226667/1.m3u8, From: subscribe, IPv_Type: ipv6, Location: 中国, ISP: 中国移动, Date: None, Delay: -1 ms, Speed: 0.00 M/s, Resolution: None
Name: 金鹰纪实, URL: https://hls-gateway.vpstv.net/streams/708834.m3u8, From: subscribe, IPv_Type: ipv6, Location: 美国, ISP: CloudFlare Inc., Date: None, Delay: -1 ms, Speed: 0.00 M/s, Resolution: None
Name: 金鹰纪实, URL: https://stream1.freetv.fun/jin-ying-ji-shi-35.m3u8, From: subscribe, IPv_Type: ipv6, Location: 美国, ISP: CloudFlare Inc., Date: None, Delay: -1 ms, Speed: 0.00 M/s, Resolution: None
Name: 金鹰纪实, URL: https://stream1.freetv.fun/jin-ying-ji-shi-22.ctv, From: subscribe, IPv_Type: ipv6, Location: 美国, ISP: CloudFlare Inc., Date: None, Delay: -1 ms, Speed: 0.00 M/s, Resolution: None
Name: 金鹰纪实, URL: https://stream1.freetv.fun/jin-ying-ji-shi-2.ctv, From: subscribe, IPv_Type: ipv6, Location: 美国, ISP: CloudFlare Inc., Date: None, Delay: -1 ms, Speed: 0.00 M/s, Resolution: None
Name: 金鹰纪实, URL: https://stream1.freetv.fun/jin-ying-ji-shi-23.m3u8, From: subscribe, IPv_Type: ipv6, Location: 美国, ISP: CloudFlare Inc., Date: None, Delay: -1 ms, Speed: 0.00 M/s, Resolution: None
Name: 金鹰纪实, URL: https://stream1.freetv.fun/jin-ying-ji-shi-37.m3u8, From: subscribe, IPv_Type: ipv6, Location: 美国, ISP: CloudFlare Inc., Date: None, Delay: -1 ms, Speed: 0.00 M/s, Resolution: None
Name: 金鹰纪实, URL: https://stream1.freetv.fun/jin-ying-ji-shi-9.m3u8, From: subscribe, IPv_Type: ipv6, Location: 美国, ISP: CloudFlare Inc., Date: None, Delay: -1 ms, Speed: 0.00 M/s, Resolution: None
Name: 金鹰纪实, URL: https://stream1.freetv.fun/jin-ying-ji-shi-1.ctv, From: subscribe, IPv_Type: ipv6, Location: 美国, ISP: CloudFlare Inc., Date: None, Delay: -1 ms, Speed: 0.00 M/s, Resolution: None
Name: 金鹰卡通, URL: http://[2409:8087:4c0a:22:1::11]:6410/170000001115/UmaiCHAN6000057BESTVSMGSMG/index.m3u8?AuthInfo=9kOOdBn7MFF%2F2bWjKgahUTWDyIgRkFJBAHMhA2ayG0T0ZQXwaiVktPr6ILPKXqwOw2VoxnxHvBSRSzCCC3szSwIgrD0rUpRXeaqChwLXCf0, From: local, IPv_Type: ipv6, Location: 中国, ISP: 中国移动, Date: None, Delay: -1 ms, Speed: 0.00 M/s, Resolution: None
Name: 金鹰卡通, URL: http://3501776.xyz:35455/itv/5000000006000040024.m3u8?cdn=bestzb, From: subscribe, IPv_Type: ipv6, Location: 美国, ISP: CloudFlare Inc., Date: None, Delay: -1 ms, Speed: 0.00 M/s, Resolution: None
Name: 金鹰卡通, URL: https://zby.130519.xyz/PLTV/11/224/3221226094/index.m3u8, From: subscribe, IPv_Type: ipv6, Location: 美国, ISP: CloudFlare Inc., Date: None, Delay: -1 ms, Speed: 0.00 M/s, Resolution: None
Name: 金鹰卡通, URL: https://stream1.freetv.fun/jin-ying-qia-tong-22.m3u8, From: subscribe, IPv_Type: ipv6, Location: 美国, ISP: CloudFlare Inc., Date: None, Delay: -1 ms, Speed: 0.00 M/s, Resolution: None
Name: 金鹰卡通, URL: https://stream1.freetv.fun/jin-ying-qia-tong-34.m3u8, From: subscribe, IPv_Type: ipv6, Location: 美国, ISP: CloudFlare Inc., Date: None, Delay: -1 ms, Speed: 0.00 M/s, Resolution: None
Name: 金鹰卡通, URL: https://stream1.freetv.fun/jin-ying-qia-tong-13.m3u8, From: subscribe, IPv_Type: ipv6, Location: 美国, ISP: CloudFlare Inc., Date: None, Delay: -1 ms, Speed: 0.00 M/s, Resolution: None
Name: 金鹰卡通, URL: https://stream1.freetv.fun/jin-ying-qia-tong-10.m3u8, From: subscribe, IPv_Type: ipv6, Location: 美国, ISP: CloudFlare Inc., Date: None, Delay: -1 ms, Speed: 0.00 M/s, Resolution: None
Name: 金鹰卡通, URL: https://stream1.freetv.fun/jin-ying-qia-tong-39.m3u8, From: subscribe, IPv_Type: ipv6, Location: 美国, ISP: CloudFlare Inc., Date: None, Delay: -1 ms, Speed: 0.00 M/s, Resolution: None
Name: 金鹰卡通, URL: https://stream1.freetv.fun/jin-ying-qia-tong-11.m3u8, From: subscribe, IPv_Type: ipv6, Location: 美国, ISP: CloudFlare Inc., Date: None, Delay: -1 ms, Speed: 0.00 M/s, Resolution: None
Name: 金鹰卡通, URL: https://stream1.freetv.fun/jin-ying-qia-tong-gao-qing-1.m3u8, From: subscribe, IPv_Type: ipv6, Location: 美国, ISP: CloudFlare Inc., Date: None, Delay: -1 ms, Speed: 0.00 M/s, Resolution: None
Name: 金鹰卡通, URL: https://stream1.freetv.fun/jin-ying-qia-tong-9.ctv, From: subscribe, IPv_Type: ipv6, Location: 美国, ISP: CloudFlare Inc., Date: None, Delay: -1 ms, Speed: 0.00 M/s, Resolution: None
Name: 金鹰卡通, URL: https://stream1.freetv.fun/jin-ying-qia-tong-32.ctv, From: subscribe, IPv_Type: ipv6, Location: 美国, ISP: CloudFlare Inc., Date: None, Delay: -1 ms, Speed: 0.00 M/s, Resolution: None
Name: 金鹰卡通, URL: https://stream1.freetv.fun/jin-ying-qia-tong-19.m3u8, From: subscribe, IPv_Type: ipv6, Location: 美国, ISP: CloudFlare Inc., Date: None, Delay: -1 ms, Speed: 0.00 M/s, Resolution: None
Name: 金鹰卡通, URL: http://101.66.198.35:9901/tsfile/live/1000_1.m3u8?key=txiptv&playlive=0&authid=0, From: subscribe, IPv_Type: ipv4, Location: 中国-浙江-金华, ISP: 联通, Date: None, Delay: 10875 ms, Speed: 0.07 M/s, Resolution: None
Name: 金鹰卡通, URL: http://101.66.198.138:9901/tsfile/live/1000_1.m3u8?key=txiptv&playlive=0&authid=0, From: subscribe, IPv_Type: ipv4, Location: 中国-浙江-金华, ISP: 联通, Date: None, Delay: 10563 ms, Speed: 0.01 M/s, Resolution: None
Name: 金鹰卡通, URL: http://101.66.199.201:9901/tsfile/live/1000_1.m3u8?key=txiptv&playlive=0&authid=0, From: subscribe, IPv_Type: ipv4, Location: 中国-浙江-金华, ISP: 联通, Date: None, Delay: 10939 ms, Speed: 0.00 M/s, Resolution: None
Name: 先锋乒羽, URL: https://hls-gateway.vpstv.net/streams/708971.m3u8, From: subscribe, IPv_Type: ipv6, Location: 美国, ISP: CloudFlare Inc., Date: None, Delay: -1 ms, Speed: 0.00 M/s, Resolution: None
Name: 先锋乒羽, URL: http://tvgslb.hn.chinamobile.com:8089/180000001002/00000000000000020000000000182319/main.m3u8?stbid=, From: subscribe, IPv_Type: ipv6, Location: 中国, ISP: 中国移动, Date: None, Delay: -1 ms, Speed: 0.00 M/s, Resolution: None
Name: 湖南经视, URL: http://php.jdshipin.com:8880/TVOD/iptv.php?id=hnjs, From: subscribe, IPv_Type: ipv6, Location: 美国, ISP: CloudFlare Inc., Date: None, Delay: -1 ms, Speed: 0.00 M/s, Resolution: None
Name: 湖南经视, URL: https://stream1.freetv.fun/hu-nan-jing-shi-6.m3u8, From: subscribe, IPv_Type: ipv6, Location: 美国, ISP: CloudFlare Inc., Date: None, Delay: -1 ms, Speed: 0.00 M/s, Resolution: None
Name: 湖南经视, URL: https://stream1.freetv.fun/hu-nan-jing-shi-1.m3u8, From: subscribe, IPv_Type: ipv6, Location: 美国, ISP: CloudFlare Inc., Date: None, Delay: -1 ms, Speed: 0.00 M/s, Resolution: None
Name: 湖南经视, URL: https://stream1.freetv.fun/hu-nan-jing-shi-15.ctv, From: subscribe, IPv_Type: ipv6, Location: 美国, ISP: CloudFlare Inc., Date: None, Delay: -1 ms, Speed: 0.00 M/s, Resolution: None
Name: 湖南经视, URL: https://stream1.freetv.fun/hu-nan-jing-shi-5.m3u8, From: subscribe, IPv_Type: ipv6, Location: 美国, ISP: CloudFlare Inc., Date: None, Delay: -1 ms, Speed: 0.00 M/s, Resolution: None
Name: 湖南经视, URL: https://stream1.freetv.fun/hu-nan-jing-shi-2.m3u8, From: subscribe, IPv_Type: ipv6, Location: 美国, ISP: CloudFlare Inc., Date: None, Delay: -1 ms, Speed: 0.00 M/s, Resolution: None
Name: 湖南经视, URL: https://stream1.freetv.fun/hu-nan-jing-shi-4.m3u8, From: subscribe, IPv_Type: ipv6, Location: 美国, ISP: CloudFlare Inc., Date: None, Delay: -1 ms, Speed: 0.00 M/s, Resolution: None
Name: 湖南经视, URL: https://stream1.freetv.fun/hu-nan-jing-shi-10.ctv, From: subscribe, IPv_Type: ipv6, Location: 美国, ISP: CloudFlare Inc., Date: None, Delay: -1 ms, Speed: 0.00 M/s, Resolution: None
Name: 湖南经视, URL: https://stream1.freetv.fun/hu-nan-jing-shi-9.m3u8, From: subscribe, IPv_Type: ipv6, Location: 美国, ISP: CloudFlare Inc., Date: None, Delay: -1 ms, Speed: 0.00 M/s, Resolution: None
Name: 湖南都市, URL: http://php.jdshipin.com:8880/TVOD/iptv.php?id=hnds, From: subscribe, IPv_Type: ipv6, Location: 美国, ISP: CloudFlare Inc., Date: None, Delay: -1 ms, Speed: 0.00 M/s, Resolution: None
Name: 湖南都市, URL: https://stream1.freetv.fun/hu-nan-du-shi-13.m3u8, From: subscribe, IPv_Type: ipv6, Location: 美国, ISP: CloudFlare Inc., Date: None, Delay: -1 ms, Speed: 0.00 M/s, Resolution: None
Name: 湖南都市, URL: https://stream1.freetv.fun/hu-nan-du-shi-4.m3u8, From: subscribe, IPv_Type: ipv6, Location: 美国, ISP: CloudFlare Inc., Date: None, Delay: -1 ms, Speed: 0.00 M/s, Resolution: None
Name: 湖南都市, URL: https://stream1.freetv.fun/hu-nan-du-shi-8.m3u8, From: subscribe, IPv_Type: ipv6, Location: 美国, ISP: CloudFlare Inc., Date: None, Delay: -1 ms, Speed: 0.00 M/s, Resolution: None
Name: 湖南都市, URL: https://stream1.freetv.fun/hu-nan-du-shi-9.m3u8, From: subscribe, IPv_Type: ipv6, Location: 美国, ISP: CloudFlare Inc., Date: None, Delay: -1 ms, Speed: 0.00 M/s, Resolution: None
Name: 湖南都市, URL: https://stream1.freetv.fun/hu-nan-du-shi-6.ctv, From: subscribe, IPv_Type: ipv6, Location: 美国, ISP: CloudFlare Inc., Date: None, Delay: -1 ms, Speed: 0.00 M/s, Resolution: None
Name: 湖南都市, URL: https://stream1.freetv.fun/hu-nan-du-shi-1.m3u8, From: subscribe, IPv_Type: ipv6, Location: 美国, ISP: CloudFlare Inc., Date: None, Delay: -1 ms, Speed: 0.00 M/s, Resolution: None
Name: 湖南都市, URL: https://stream1.freetv.fun/hu-nan-du-shi-12.ctv, From: subscribe, IPv_Type: ipv6, Location: 美国, ISP: CloudFlare Inc., Date: None, Delay: -1 ms, Speed: 0.00 M/s, Resolution: None
Name: 湖南都市, URL: http://php.jdshipin.com:8880/iptv.php?id=hnds, From: subscribe, IPv_Type: ipv6, Location: 美国, ISP: CloudFlare Inc., Date: None, Delay: -1 ms, Speed: 0.00 M/s, Resolution: None
Name: 湖南爱晚, URL: http://php.jdshipin.com:8880/TVOD/iptv.php?id=hngg, From: subscribe, IPv_Type: ipv6, Location: 美国, ISP: CloudFlare Inc., Date: None, Delay: -1 ms, Speed: 0.00 M/s, Resolution: None
Name: 湖南爱晚, URL: http://php.jdshipin.com:8880/iptv.php?id=hngg, From: subscribe, IPv_Type: ipv6, Location: 美国, ISP: CloudFlare Inc., Date: None, Delay: -1 ms, Speed: 0.00 M/s, Resolution: None
Name: 湖南国际, URL: http://php.jdshipin.com:8880/TVOD/iptv.php?id=hngj, From: subscribe, IPv_Type: ipv6, Location: 美国, ISP: CloudFlare Inc., Date: None, Delay: -1 ms, Speed: 0.00 M/s, Resolution: None
Name: 湖南国际, URL: https://stream1.freetv.fun/hu-nan-guo-ji-2.ctv, From: subscribe, IPv_Type: ipv6, Location: 美国, ISP: CloudFlare Inc., Date: None, Delay: -1 ms, Speed: 0.00 M/s, Resolution: None
Name: 湖南国际, URL: https://stream1.freetv.fun/hu-nan-guo-ji-4.ctv, From: subscribe, IPv_Type: ipv6, Location: 美国, ISP: CloudFlare Inc., Date: None, Delay: -1 ms, Speed: 0.00 M/s, Resolution: None
Name: 湖南娱乐, URL: http://php.jdshipin.com:8880/TVOD/iptv.php?id=hnyl, From: subscribe, IPv_Type: ipv6, Location: 美国, ISP: CloudFlare Inc., Date: None, Delay: -1 ms, Speed: 0.00 M/s, Resolution: None
Name: 湖南娱乐, URL: https://stream1.freetv.fun/hu-nan-yu-le-9.ctv, From: subscribe, IPv_Type: ipv6, Location: 美国, ISP: CloudFlare Inc., Date: None, Delay: -1 ms, Speed: 0.00 M/s, Resolution: None
Name: 湖南娱乐, URL: https://stream1.freetv.fun/hu-nan-yu-le-3.m3u8, From: subscribe, IPv_Type: ipv6, Location: 美国, ISP: CloudFlare Inc., Date: None, Delay: -1 ms, Speed: 0.00 M/s, Resolution: None
Name: 湖南电影, URL: http://php.jdshipin.com:8880/TVOD/iptv.php?id=hndy, From: subscribe, IPv_Type: ipv6, Location: 美国, ISP: CloudFlare Inc., Date: None, Delay: -1 ms, Speed: 0.00 M/s, Resolution: None
Name: 湖南电影, URL: http://php.jdshipin.com:8880/iptv.php, From: subscribe, IPv_Type: ipv6, Location: 美国, ISP: CloudFlare Inc., Date: None, Delay: -1 ms, Speed: 0.00 M/s, Resolution: None
Name: 湖南电影, URL: https://stream1.freetv.fun/hu-nan-dian-ying-2.ctv, From: subscribe, IPv_Type: ipv6, Location: 美国, ISP: CloudFlare Inc., Date: None, Delay: -1 ms, Speed: 0.00 M/s, Resolution: None
Name: 湖南电视剧, URL: http://php.jdshipin.com:8880/TVOD/iptv.php?id=hndsj, From: subscribe, IPv_Type: ipv6, Location: 美国, ISP: CloudFlare Inc., Date: None, Delay: -1 ms, Speed: 0.00 M/s, Resolution: None
Name: 湖南电视剧, URL: https://stream1.freetv.fun/hu-nan-dian-shi-ju-2.m3u8, From: subscribe, IPv_Type: ipv6, Location: 美国, ISP: CloudFlare Inc., Date: None, Delay: -1 ms, Speed: 0.00 M/s, Resolution: None
Name: 湖南电视剧, URL: https://stream1.freetv.fun/hu-nan-dian-shi-ju-12.m3u8, From: subscribe, IPv_Type: ipv6, Location: 美国, ISP: CloudFlare Inc., Date: None, Delay: -1 ms, Speed: 0.00 M/s, Resolution: None
Name: 湖南电视剧, URL: https://stream1.freetv.fun/hu-nan-dian-shi-ju-14.ctv, From: subscribe, IPv_Type: ipv6, Location: 美国, ISP: CloudFlare Inc., Date: None, Delay: -1 ms, Speed: 0.00 M/s, Resolution: None
Name: 湖南电视剧, URL: https://stream1.freetv.fun/hu-nan-dian-shi-ju-7.m3u8, From: subscribe, IPv_Type: ipv6, Location: 美国, ISP: CloudFlare Inc., Date: None, Delay: -1 ms, Speed: 0.00 M/s, Resolution: None
Name: 湖南电视剧, URL: https://stream1.freetv.fun/hu-nan-dian-shi-ju-3.m3u8, From: subscribe, IPv_Type: ipv6, Location: 美国, ISP: CloudFlare Inc., Date: None, Delay: -1 ms, Speed: 0.00 M/s, Resolution: None
Name: 湖南电视剧, URL: https://stream1.freetv.fun/hu-nan-dian-shi-ju-1.m3u8, From: subscribe, IPv_Type: ipv6, Location: 美国, ISP: CloudFlare Inc., Date: None, Delay: -1 ms, Speed: 0.00 M/s, Resolution: None
Name: 湖南电视剧, URL: https://stream1.freetv.fun/hu-nan-dian-shi-ju-10.ctv, From: subscribe, IPv_Type: ipv6, Location: 美国, ISP: CloudFlare Inc., Date: None, Delay: -1 ms, Speed: 0.00 M/s, Resolution: None
Name: 湖南电视剧, URL: https://stream1.freetv.fun/hu-nan-dian-shi-ju-8.m3u8, From: subscribe, IPv_Type: ipv6, Location: 美国, ISP: CloudFlare Inc., Date: None, Delay: -1 ms, Speed: 0.00 M/s, Resolution: None
Name: 湖南电视剧, URL: http://php.jdshipin.com:8880/iptv.php?id=hndsj, From: subscribe, IPv_Type: ipv6, Location: 美国, ISP: CloudFlare Inc., Date: None, Delay: -1 ms, Speed: 0.00 M/s, Resolution: None
Name: 长沙新闻, URL: http://ls.qingting.fm/live/4877.m3u8, From: subscribe, IPv_Type: ipv6, Location: 美国, ISP: , Date: None, Delay: -1 ms, Speed: 0.00 M/s, Resolution: None
Name: 山西卫视, URL: http://php.jdshipin.com/TVOD/hnyd.php?id=200000001898/460000089800010114, From: subscribe, IPv_Type: ipv6, Location: 美国, ISP: CloudFlare Inc., Date: None, Delay: -1 ms, Speed: 0.00 M/s, Resolution: None
Name: 山西卫视, URL: http://j.x.bkpcp.top/jx/SXWS, From: subscribe, IPv_Type: ipv6, Location: 美国, ISP: CloudFlare Inc., Date: None, Delay: -1 ms, Speed: 0.00 M/s, Resolution: None
Name: 山西卫视, URL: http://3501776.xyz:35455/itv/1000000002000021220.m3u8?cdn=ystenlive, From: subscribe, IPv_Type: ipv6, Location: 美国, ISP: CloudFlare Inc., Date: None, Delay: -1 ms, Speed: 0.00 M/s, Resolution: None
Name: 山西卫视, URL: https://zby.130519.xyz/PLTV/11/224/3221226113/index.m3u8, From: subscribe, IPv_Type: ipv6, Location: 美国, ISP: CloudFlare Inc., Date: None, Delay: -1 ms, Speed: 0.00 M/s, Resolution: None
Name: 山西卫视, URL: http://m3u8.channel.wsrtv.com.cn/cms/videos/nmip-media/channellive/channel7/playlist.m3u8, From: subscribe, IPv_Type: ipv6, Location: 中国, ISP: 中国电信, Date: None, Delay: -1 ms, Speed: 0.00 M/s, Resolution: None
Name: 山西卫视, URL: http://[2409:8087:8:21::18]:6610/otttv.bj.chinamobile.com/PLTV/88888888/224/3221227016/1.m3u8?GuardEncType=2&accountinfo=%7E%7EV2.0%7ESb5Qr3NTpE2ZugIroKoyTw%7EtP4-l0lmSfjwLWEfK_el1vH_mv-s1zo4AQJwdedaVwG9xkuFTDg8J26cwOrNJzn20BErrHdLhuZ9EzLUCD3PMW-OMx4MGteHV2vLeW6BqoY%2CEND, From: subscribe, IPv_Type: ipv6, Location: 中国, ISP: 中国移动, Date: None, Delay: -1 ms, Speed: 0.00 M/s, Resolution: None
Name: 山西卫视, URL: http://[2409:8087:1a01:df::4077]/ottrrs.hl.chinamobile.com/PLTV/88888888/8/3221226392/index.m3u8, From: subscribe, IPv_Type: ipv6, Location: 中国, ISP: 中国移动, Date: None, Delay: -1 ms, Speed: 0.00 M/s, Resolution: None
Name: 山西卫视, URL: https://iptv.catvod.com/live.php?id=%E5%B1%B1%E8%A5%BF%E5%8D%AB%E8%A7%86%E5%8F%B0, From: subscribe, IPv_Type: ipv6, Location: 美国, ISP: CloudFlare Inc., Date: None, Delay: -1 ms, Speed: 0.00 M/s, Resolution: None
Name: 山西卫视, URL: https://stream1.freetv.fun/shan-xi-wei-shi-25.m3u8, From: subscribe, IPv_Type: ipv6, Location: 美国, ISP: CloudFlare Inc., Date: None, Delay: -1 ms, Speed: 0.00 M/s, Resolution: None
Name: 山西卫视, URL: https://iptv.catvod.com/live.php?id=%E5%B1%B1%E8%A5%BF%E5%8D%AB%E8%A7%86, From: subscribe, IPv_Type: ipv6, Location: 美国, ISP: CloudFlare Inc., Date: None, Delay: -1 ms, Speed: 0.00 M/s, Resolution: None
Name: 山西卫视, URL: http://hwltc.tv.cdn.zj.chinamobile.com/PLTV/88888888/224/3221236264/index.m3u8, From: subscribe, IPv_Type: ipv6, Location: 中国, ISP: 中国移动, Date: None, Delay: -1 ms, Speed: 0.00 M/s, Resolution: None
Name: 山西卫视, URL: http://k.061899.xyz/k.php?id=sxiws, From: subscribe, IPv_Type: ipv6, Location: 新加坡, ISP: Aceville Pte.Ltd., Date: None, Delay: -1 ms, Speed: 0.00 M/s, Resolution: None
Name: 山西卫视, URL: http://tvgslb.hn.chinamobile.com:8089/180000001002/00000000000000020000000000182271/main.m3u8?stbid=, From: subscribe, IPv_Type: ipv6, Location: 中国, ISP: 中国移动, Date: None, Delay: -1 ms, Speed: 0.00 M/s, Resolution: None
Name: 山西卫视, URL: http://rrs01.hw.gmcc.net:8088/PLTV/81/224/3221226704/1.m3u8, From: subscribe, IPv_Type: ipv6, Location: 中国, ISP: 中国移动, Date: None, Delay: -1 ms, Speed: 0.00 M/s, Resolution: None
Name: 山西卫视, URL: http://hwottcdn.ln.chinamobile.com/PLTV/11/224/3221226778/index.m3u8, From: subscribe, IPv_Type: ipv6, Location: 中国, ISP: 中国移动, Date: None, Delay: -1 ms, Speed: 0.00 M/s, Resolution: None
Name: 山西卫视, URL: http://hwottcdn.ln.chinamobile.com/PLTV/11/224/3221226137/index.m3u8, From: subscribe, IPv_Type: ipv6, Location: 中国, ISP: 中国移动, Date: None, Delay: -1 ms, Speed: 0.00 M/s, Resolution: None
Name: 山西卫视, URL: http://iptvrr.sh.chinamobile.com:6060/cms001/ch00000090990000001070/index.m3u8, From: subscribe, IPv_Type: ipv6, Location: 中国, ISP: 中国移动, Date: None, Delay: -1 ms, Speed: 0.00 M/s, Resolution: None
Name: 湖北综合, URL: http://[2409:8087:4c0a:22:1::11]:6410/170000001115/UmaiCHAN638072216f7da/index.m3u8?AuthInfo=9kOOdBn7MFF%2F2bWjKgahUUAdKgLqNB5aOAUhcp5CeNLx3R3LdIBdA5q61lut1LwZcw4SC2tJubc%2Bq5t%2F61jvWCtjrJL0x%2BHncPgdmcbBW9I, From: local, IPv_Type: ipv6, Location: 中国, ISP: 中国移动, Date: None, Delay: -1 ms, Speed: 0.00 M/s, Resolution: None
Name: 湖北综合, URL: https://stream1.freetv.fun/hu-bei-zong-he-4.ctv, From: subscribe, IPv_Type: ipv6, Location: 美国, ISP: CloudFlare Inc., Date: None, Delay: -1 ms, Speed: 0.00 M/s, Resolution: None
Name: 湖北综合, URL: https://stream1.freetv.fun/hu-bei-zong-he-6.ctv, From: subscribe, IPv_Type: ipv6, Location: 美国, ISP: CloudFlare Inc., Date: None, Delay: -1 ms, Speed: 0.00 M/s, Resolution: None
Name: 湖北影视, URL: http://[2409:8087:4c0a:22:1::11]:6410/170000001115/UmaiCHAN6380728abccd2/index.m3u8?AuthInfo=9kOOdBn7MFF%2F2bWjKgahUUAdKgLqNB5aOAUhcp5CeNKU1xiiKGJYFBZK9RpEkaggogtHJZW6nJQqLppbEYE%2BqJ9kJW%2FMvKldfS2dCii9VSI, From: local, IPv_Type: ipv6, Location: 中国, ISP: 中国移动, Date: None, Delay: -1 ms, Speed: 0.00 M/s, Resolution: None
Name: 湖北影视, URL: https://stream1.freetv.fun/hu-bei-ying-shi-1.m3u8, From: subscribe, IPv_Type: ipv6, Location: 美国, ISP: CloudFlare Inc., Date: None, Delay: -1 ms, Speed: 0.00 M/s, Resolution: None
Name: 湖北影视, URL: https://stream1.freetv.fun/hu-bei-ying-shi-1.ctv, From: subscribe, IPv_Type: ipv6, Location: 美国, ISP: CloudFlare Inc., Date: None, Delay: -1 ms, Speed: 0.00 M/s, Resolution: None
Name: 湖北影视, URL: https://stream1.freetv.fun/hu-bei-ying-shi-14.m3u8, From: subscribe, IPv_Type: ipv6, Location: 美国, ISP: CloudFlare Inc., Date: None, Delay: -1 ms, Speed: 0.00 M/s, Resolution: None
Name: 湖北教育, URL: http://[2409:8087:4c0a:22:1::11]:6410/170000001115/UmaiCHAN638072a6cbbf6/index.m3u8?AuthInfo=9kOOdBn7MFF%2F2bWjKgahUUAdKgLqNB5aOAUhcp5CeNKTFQuOKNd5i0HMa3ydMWIQ6kJ2fBJGJ77BLTXK72CqUYQsX3ZguYt0954s9hfZTfc, From: local, IPv_Type: ipv6, Location: 中国, ISP: 中国移动, Date: None, Delay: -1 ms, Speed: 0.00 M/s, Resolution: None
Name: 湖北教育, URL: https://stream1.freetv.fun/hu-bei-jiao-yu-4.ctv, From: subscribe, IPv_Type: ipv6, Location: 美国, ISP: CloudFlare Inc., Date: None, Delay: -1 ms, Speed: 0.00 M/s, Resolution: None
Name: 湖北教育, URL: https://stream1.freetv.fun/hu-bei-jiao-yu-1.ctv, From: subscribe, IPv_Type: ipv6, Location: 美国, ISP: CloudFlare Inc., Date: None, Delay: -1 ms, Speed: 0.00 M/s, Resolution: None
Name: 湖北生活, URL: http://[2409:8087:4c0a:22:1::11]:6410/170000001115/UmaiCHAN638072c62e405/index.m3u8?AuthInfo=9kOOdBn7MFF%2F2bWjKgahUUAdKgLqNB5aOAUhcp5CeNKJPodw5BcDirSOw7egztI5bUvJjqPzSNAhrA37GrbRBIAjGQpzP0QmgsmuHnQyd2c, From: local, IPv_Type: ipv6, Location: 中国, ISP: 中国移动, Date: None, Delay: -1 ms, Speed: 0.00 M/s, Resolution: None
Name: 湖北生活, URL: https://stream1.freetv.fun/hu-bei-sheng-huo-3.ctv, From: subscribe, IPv_Type: ipv6, Location: 美国, ISP: CloudFlare Inc., Date: None, Delay: -1 ms, Speed: 0.00 M/s, Resolution: None
Name: 湖北生活, URL: https://stream1.freetv.fun/hu-bei-sheng-huo-2.m3u8, From: subscribe, IPv_Type: ipv6, Location: 美国, ISP: CloudFlare Inc., Date: None, Delay: -1 ms, Speed: 0.00 M/s, Resolution: None
Name: 湖北生活, URL: https://stream1.freetv.fun/hu-bei-sheng-huo-4.ctv, From: subscribe, IPv_Type: ipv6, Location: 美国, ISP: CloudFlare Inc., Date: None, Delay: -1 ms, Speed: 0.00 M/s, Resolution: None
Name: 湖北公共, URL: http://[2409:8087:4c0a:22:1::11]:6410/170000001115/UmaiCHAN6380726d0ee3b/index.m3u8?AuthInfo=9kOOdBn7MFF%2F2bWjKgahUUAdKgLqNB5aOAUhcp5CeNKgjpyhD%2FJd6SZjkcHAKXbsjwotAY57dianC4%2ByY7artm7J7F4GFO6G99D0bYMJRxI, From: local, IPv_Type: ipv6, Location: 中国, ISP: 中国移动, Date: None, Delay: -1 ms, Speed: 0.00 M/s, Resolution: None
Name: 湖北公共, URL: https://stream1.freetv.fun/hu-bei-gong-gong-5.ctv, From: subscribe, IPv_Type: ipv6, Location: 美国, ISP: CloudFlare Inc., Date: None, Delay: -1 ms, Speed: 0.00 M/s, Resolution: None
Name: 湖北经视, URL: http://[2409:8087:4c0a:22:1::11]:6410/170000001115/UmaiCHAN63807203543e3/index.m3u8?AuthInfo=9kOOdBn7MFF%2F2bWjKgahUUAdKgLqNB5aOAUhcp5CeNLVCQ3pDe4nBySab%2B3xPL123aTSCRugzF2ABe36IIJw2evZbYdWUo0ffUw53bflDgU, From: local, IPv_Type: ipv6, Location: 中国, ISP: 中国移动, Date: None, Delay: -1 ms, Speed: 0.00 M/s, Resolution: None
Name: 湖北经视, URL: https://stream1.freetv.fun/hu-bei-jing-shi-2.ctv, From: subscribe, IPv_Type: ipv6, Location: 美国, ISP: CloudFlare Inc., Date: None, Delay: -1 ms, Speed: 0.00 M/s, Resolution: None
Name: 湖北经视, URL: https://stream1.freetv.fun/hu-bei-jing-shi-24.m3u8, From: subscribe, IPv_Type: ipv6, Location: 美国, ISP: CloudFlare Inc., Date: None, Delay: -1 ms, Speed: 0.00 M/s, Resolution: None
Name: 湖北垄上, URL: http://[2409:8087:4c0a:22:1::11]:6410/170000001115/UmaiCHAN638072463c333/index.m3u8?AuthInfo=9kOOdBn7MFF%2F2bWjKgahUUAdKgLqNB5aOAUhcp5CeNL%2Be1h4FfA5QqwJ7IPOz3p2qIS7djSxm17Htd%2FckZkm%2FVqsKHEJFJt26ju9iibzMEo, From: local, IPv_Type: ipv6, Location: 中国, ISP: 中国移动, Date: None, Delay: -1 ms, Speed: 0.00 M/s, Resolution: None
Name: 湖北垄上, URL: https://stream1.freetv.fun/hu-bei-long-shang-1.ctv, From: subscribe, IPv_Type: ipv6, Location: 美国, ISP: CloudFlare Inc., Date: None, Delay: -1 ms, Speed: 0.00 M/s, Resolution: None
Name: 浙江钱江都市, URL: http://ali-m-l.cztv.com/channels/lantian/channel02/1080p.m3u8, From: subscribe, IPv_Type: ipv4, Location: 中国-陕西, ISP: 移动, Date: None, Delay: 1489 ms, Speed: 1.30 M/s, Resolution: 1920x1080
Name: 浙江钱江都市, URL: http://ali-m-l.cztv.com/channels/lantian/channel002/1080p.m3u8, From: subscribe, IPv_Type: ipv4, Location: 中国-上海-上海, ISP: 电信, Date: None, Delay: 1580 ms, Speed: 1.13 M/s, Resolution: 1920x1080
Name: 浙江钱江都市, URL: https://ali-m-l.cztv.com/channels/lantian/channel002/1080p.m3u8, From: local, IPv_Type: ipv4, Location: 中国-陕西, ISP: 移动, Date: None, Delay: 1578 ms, Speed: 1.10 M/s, Resolution: 1920x1080
Name: 浙江钱江都市, URL: http://ali-m-l.cztv.com/channels/lantian/channel002/1080p.m3u8?zzhed, From: subscribe, IPv_Type: ipv4, Location: 中国-上海-上海, ISP: 电信, Date: None, Delay: 1593 ms, Speed: 1.05 M/s, Resolution: 1920x1080
Name: 浙江经济生活, URL: http://ali-vl.cztv.com/channels/lantian/channel003/360p.m3u8, From: subscribe, IPv_Type: ipv6, Location: 中国, ISP: 中国电信, Date: None, Delay: -1 ms, Speed: 0.00 M/s, Resolution: None
Name: 浙江经济生活, URL: http://ls.qingting.fm/live/1099.m3u8, From: subscribe, IPv_Type: ipv6, Location: 美国, ISP: , Date: None, Delay: -1 ms, Speed: 0.00 M/s, Resolution: None
Name: 浙江经济生活, URL: http://ali-m-l.cztv.com/channels/lantian/channel03/1080p.m3u8, From: subscribe, IPv_Type: ipv4, Location: 中国-上海-上海, ISP: 电信, Date: None, Delay: 1677 ms, Speed: 1.69 M/s, Resolution: 1920x1080
Name: 浙江经济生活, URL: https://ali-m-l.cztv.com/channels/lantian/channel003/1080p.m3u8, From: local, IPv_Type: ipv4, Location: 中国-陕西, ISP: 移动, Date: None, Delay: 1609 ms, Speed: 1.21 M/s, Resolution: 1920x1080
Name: 浙江经济生活, URL: http://ali-m-l.cztv.com/channels/lantian/channel003/1080p.m3u8, From: subscribe, IPv_Type: ipv4, Location: 中国-陕西, ISP: 移动, Date: None, Delay: 1650 ms, Speed: 1.18 M/s, Resolution: 1920x1080
Name: 浙江科教影视, URL: https://ali-m-l.cztv.com/channels/lantian/channel004/1080p.m3u8, From: local, IPv_Type: ipv4, Location: 中国-陕西, ISP: 移动, Date: None, Delay: 1798 ms, Speed: 1.06 M/s, Resolution: 1920x1080
Name: 浙江民生休闲, URL: http://ali-vl.cztv.com/channels/lantian/channel006/360p.m3u8, From: subscribe, IPv_Type: ipv6, Location: 中国, ISP: 中国电信, Date: None, Delay: -1 ms, Speed: 0.00 M/s, Resolution: None
Name: 浙江民生休闲, URL: https://stream1.freetv.fun/zhe-jiang-min-sheng-10.m3u8, From: subscribe, IPv_Type: ipv6, Location: 美国, ISP: CloudFlare Inc., Date: None, Delay: -1 ms, Speed: 0.00 M/s, Resolution: None
Name: 浙江民生休闲, URL: https://stream1.freetv.fun/zhe-jiang-min-sheng-2.m3u8, From: subscribe, IPv_Type: ipv6, Location: 美国, ISP: CloudFlare Inc., Date: None, Delay: -1 ms, Speed: 0.00 M/s, Resolution: None
Name: 浙江民生休闲, URL: https://stream1.freetv.fun/zhe-jiang-min-sheng-5.m3u8, From: subscribe, IPv_Type: ipv6, Location: 美国, ISP: CloudFlare Inc., Date: None, Delay: -1 ms, Speed: 0.00 M/s, Resolution: None
Name: 浙江民生休闲, URL: https://stream1.freetv.fun/zhe-jiang-min-sheng-9.m3u8, From: subscribe, IPv_Type: ipv6, Location: 美国, ISP: CloudFlare Inc., Date: None, Delay: -1 ms, Speed: 0.00 M/s, Resolution: None
Name: 浙江民生休闲, URL: https://stream1.freetv.fun/zhe-jiang-min-sheng-8.m3u8, From: subscribe, IPv_Type: ipv6, Location: 美国, ISP: CloudFlare Inc., Date: None, Delay: -1 ms, Speed: 0.00 M/s, Resolution: None
Name: 浙江民生休闲, URL: https://stream1.freetv.fun/zhe-jiang-min-sheng-3.m3u8, From: subscribe, IPv_Type: ipv6, Location: 美国, ISP: CloudFlare Inc., Date: None, Delay: -1 ms, Speed: 0.00 M/s, Resolution: None
Name: 浙江民生休闲, URL: http://ali-m-l.cztv.com/channels/lantian/channel006/1080p.m3u8, From: subscribe, IPv_Type: ipv4, Location: 中国-陕西, ISP: 移动, Date: None, Delay: 1720 ms, Speed: 1.27 M/s, Resolution: 1920x1080
Name: 浙江民生休闲, URL: https://ali-m-l.cztv.com/channels/lantian/channel006/1080p.m3u8?, From: subscribe, IPv_Type: ipv4, Location: 中国-上海-上海, ISP: 电信, Date: None, Delay: 1636 ms, Speed: 1.26 M/s, Resolution: 1920x1080
Name: 浙江民生休闲, URL: https://ali-m-l.cztv.com/channels/lantian/channel006/1080p.m3u8, From: local, IPv_Type: ipv4, Location: 中国-陕西, ISP: 移动, Date: None, Delay: 1621 ms, Speed: 1.26 M/s, Resolution: 1920x1080
Name: 浙江公共新闻, URL: https://stream1.freetv.fun/zhe-jiang-gong-gong-xin-wen-1.m3u8, From: subscribe, IPv_Type: ipv6, Location: 美国, ISP: CloudFlare Inc., Date: None, Delay: -1 ms, Speed: 0.00 M/s, Resolution: None
Name: 浙江公共新闻, URL: https://stream1.freetv.fun/zhe-jiang-gong-gong-xin-wen-1.ctv, From: subscribe, IPv_Type: ipv6, Location: 美国, ISP: CloudFlare Inc., Date: None, Delay: -1 ms, Speed: 0.00 M/s, Resolution: None
Name: 浙江公共新闻, URL: https://stream1.freetv.fun/zhe-jiang-gong-gong-xin-wen-2.ctv, From: subscribe, IPv_Type: ipv6, Location: 美国, ISP: CloudFlare Inc., Date: None, Delay: -1 ms, Speed: 0.00 M/s, Resolution: None
Name: 浙江少儿, URL: http://ali-vl.cztv.com/channels/lantian/channel008/360p.m3u8?a=1000&d=83b26bacf5397c013aff782b2c4287d0&k=c99bdac76cff6ddc27e750ba689b7d5b&t=1704368408, From: subscribe, IPv_Type: ipv6, Location: 中国, ISP: 中国电信, Date: None, Delay: -1 ms, Speed: 0.00 M/s, Resolution: None
Name: 浙江少儿, URL: https://stream1.freetv.fun/zhe-jiang-shao-er-4.m3u8, From: subscribe, IPv_Type: ipv6, Location: 美国, ISP: CloudFlare Inc., Date: None, Delay: -1 ms, Speed: 0.00 M/s, Resolution: None
Name: 浙江少儿, URL: https://stream1.freetv.fun/zhe-jiang-shao-er-4.ctv, From: subscribe, IPv_Type: ipv6, Location: 美国, ISP: CloudFlare Inc., Date: None, Delay: -1 ms, Speed: 0.00 M/s, Resolution: None
Name: 浙江少儿, URL: https://stream1.freetv.fun/zhe-jiang-shao-er-6.ctv, From: subscribe, IPv_Type: ipv6, Location: 美国, ISP: CloudFlare Inc., Date: None, Delay: -1 ms, Speed: 0.00 M/s, Resolution: None
Name: 浙江少儿, URL: http://ali-vl.cztv.com/channels/lantian/channel008/360p.m3u8, From: subscribe, IPv_Type: ipv6, Location: 中国, ISP: 中国电信, Date: None, Delay: -1 ms, Speed: 0.00 M/s, Resolution: None
Name: 浙江少儿, URL: https://stream1.freetv.fun/zhe-jiang-shao-er-8.m3u8, From: subscribe, IPv_Type: ipv6, Location: 美国, ISP: CloudFlare Inc., Date: None, Delay: -1 ms, Speed: 0.00 M/s, Resolution: None
Name: 浙江少儿, URL: https://stream1.freetv.fun/zhe-jiang-shao-er-9.ctv, From: subscribe, IPv_Type: ipv6, Location: 美国, ISP: CloudFlare Inc., Date: None, Delay: -1 ms, Speed: 0.00 M/s, Resolution: None
Name: 浙江国际, URL: http://ali-vl.cztv.com/channels/lantian/channel010/360p.m3u8?a=1000&d=4e3d476240659192311f471b7b63aec2&k=d26568bae9dd23dd781c769c148459b2&t=1683180450, From: subscribe, IPv_Type: ipv6, Location: 中国, ISP: 中国电信, Date: None, Delay: -1 ms, Speed: 0.00 M/s, Resolution: None
Name: 浙江国际, URL: http://ali-vl.cztv.com/channels/lantian/channel010/360p.m3u8, From: subscribe, IPv_Type: ipv6, Location: 中国, ISP: 中国电信, Date: None, Delay: -1 ms, Speed: 0.00 M/s, Resolution: None
Name: 浙江国际, URL: https://stream1.freetv.fun/zhe-jiang-guo-ji-10.m3u8, From: subscribe, IPv_Type: ipv6, Location: 美国, ISP: CloudFlare Inc., Date: None, Delay: -1 ms, Speed: 0.00 M/s, Resolution: None
Name: 浙江国际, URL: https://stream1.freetv.fun/zhe-jiang-guo-ji-4.m3u8, From: subscribe, IPv_Type: ipv6, Location: 美国, ISP: CloudFlare Inc., Date: None, Delay: -1 ms, Speed: 0.00 M/s, Resolution: None
Name: 浙江国际, URL: https://stream1.freetv.fun/zhe-jiang-guo-ji-7.m3u8, From: subscribe, IPv_Type: ipv6, Location: 美国, ISP: CloudFlare Inc., Date: None, Delay: -1 ms, Speed: 0.00 M/s, Resolution: None
Name: 浙江国际, URL: https://stream1.freetv.fun/zhe-jiang-guo-ji-3.ctv, From: subscribe, IPv_Type: ipv6, Location: 美国, ISP: CloudFlare Inc., Date: None, Delay: -1 ms, Speed: 0.00 M/s, Resolution: None
Name: 浙江国际, URL: https://stream1.freetv.fun/zhe-jiang-guo-ji-1.m3u8, From: subscribe, IPv_Type: ipv6, Location: 美国, ISP: CloudFlare Inc., Date: None, Delay: -1 ms, Speed: 0.00 M/s, Resolution: None
Name: 浙江国际, URL: https://stream1.freetv.fun/zhe-jiang-guo-ji-5.ctv, From: subscribe, IPv_Type: ipv6, Location: 美国, ISP: CloudFlare Inc., Date: None, Delay: -1 ms, Speed: 0.00 M/s, Resolution: None
Name: 浙江国际, URL: https://ali-m-l.cztv.com/channels/lantian/channel010/1080p.m3u8?, From: subscribe, IPv_Type: ipv4, Location: 中国-上海-上海, ISP: 电信, Date: None, Delay: 1516 ms, Speed: 1.03 M/s, Resolution: 1920x1080
Name: 浙江国际, URL: https://ali-m-l.cztv.com/channels/lantian/channel010/1080p.m3u8, From: local, IPv_Type: ipv4, Location: 中国-陕西, ISP: 移动, Date: None, Delay: 1606 ms, Speed: 1.02 M/s, Resolution: 1920x1080
Name: 浙江国际, URL: http://ali-m-l.cztv.com/channels/lantian/channel010/1080p.m3u8?zzhed, From: subscribe, IPv_Type: ipv4, Location: 中国-上海-上海, ISP: 电信, Date: None, Delay: 1585 ms, Speed: 0.99 M/s, Resolution: 1920x1080
Name: 纪实科教, URL: http://[2409:8087:7000:20::4]:80/dbiptv.sn.chinamobile.com/PLTV/88888888/224/3221226232/1.m3u8, From: local, IPv_Type: ipv6, Location: 中国, ISP: 中国移动, Date: None, Delay: -1 ms, Speed: 0.00 M/s, Resolution: None
Name: 纪实科教, URL: https://hls-gateway.vpstv.net/streams/708837.m3u8, From: subscribe, IPv_Type: ipv6, Location: 美国, ISP: CloudFlare Inc., Date: None, Delay: -1 ms, Speed: 0.00 M/s, Resolution: None
Name: 纪实科教, URL: http://[2409:8087:1a01:df::7005]:80/ottrrs.hl.chinamobile.com/TVOD/88888888/224/3221225729/index.m3u8, From: subscribe, IPv_Type: ipv6, Location: 中国, ISP: 中国移动, Date: None, Delay: -1 ms, Speed: 0.00 M/s, Resolution: None
Name: 卡酷少儿, URL: http://[2409:8087:1a01:df::7005]:80/ottrrs.hl.chinamobile.com/PLTV/88888888/224/3221225654/index.m3u8, From: local, IPv_Type: ipv6, Location: 中国, ISP: 中国移动, Date: None, Delay: -1 ms, Speed: 0.00 M/s, Resolution: None
Name: 陕西新闻资讯, URL: http://[2409:8087:7000:20:1000::22]:6060/yinhe/2/ch00000090990000001719/index.m3u8?virtualDomain=yinhe.live_hls.zte.com, From: local, IPv_Type: ipv6, Location: 中国, ISP: 中国移动, Date: None, Delay: -1 ms, Speed: 0.00 M/s, Resolution: None
Name: 陕西新闻资讯, URL: https://migu.188766.xyz/?migutoken=d75012780916f68c3daab7931078e7d5&id=%E9%99%95%E8%A5%BF%E6%96%B0%E9%97%BB%E8%B5%84%E8%AE%AF%E9%A2%91%E9%81%93&type=yy, From: subscribe, IPv_Type: ipv6, Location: 美国, ISP: CloudFlare Inc., Date: None, Delay: -1 ms, Speed: 0.00 M/s, Resolution: None
Name: 陕西新闻资讯, URL: https://mgtv.ottiptv.cc/migu/956909289.m3u8?migutoken=d4f3f5a8bf93821548ae70c6bd12860956574c27b3b1ef52c88c8e3d72259b1727a6dbf5d6a5de850afac4c7ffe2f2124bb3b558a89906cd32ccc8913f0f22dd74b7a84514b6015bff75903d9c, From: subscribe, IPv_Type: ipv6, Location: 美国-加利福尼亚州-圣克拉拉, ISP: DigitalOcean, Date: None, Delay: -1 ms, Speed: 0.00 M/s, Resolution: None
Name: 陕西新闻资讯, URL: http://gslbmgsplive.miguvideo.com/migu/kailu/sxxwzx/51/20250804/index.m3u8?msisdn=20250919080136670d8cf97d464e1f874949e449ebd1ac&mdspid=&spid=600572&netType=0&sid=5910022187&pid=2028597139&timestamp=20250919080136&Channel_ID=0116_2600000900-99000-201600010010027&ProgramID=956909289&ParentNodeID=-99&assertID=5910022187&client_ip=106.13.250.88&SecurityKey=20250919080136&promotionId=&mvid=5900006710&mcid=500020&playurlVersion=WX-A1-8.9.1-RELEASE&userid=&jmhm=&videocodec=h264&bean=mgspad&tid=android&conFee=0&puData=01b1afdabd15fc39dd9264ccca9ac59f&ddCalcu=f091e5b1c16aa09fadcacbcd41652f9cd3d9, From: subscribe, IPv_Type: ipv6, Location: 中国, ISP: 中国移动, Date: None, Delay: -1 ms, Speed: 0.00 M/s, Resolution: None
Name: 陕西新闻资讯, URL: http://gslbmgsplive.miguvideo.com/migu/kailu/sxxwzx/51/20250804/index.m3u8?msisdn=202510230801447f8d4c3a1a3c4ca1bd0de217472d80f2&mdspid=&spid=600572&netType=0&sid=5910022187&pid=2028597139&timestamp=20251023080144&Channel_ID=0116_2600000900-99000-201600010010027&ProgramID=956909289&ParentNodeID=-99&assertID=5910022187&client_ip=106.13.250.83&SecurityKey=20251023080144&promotionId=&mvid=5900006710&mcid=500020&playurlVersion=WX-A1-8.9.2-RELEASE&userid=&jmhm=&videocodec=h264&bean=mgspad&tid=android&conFee=0&puData=6ed563603d847927c8983a33d5b70e32&ddCalcu=263eeed2056760b356d0333da834879982c7, From: subscribe, IPv_Type: ipv6, Location: 中国, ISP: 中国移动, Date: None, Delay: -1 ms, Speed: 0.00 M/s, Resolution: None
Name: 陕西新闻资讯, URL: http://gslbmgsplive.miguvideo.com/migu/kailu/sxxwzx/51/20250804/index.m3u8?msisdn=202510240800591ee112712ed2473aa0d84b8ea3046959&mdspid=&spid=600572&netType=0&sid=5910022187&pid=2028597139&timestamp=20251024080059&Channel_ID=0116_2600000900-99000-201600010010027&ProgramID=956909289&ParentNodeID=-99&assertID=5910022187&client_ip=106.13.250.88&SecurityKey=20251024080059&promotionId=&mvid=5900006710&mcid=500020&playurlVersion=WX-A1-8.9.2-RELEASE&userid=&jmhm=&videocodec=h264&bean=mgspad&tid=android&conFee=0&puData=5661fd15cfb5726d7c6a1eb652fdb094&ddCalcu=4596e062b16df0fd21556cbfeb15a762c67d, From: subscribe, IPv_Type: ipv6, Location: 中国, ISP: 中国移动, Date: None, Delay: -1 ms, Speed: 0.00 M/s, Resolution: None
Name: 陕西新闻资讯, URL: https://migu.188766.xyz/?migutoken=27da29b9d4db48da9b7e887902e3f303&id=%E9%99%95%E8%A5%BF%E6%96%B0%E9%97%BB%E8%B5%84%E8%AE%AF%E9%A2%91%E9%81%93&type=yy, From: subscribe, IPv_Type: ipv6, Location: 美国, ISP: CloudFlare Inc., Date: None, Delay: -1 ms, Speed: 0.00 M/s, Resolution: None
Name: 陕西新闻资讯, URL: https://migu.188766.xyz/?migutoken=62382b26c1054e633728d5b96134bcb3&id=%E9%99%95%E8%A5%BF%E6%96%B0%E9%97%BB%E8%B5%84%E8%AE%AF%E9%A2%91%E9%81%93&type=yy, From: subscribe, IPv_Type: ipv6, Location: 美国, ISP: CloudFlare Inc., Date: None, Delay: -1 ms, Speed: 0.00 M/s, Resolution: None
Name: 陕西新闻资讯, URL: https://migu.188766.xyz/?migutoken=066631f1584d12668cf031a573546454&id=%E9%99%95%E8%A5%BF%E6%96%B0%E9%97%BB%E8%B5%84%E8%AE%AF%E9%A2%91%E9%81%93&type=yy, From: subscribe, IPv_Type: ipv6, Location: 美国, ISP: CloudFlare Inc., Date: None, Delay: -1 ms, Speed: 0.00 M/s, Resolution: None
Name: 陕西新闻资讯, URL: https://migu.188766.xyz/?migutoken=1a8a43f5665e4a517d7e1950b3778dfb&id=%E9%99%95%E8%A5%BF%E6%96%B0%E9%97%BB%E8%B5%84%E8%AE%AF%E9%A2%91%E9%81%93&type=yy, From: subscribe, IPv_Type: ipv6, Location: 美国, ISP: CloudFlare Inc., Date: None, Delay: -1 ms, Speed: 0.00 M/s, Resolution: None
Name: 陕西新闻资讯, URL: https://migu.188766.xyz/?migutoken=6afb969e40b70509b9ba60080200683d&id=%E9%99%95%E8%A5%BF%E6%96%B0%E9%97%BB%E8%B5%84%E8%AE%AF%E9%A2%91%E9%81%93&type=yy, From: subscribe, IPv_Type: ipv6, Location: 美国, ISP: CloudFlare Inc., Date: None, Delay: -1 ms, Speed: 0.00 M/s, Resolution: None
Name: 陕西新闻资讯, URL: https://migu.188766.xyz/?migutoken=29eaedaab27f2f1bde4931a0b13aed2b&id=%E9%99%95%E8%A5%BF%E6%96%B0%E9%97%BB%E8%B5%84%E8%AE%AF%E9%A2%91%E9%81%93&type=yy, From: subscribe, IPv_Type: ipv6, Location: 美国, ISP: CloudFlare Inc., Date: None, Delay: -1 ms, Speed: 0.00 M/s, Resolution: None
Name: 陕西新闻资讯, URL: https://migu.188766.xyz/?migutoken=552b5a8f7c21d136f64edf7de710fd05&id=%E9%99%95%E8%A5%BF%E6%96%B0%E9%97%BB%E8%B5%84%E8%AE%AF%E9%A2%91%E9%81%93&type=yy, From: subscribe, IPv_Type: ipv6, Location: 美国, ISP: CloudFlare Inc., Date: None, Delay: -1 ms, Speed: 0.00 M/s, Resolution: None
Name: 陕西新闻资讯, URL: https://migu.188766.xyz/?migutoken=e2c679bba41123ece3a2f8fe01f8e584&id=%E9%99%95%E8%A5%BF%E6%96%B0%E9%97%BB%E8%B5%84%E8%AE%AF%E9%A2%91%E9%81%93&type=yy, From: subscribe, IPv_Type: ipv6, Location: 美国, ISP: CloudFlare Inc., Date: None, Delay: -1 ms, Speed: 0.00 M/s, Resolution: None
Name: 陕西新闻资讯, URL: https://migu.188766.xyz/?migutoken=7e168fed7dcf51d15e0c9ef16b8e67f3&id=%E9%99%95%E8%A5%BF%E6%96%B0%E9%97%BB%E8%B5%84%E8%AE%AF%E9%A2%91%E9%81%93&type=yy, From: subscribe, IPv_Type: ipv6, Location: 美国, ISP: CloudFlare Inc., Date: None, Delay: -1 ms, Speed: 0.00 M/s, Resolution: None
Name: 陕西新闻资讯, URL: https://migu.188766.xyz/?migutoken=b7573283dd509346d88ace35359be4cd&id=%E9%99%95%E8%A5%BF%E6%96%B0%E9%97%BB%E8%B5%84%E8%AE%AF%E9%A2%91%E9%81%93&type=yy, From: subscribe, IPv_Type: ipv6, Location: 美国, ISP: CloudFlare Inc., Date: None, Delay: -1 ms, Speed: 0.00 M/s, Resolution: None
Name: 陕西新闻资讯, URL: https://migu.188766.xyz/?migutoken=d8f5f06a640ec539bc6ef96c2b5d45d9&id=%E9%99%95%E8%A5%BF%E6%96%B0%E9%97%BB%E8%B5%84%E8%AE%AF%E9%A2%91%E9%81%93&type=yy, From: subscribe, IPv_Type: ipv6, Location: 美国, ISP: CloudFlare Inc., Date: None, Delay: -1 ms, Speed: 0.00 M/s, Resolution: None
Name: 陕西新闻资讯, URL: https://migu.188766.xyz/?migutoken=a87e347ae65366d360621a645efa3890&id=%E9%99%95%E8%A5%BF%E6%96%B0%E9%97%BB%E8%B5%84%E8%AE%AF%E9%A2%91%E9%81%93&type=yy, From: subscribe, IPv_Type: ipv6, Location: 美国, ISP: CloudFlare Inc., Date: None, Delay: -1 ms, Speed: 0.00 M/s, Resolution: None
Name: 陕西新闻资讯, URL: https://migu.188766.xyz/?migutoken=ba2b294f00e97ac7cb82b40a9edbb7f5&id=%E9%99%95%E8%A5%BF%E6%96%B0%E9%97%BB%E8%B5%84%E8%AE%AF%E9%A2%91%E9%81%93&type=yy, From: subscribe, IPv_Type: ipv6, Location: 美国, ISP: CloudFlare Inc., Date: None, Delay: -1 ms, Speed: 0.00 M/s, Resolution: None
Name: 陕西新闻资讯, URL: https://migu.188766.xyz/?migutoken=cde5911e35e7cb71a5efe599178f7744&id=%E9%99%95%E8%A5%BF%E6%96%B0%E9%97%BB%E8%B5%84%E8%AE%AF%E9%A2%91%E9%81%93&type=yy, From: subscribe, IPv_Type: ipv6, Location: 美国, ISP: CloudFlare Inc., Date: None, Delay: -1 ms, Speed: 0.00 M/s, Resolution: None
Name: 陕西新闻资讯, URL: https://migu.188766.xyz/?migutoken=c300cd090ae0ca2bcef69c8a1f3ea2d0&id=%E9%99%95%E8%A5%BF%E6%96%B0%E9%97%BB%E8%B5%84%E8%AE%AF%E9%A2%91%E9%81%93&type=yy, From: subscribe, IPv_Type: ipv6, Location: 美国, ISP: CloudFlare Inc., Date: None, Delay: -1 ms, Speed: 0.00 M/s, Resolution: None
Name: 陕西新闻资讯, URL: https://migu.188766.xyz/?migutoken=ae42423118c72f328c2303b892312190&id=%E9%99%95%E8%A5%BF%E6%96%B0%E9%97%BB%E8%B5%84%E8%AE%AF%E9%A2%91%E9%81%93&type=yy, From: subscribe, IPv_Type: ipv6, Location: 美国, ISP: CloudFlare Inc., Date: None, Delay: -1 ms, Speed: 0.00 M/s, Resolution: None
Name: 陕西新闻资讯, URL: https://migu.188766.xyz/?migutoken=72d46c8c7ef29baf7e57ce7252919665&id=%E9%99%95%E8%A5%BF%E6%96%B0%E9%97%BB%E8%B5%84%E8%AE%AF%E9%A2%91%E9%81%93&type=yy, From: subscribe, IPv_Type: ipv6, Location: 美国, ISP: CloudFlare Inc., Date: None, Delay: -1 ms, Speed: 0.00 M/s, Resolution: None
Name: 陕西都市青春, URL: http://[2409:8087:7000:20:1000::22]:6060/yinhe/2/ch00000090990000001593/index.m3u8?virtualDomain=yinhe.live_hls.zte.com, From: local, IPv_Type: ipv6, Location: 中国, ISP: 中国移动, Date: None, Delay: -1 ms, Speed: 0.00 M/s, Resolution: None
Name: 陕西都市青春, URL: https://migu.188766.xyz/?migutoken=35c5835354562ef7aac6b20525206746&id=%E9%99%95%E8%A5%BF%E9%83%BD%E5%B8%82%E9%9D%92%E6%98%A5%E9%A2%91%E9%81%93&type=yy, From: subscribe, IPv_Type: ipv6, Location: 美国, ISP: CloudFlare Inc., Date: None, Delay: -1 ms, Speed: 0.00 M/s, Resolution: None
Name: 陕西都市青春, URL: https://mgtv.ottiptv.cc/migu/956909358.m3u8?migutoken=c3931ea9d3d7ede24a9d13084dadcc55f7f21b114c6c584ca7defd6492ba46b7286dbd751d0f853f83e998e4b0349c62cf4bc570ac83667c4f6bd49a9411edc68e80c1d7f24da79a264d15912b, From: subscribe, IPv_Type: ipv6, Location: 美国-加利福尼亚州-圣克拉拉, ISP: DigitalOcean, Date: None, Delay: -1 ms, Speed: 0.00 M/s, Resolution: None
Name: 陕西都市青春, URL: http://gslbmgsplive.miguvideo.com/migu/kailu/sxdsqc/51/20250804/index.m3u8?msisdn=20250919080136b45ee433a7cf4d688994f00b794d176d&mdspid=&spid=600572&netType=0&sid=5910022190&pid=2028597139&timestamp=20250919080136&Channel_ID=0116_2600000900-99000-201600010010027&ProgramID=956909358&ParentNodeID=-99&assertID=5910022190&client_ip=106.13.250.88&SecurityKey=20250919080136&promotionId=&mvid=5900006713&mcid=500020&playurlVersion=WX-A1-8.9.1-RELEASE&userid=&jmhm=&videocodec=h264&bean=mgspad&tid=android&conFee=0&puData=9db1317be8c80566b10f130aebe87c29&ddCalcu=992decb1716830e1b7ebae083c18f00516b6, From: subscribe, IPv_Type: ipv6, Location: 中国, ISP: 中国移动, Date: None, Delay: -1 ms, Speed: 0.00 M/s, Resolution: None
Name: 陕西都市青春, URL: http://gslbmgsplive.miguvideo.com/migu/kailu/sxdsqc/51/20250804/index.m3u8?msisdn=202510230801444202628b64cc49f4bfb9f6b1dfb1f491&mdspid=&spid=600572&netType=0&sid=5910022190&pid=2028597139&timestamp=20251023080144&Channel_ID=0116_2600000900-99000-201600010010027&ProgramID=956909358&ParentNodeID=-99&assertID=5910022190&client_ip=106.13.250.83&SecurityKey=20251023080144&promotionId=&mvid=5900006713&mcid=500020&playurlVersion=WX-A1-8.9.2-RELEASE&userid=&jmhm=&videocodec=h264&bean=mgspad&tid=android&conFee=0&puData=83284c876ebb25ecdf72f4eb4dd5a006&ddCalcu=6803e022a86540dcd847b6ee4bfb2275fedc, From: subscribe, IPv_Type: ipv6, Location: 中国, ISP: 中国移动, Date: None, Delay: -1 ms, Speed: 0.00 M/s, Resolution: None
Name: 陕西都市青春, URL: http://gslbmgsplive.miguvideo.com/migu/kailu/sxdsqc/51/20250804/index.m3u8?msisdn=2025102408005947806826798c44e4b89b7ed86b1ba04f&mdspid=&spid=600572&netType=0&sid=5910022190&pid=2028597139&timestamp=20251024080059&Channel_ID=0116_2600000900-99000-201600010010027&ProgramID=956909358&ParentNodeID=-99&assertID=5910022190&client_ip=106.13.250.88&SecurityKey=20251024080059&promotionId=&mvid=5900006713&mcid=500020&playurlVersion=WX-A1-8.9.2-RELEASE&userid=&jmhm=&videocodec=h264&bean=mgspad&tid=android&conFee=0&puData=52c95103cb01acfba0783bb6dba5f262&ddCalcu=2562e2c2f96550a1b0d36cbbb0318a7c0fab, From: subscribe, IPv_Type: ipv6, Location: 中国, ISP: 中国移动, Date: None, Delay: -1 ms, Speed: 0.00 M/s, Resolution: None
Name: 陕西都市青春, URL: https://migu.188766.xyz/?migutoken=f748546e98e38793318e2ed76a45feb0&id=%E9%99%95%E8%A5%BF%E9%83%BD%E5%B8%82%E9%9D%92%E6%98%A5%E9%A2%91%E9%81%93&type=yy, From: subscribe, IPv_Type: ipv6, Location: 美国, ISP: CloudFlare Inc., Date: None, Delay: -1 ms, Speed: 0.00 M/s, Resolution: None
Name: 陕西都市青春, URL: https://migu.188766.xyz/?migutoken=90235631c4a4cf871d648988562206a1&id=%E9%99%95%E8%A5%BF%E9%83%BD%E5%B8%82%E9%9D%92%E6%98%A5%E9%A2%91%E9%81%93&type=yy, From: subscribe, IPv_Type: ipv6, Location: 美国, ISP: CloudFlare Inc., Date: None, Delay: -1 ms, Speed: 0.00 M/s, Resolution: None
Name: 陕西都市青春, URL: https://migu.188766.xyz/?migutoken=d87a986f6e26404a3507b31aa6dc61b6&id=%E9%99%95%E8%A5%BF%E9%83%BD%E5%B8%82%E9%9D%92%E6%98%A5%E9%A2%91%E9%81%93&type=yy, From: subscribe, IPv_Type: ipv6, Location: 美国, ISP: CloudFlare Inc., Date: None, Delay: -1 ms, Speed: 0.00 M/s, Resolution: None
Name: 陕西都市青春, URL: https://migu.188766.xyz/?migutoken=a1f5769eb59c6d3c1a236c23c62322f6&id=%E9%99%95%E8%A5%BF%E9%83%BD%E5%B8%82%E9%9D%92%E6%98%A5%E9%A2%91%E9%81%93&type=yy, From: subscribe, IPv_Type: ipv6, Location: 美国, ISP: CloudFlare Inc., Date: None, Delay: -1 ms, Speed: 0.00 M/s, Resolution: None
Name: 陕西都市青春, URL: https://migu.188766.xyz/?migutoken=e582d41b972a6bab4050e3ad470866e5&id=%E9%99%95%E8%A5%BF%E9%83%BD%E5%B8%82%E9%9D%92%E6%98%A5%E9%A2%91%E9%81%93&type=yy, From: subscribe, IPv_Type: ipv6, Location: 美国, ISP: CloudFlare Inc., Date: None, Delay: -1 ms, Speed: 0.00 M/s, Resolution: None
Name: 陕西都市青春, URL: https://migu.188766.xyz/?migutoken=d76ac7c28bfb4251c46550a07c02112e&id=%E9%99%95%E8%A5%BF%E9%83%BD%E5%B8%82%E9%9D%92%E6%98%A5%E9%A2%91%E9%81%93&type=yy, From: subscribe, IPv_Type: ipv6, Location: 美国, ISP: CloudFlare Inc., Date: None, Delay: -1 ms, Speed: 0.00 M/s, Resolution: None
Name: 陕西都市青春, URL: https://migu.188766.xyz/?migutoken=09ffee9c0d6fc8253758380b6edc9137&id=%E9%99%95%E8%A5%BF%E9%83%BD%E5%B8%82%E9%9D%92%E6%98%A5%E9%A2%91%E9%81%93&type=yy, From: subscribe, IPv_Type: ipv6, Location: 美国, ISP: CloudFlare Inc., Date: None, Delay: -1 ms, Speed: 0.00 M/s, Resolution: None
Name: 陕西都市青春, URL: https://migu.188766.xyz/?migutoken=f677ff0d287242040e43f774bb6cd077&id=%E9%99%95%E8%A5%BF%E9%83%BD%E5%B8%82%E9%9D%92%E6%98%A5%E9%A2%91%E9%81%93&type=yy, From: subscribe, IPv_Type: ipv6, Location: 美国, ISP: CloudFlare Inc., Date: None, Delay: -1 ms, Speed: 0.00 M/s, Resolution: None
Name: 陕西都市青春, URL: https://migu.188766.xyz/?migutoken=c90e9a8335c72ab304a1706ad7b30ad7&id=%E9%99%95%E8%A5%BF%E9%83%BD%E5%B8%82%E9%9D%92%E6%98%A5%E9%A2%91%E9%81%93&type=yy, From: subscribe, IPv_Type: ipv6, Location: 美国, ISP: CloudFlare Inc., Date: None, Delay: -1 ms, Speed: 0.00 M/s, Resolution: None
Name: 陕西都市青春, URL: https://migu.188766.xyz/?migutoken=cd803b64c0ef30a1c0f0e199405d9c16&id=%E9%99%95%E8%A5%BF%E9%83%BD%E5%B8%82%E9%9D%92%E6%98%A5%E9%A2%91%E9%81%93&type=yy, From: subscribe, IPv_Type: ipv6, Location: 美国, ISP: CloudFlare Inc., Date: None, Delay: -1 ms, Speed: 0.00 M/s, Resolution: None
Name: 陕西都市青春, URL: https://migu.188766.xyz/?migutoken=5f2a35ff9825561699af162fe83bfa17&id=%E9%99%95%E8%A5%BF%E9%83%BD%E5%B8%82%E9%9D%92%E6%98%A5%E9%A2%91%E9%81%93&type=yy, From: subscribe, IPv_Type: ipv6, Location: 美国, ISP: CloudFlare Inc., Date: None, Delay: -1 ms, Speed: 0.00 M/s, Resolution: None
Name: 陕西都市青春, URL: https://migu.188766.xyz/?migutoken=e1bcdafdfe21a69c3a2b359cd8397722&id=%E9%99%95%E8%A5%BF%E9%83%BD%E5%B8%82%E9%9D%92%E6%98%A5%E9%A2%91%E9%81%93&type=yy, From: subscribe, IPv_Type: ipv6, Location: 美国, ISP: CloudFlare Inc., Date: None, Delay: -1 ms, Speed: 0.00 M/s, Resolution: None
Name: 陕西都市青春, URL: https://migu.188766.xyz/?migutoken=0f68afb8c968cfd26c3af016d29fde52&id=%E9%99%95%E8%A5%BF%E9%83%BD%E5%B8%82%E9%9D%92%E6%98%A5%E9%A2%91%E9%81%93&type=yy, From: subscribe, IPv_Type: ipv6, Location: 美国, ISP: CloudFlare Inc., Date: None, Delay: -1 ms, Speed: 0.00 M/s, Resolution: None
Name: 陕西都市青春, URL: https://migu.188766.xyz/?migutoken=51926b5ebc4bccc13f171704feadf1b2&id=%E9%99%95%E8%A5%BF%E9%83%BD%E5%B8%82%E9%9D%92%E6%98%A5%E9%A2%91%E9%81%93&type=yy, From: subscribe, IPv_Type: ipv6, Location: 美国, ISP: CloudFlare Inc., Date: None, Delay: -1 ms, Speed: 0.00 M/s, Resolution: None
Name: 陕西都市青春, URL: https://migu.188766.xyz/?migutoken=8db3b6ec2c87801af4cb1a83a1f2d444&id=%E9%99%95%E8%A5%BF%E9%83%BD%E5%B8%82%E9%9D%92%E6%98%A5%E9%A2%91%E9%81%93&type=yy, From: subscribe, IPv_Type: ipv6, Location: 美国, ISP: CloudFlare Inc., Date: None, Delay: -1 ms, Speed: 0.00 M/s, Resolution: None
Name: 陕西都市青春, URL: https://migu.188766.xyz/?migutoken=801676c278f4acef9d0186c23f3e3d6e&id=%E9%99%95%E8%A5%BF%E9%83%BD%E5%B8%82%E9%9D%92%E6%98%A5%E9%A2%91%E9%81%93&type=yy, From: subscribe, IPv_Type: ipv6, Location: 美国, ISP: CloudFlare Inc., Date: None, Delay: -1 ms, Speed: 0.00 M/s, Resolution: None
Name: 陕西都市青春, URL: https://migu.188766.xyz/?migutoken=441cbb0aeb19e72f2e07d0d8873d7c71&id=%E9%99%95%E8%A5%BF%E9%83%BD%E5%B8%82%E9%9D%92%E6%98%A5%E9%A2%91%E9%81%93&type=yy, From: subscribe, IPv_Type: ipv6, Location: 美国, ISP: CloudFlare Inc., Date: None, Delay: -1 ms, Speed: 0.00 M/s, Resolution: None
Name: 陕西生活, URL: http://[2409:8087:7000:20:1000::22]:6060/yinhe/2/ch00000090990000001729/index.m3u8?virtualDomain=yinhe.live_hls.zte.com, From: local, IPv_Type: ipv6, Location: 中国, ISP: 中国移动, Date: None, Delay: -1 ms, Speed: 0.00 M/s, Resolution: None
Name: 陕西影视, URL: http://[2409:8087:7000:20:1000::22]:6060/yinhe/2/ch00000090990000001730/index.m3u8?virtualDomain=yinhe.live_hls.zte.com, From: local, IPv_Type: ipv6, Location: 中国, ISP: 中国移动, Date: None, Delay: -1 ms, Speed: 0.00 M/s, Resolution: None
Name: 陕西公共, URL: http://[2409:8087:7000:20:1000::22]:6060/yinhe/2/ch00000090990000001739/index.m3u8?virtualDomain=yinhe.live_hls.zte.com, From: local, IPv_Type: ipv6, Location: 中国, ISP: 中国移动, Date: None, Delay: -1 ms, Speed: 0.00 M/s, Resolution: None
Name: 陕西公共, URL: http://ls.qingting.fm/live/1222.m3u8, From: subscribe, IPv_Type: ipv6, Location: 美国, ISP: , Date: None, Delay: -1 ms, Speed: 0.00 M/s, Resolution: None
Name: 陕西体育休闲, URL: http://[2409:8087:7000:20:1000::22]:6060/yinhe/2/ch00000090990000001594/index.m3u8?virtualDomain=yinhe.live_hls.zte.com, From: local, IPv_Type: ipv6, Location: 中国, ISP: 中国移动, Date: None, Delay: -1 ms, Speed: 0.00 M/s, Resolution: None
Name: 陕西体育休闲, URL: https://mgtv.ottiptv.cc/migu/956909356.m3u8?migutoken=2cd1b3120e6a6d3cec136ca61cb23c24512860d4956d391b8c7d8a1fce58c3fa549930217eede8887c05f73eb24ac9692be10bdd06557f58130ff6717e37e1b6ba38adfacf8e74298fe1d4f48c, From: subscribe, IPv_Type: ipv6, Location: 美国-加利福尼亚州-圣克拉拉, ISP: DigitalOcean, Date: None, Delay: -1 ms, Speed: 0.00 M/s, Resolution: None
Name: 陕西体育休闲, URL: http://gslbmgsplive.miguvideo.com/migu/kailu/sxtyxx/51/20250804/index.m3u8?msisdn=20250921080053bb7e3ee981dc4bde95a765fbffef7b9e&mdspid=&spid=600572&netType=0&sid=5910022189&pid=2028597139&timestamp=20250921080053&Channel_ID=0116_2600000900-99000-201600010010027&ProgramID=956909356&ParentNodeID=-99&assertID=5910022189&client_ip=106.13.250.88&SecurityKey=20250921080053&promotionId=&mvid=5900006712&mcid=500020&playurlVersion=WX-A1-8.9.1-RELEASE&userid=&jmhm=&videocodec=h264&bean=mgspad&tid=android&conFee=0&puData=43ffb82e5f9372a440dd84479d27b2f6&ddCalcu=64f3e2f2bf67b028d29e754f4983d7d20a44, From: subscribe, IPv_Type: ipv6, Location: 中国, ISP: 中国移动, Date: None, Delay: -1 ms, Speed: 0.00 M/s, Resolution: None
Name: 陕西体育休闲, URL: http://gslbmgsplive.miguvideo.com/migu/kailu/sxtyxx/51/20250804/index.m3u8?msisdn=20251023080139c026415ca4654e0cb51f36f8105eb6a1&mdspid=&spid=600572&netType=0&sid=5910022189&pid=2028597139&timestamp=20251023080139&Channel_ID=0116_2600000900-99000-201600010010027&ProgramID=956909356&ParentNodeID=-99&assertID=5910022189&client_ip=106.13.250.83&SecurityKey=20251023080139&promotionId=&mvid=5900006712&mcid=500020&playurlVersion=WX-A1-8.9.2-RELEASE&userid=&jmhm=&videocodec=h264&bean=mgspad&tid=android&conFee=0&puData=101f9c0a14d24dc78aa97137482db06c&ddCalcu=c160e012bf6d902c804a71341d7294adac87, From: subscribe, IPv_Type: ipv6, Location: 中国, ISP: 中国移动, Date: None, Delay: -1 ms, Speed: 0.00 M/s, Resolution: None
Name: 陕西体育休闲, URL: http://gslbmgsplive.miguvideo.com/migu/kailu/sxtyxx/51/20250804/index.m3u8?msisdn=20251024080056953be86c14d64c758cd4dbf06a58c942&mdspid=&spid=600572&netType=0&sid=5910022189&pid=2028597139&timestamp=20251024080056&Channel_ID=0116_2600000900-99000-201600010010027&ProgramID=956909356&ParentNodeID=-99&assertID=5910022189&client_ip=106.13.250.88&SecurityKey=20251024080056&promotionId=&mvid=5900006712&mcid=500020&playurlVersion=WX-A1-8.9.2-RELEASE&userid=&jmhm=&videocodec=h264&bean=mgspad&tid=android&conFee=0&puData=d18ceaa4887dd90437843aedd252e8e7&ddCalcu=7de1e882ec62e05a2ad4d8e8a73d4d897034, From: subscribe, IPv_Type: ipv6, Location: 中国, ISP: 中国移动, Date: None, Delay: -1 ms, Speed: 0.00 M/s, Resolution: None
Name: 陕西体育休闲, URL: http://gslbmgsplive.miguvideo.com/migu/kailu/sxtyxx/51/20250804/index.m3u8?msisdn=2025102508005957060912be0d47f78a9e823b236e0022&mdspid=&spid=600572&netType=0&sid=5910022189&pid=2028597139&timestamp=20251025080059&Channel_ID=0116_2600000900-99000-201600010010027&ProgramID=956909356&ParentNodeID=-99&assertID=5910022189&client_ip=106.13.250.90&SecurityKey=20251025080059&promotionId=&mvid=5900006712&mcid=500020&playurlVersion=WX-A1-8.9.2-RELEASE&userid=&jmhm=&videocodec=h264&bean=mgspad&tid=android&conFee=0&puData=25d98077b85839680d0db7d4d6a823de&ddCalcu=e2d5e3d2296880a067d74bd875b8d309d608, From: subscribe, IPv_Type: ipv6, Location: 中国, ISP: 中国移动, Date: None, Delay: -1 ms, Speed: 0.00 M/s, Resolution: None
Name: 陕西体育休闲, URL: http://gslbmgsplive.miguvideo.com/migu/kailu/sxtyxx/51/20250804/index.m3u8?msisdn=20251026080055dc17c2fc45334560bf47799ab86d8854&mdspid=&spid=600572&netType=0&sid=5910022189&pid=2028597139&timestamp=20251026080055&Channel_ID=0116_2600000900-99000-201600010010027&ProgramID=956909356&ParentNodeID=-99&assertID=5910022189&client_ip=106.13.250.83&SecurityKey=20251026080055&promotionId=&mvid=5900006712&mcid=500020&playurlVersion=WX-A1-8.9.2-RELEASE&userid=&jmhm=&videocodec=h264&bean=mgspad&tid=android&conFee=0&puData=31276552a017d448e28220c117bcf54e&ddCalcu=e341e522f76c60b575121ac001272d8424e8, From: subscribe, IPv_Type: ipv6, Location: 中国, ISP: 中国移动, Date: None, Delay: -1 ms, Speed: 0.00 M/s, Resolution: None
Name: 陕西西部电影, URL: http://[2409:8087:7000:20:1000::22]:6060/yinhe/2/ch00000090990000001749/index.m3u8?virtualDomain=yinhe.live_hls.zte.com, From: local, IPv_Type: ipv6, Location: 中国, ISP: 中国移动, Date: None, Delay: -1 ms, Speed: 0.00 M/s, Resolution: None
Name: 黑龙江新闻法治, URL: https://idclive.hljtv.com:4430/live/hljxw_hd.m3u8, From: local, IPv_Type: ipv6, Location: 中国, ISP: 中国移动, Date: None, Delay: -1 ms, Speed: 0.00 M/s, Resolution: None
Name: 黑龙江新闻法治, URL: http://php.jdshipin.com/TVOD/hljyd.php?id=3221226330, From: subscribe, IPv_Type: ipv6, Location: 美国, ISP: CloudFlare Inc., Date: None, Delay: -1 ms, Speed: 0.00 M/s, Resolution: None
Name: 黑龙江新闻法治, URL: http://[2409:8087:1a01:df::7005]/ottrrs.hl.chinamobile.com/PLTV/88888888/224/3221226330/index.m3u8, From: subscribe, IPv_Type: ipv6, Location: 中国, ISP: 中国移动, Date: None, Delay: -1 ms, Speed: 0.00 M/s, Resolution: None
Name: 黑龙江新闻法治, URL: https://stream1.freetv.fun/hei-long-jiang-xin-wen-fa-zhi-6.m3u8, From: subscribe, IPv_Type: ipv6, Location: 美国, ISP: CloudFlare Inc., Date: None, Delay: -1 ms, Speed: 0.00 M/s, Resolution: None
Name: 黑龙江新闻法治, URL: https://stream1.freetv.fun/hei-long-jiang-xin-wen-fa-zhi-4.m3u8, From: subscribe, IPv_Type: ipv6, Location: 美国, ISP: CloudFlare Inc., Date: None, Delay: -1 ms, Speed: 0.00 M/s, Resolution: None
Name: 黑龙江新闻法治, URL: https://stream1.freetv.fun/hei-long-jiang-xin-wen-fa-zhi-7.m3u8, From: subscribe, IPv_Type: ipv6, Location: 美国, ISP: CloudFlare Inc., Date: None, Delay: -1 ms, Speed: 0.00 M/s, Resolution: None
Name: 黑龙江新闻法治, URL: https://stream1.freetv.fun/hei-long-jiang-xin-wen-fa-zhi-5.m3u8, From: subscribe, IPv_Type: ipv6, Location: 美国, ISP: CloudFlare Inc., Date: None, Delay: -1 ms, Speed: 0.00 M/s, Resolution: None
Name: 黑龙江新闻法治, URL: https://ls.qingting.fm/live/4974/64k.m3u8, From: subscribe, IPv_Type: ipv6, Location: 美国, ISP: , Date: None, Delay: -1 ms, Speed: 0.00 M/s, Resolution: None
Name: 黑龙江文体, URL: https://idclive.hljtv.com:4430/live/hljwy_hd.m3u8, From: local, IPv_Type: ipv6, Location: 中国, ISP: 中国移动, Date: None, Delay: -1 ms, Speed: 0.00 M/s, Resolution: None
Name: 黑龙江文体, URL: http://php.jdshipin.com/TVOD/hljyd.php?id=3221226239, From: subscribe, IPv_Type: ipv6, Location: 美国, ISP: CloudFlare Inc., Date: None, Delay: -1 ms, Speed: 0.00 M/s, Resolution: None
Name: 黑龙江文体, URL: http://[2409:8087:1a01:df::7005]/ottrrs.hl.chinamobile.com/PLTV/88888888/224/3221226239/index.m3u8, From: subscribe, IPv_Type: ipv6, Location: 中国, ISP: 中国移动, Date: None, Delay: -1 ms, Speed: 0.00 M/s, Resolution: None
Name: 黑龙江文体, URL: http://[2409:8087:1a01:df::4025]:80/TVOD/88888888/224/3221225965/main.m3u8, From: subscribe, IPv_Type: ipv6, Location: 中国, ISP: 中国移动, Date: None, Delay: -1 ms, Speed: 0.00 M/s, Resolution: None
Name: 黑龙江文体, URL: https://stream1.freetv.fun/hei-long-jiang-wen-ti-7.m3u8, From: subscribe, IPv_Type: ipv6, Location: 美国, ISP: CloudFlare Inc., Date: None, Delay: -1 ms, Speed: 0.00 M/s, Resolution: None
Name: 黑龙江文体, URL: https://stream1.freetv.fun/hei-long-jiang-wen-ti-1.m3u8, From: subscribe, IPv_Type: ipv6, Location: 美国, ISP: CloudFlare Inc., Date: None, Delay: -1 ms, Speed: 0.00 M/s, Resolution: None
Name: 黑龙江文体, URL: https://stream1.freetv.fun/hei-long-jiang-wen-ti-9.m3u8, From: subscribe, IPv_Type: ipv6, Location: 美国, ISP: CloudFlare Inc., Date: None, Delay: -1 ms, Speed: 0.00 M/s, Resolution: None
Name: 黑龙江文体, URL: http://ottrrs.hl.chinamobile.com/PLTV/88888888/224/3221226239/index.m3u8, From: subscribe, IPv_Type: ipv6, Location: 中国, ISP: 中国移动, Date: None, Delay: -1 ms, Speed: 0.00 M/s, Resolution: None
Name: 黑龙江影视, URL: https://idclive.hljtv.com:4430/live/hljys_hd.m3u8, From: local, IPv_Type: ipv6, Location: 中国, ISP: 中国移动, Date: None, Delay: -1 ms, Speed: 0.00 M/s, Resolution: None
Name: 黑龙江影视, URL: http://php.jdshipin.com/TVOD/hljyd.php?id=3221226298, From: subscribe, IPv_Type: ipv6, Location: 美国, ISP: CloudFlare Inc., Date: None, Delay: -1 ms, Speed: 0.00 M/s, Resolution: None
Name: 黑龙江影视, URL: http://[2409:8087:1a01:df::7005]/ottrrs.hl.chinamobile.com/PLTV/88888888/224/3221226298/index.m3u8, From: subscribe, IPv_Type: ipv6, Location: 中国, ISP: 中国移动, Date: None, Delay: -1 ms, Speed: 0.00 M/s, Resolution: None
Name: 黑龙江影视, URL: https://stream1.freetv.fun/hei-long-jiang-ying-shi-1.m3u8, From: subscribe, IPv_Type: ipv6, Location: 美国, ISP: CloudFlare Inc., Date: None, Delay: -1 ms, Speed: 0.00 M/s, Resolution: None
Name: 黑龙江影视, URL: https://stream1.freetv.fun/hei-long-jiang-ying-shi-7.m3u8, From: subscribe, IPv_Type: ipv6, Location: 美国, ISP: CloudFlare Inc., Date: None, Delay: -1 ms, Speed: 0.00 M/s, Resolution: None
Name: 黑龙江影视, URL: https://stream1.freetv.fun/hei-long-jiang-ying-shi-8.m3u8, From: subscribe, IPv_Type: ipv6, Location: 美国, ISP: CloudFlare Inc., Date: None, Delay: -1 ms, Speed: 0.00 M/s, Resolution: None
Name: 黑龙江影视, URL: http://ottrrs.hl.chinamobile.com/PLTV/88888888/224/3221226298/index.m3u8, From: subscribe, IPv_Type: ipv6, Location: 中国, ISP: 中国移动, Date: None, Delay: -1 ms, Speed: 0.00 M/s, Resolution: None
Name: 黑龙江都市, URL: https://idclive.hljtv.com:4430/live/dushi_hd.m3u8, From: local, IPv_Type: ipv6, Location: 中国, ISP: 中国移动, Date: None, Delay: -1 ms, Speed: 0.00 M/s, Resolution: None
Name: 黑龙江都市, URL: http://php.jdshipin.com/TVOD/hljyd.php?id=3221226301, From: subscribe, IPv_Type: ipv6, Location: 美国, ISP: CloudFlare Inc., Date: None, Delay: -1 ms, Speed: 0.00 M/s, Resolution: None
Name: 黑龙江都市, URL: http://[2409:8087:1a01:df::7005]/ottrrs.hl.chinamobile.com/PLTV/88888888/224/3221226301/index.m3u8, From: subscribe, IPv_Type: ipv6, Location: 中国, ISP: 中国移动, Date: None, Delay: -1 ms, Speed: 0.00 M/s, Resolution: None
Name: 黑龙江都市, URL: http://[2409:8087:1a01:df::4025]:80/ottrrs.hl.chinamobile.com/PLTV/88888888/224/3221226301/1.m3u8, From: subscribe, IPv_Type: ipv6, Location: 中国, ISP: 中国移动, Date: None, Delay: -1 ms, Speed: 0.00 M/s, Resolution: None
Name: 黑龙江都市, URL: http://[2409:8087:1a01:df::4055]:80/TVOD/88888888/224/3221225969/main.m3u8, From: subscribe, IPv_Type: ipv6, Location: 中国, ISP: 中国移动, Date: None, Delay: -1 ms, Speed: 0.00 M/s, Resolution: None
Name: 黑龙江都市, URL: http://[2409:8087:1a01:df::4077]:80/ottrrs.hl.chinamobile.com/PLTV/88888888/224/3221226301/1.m3u8, From: subscribe, IPv_Type: ipv6, Location: 中国, ISP: 中国移动, Date: None, Delay: -1 ms, Speed: 0.00 M/s, Resolution: None
Name: 黑龙江都市, URL: https://stream1.freetv.fun/hei-long-jiang-du-shi-7.m3u8, From: subscribe, IPv_Type: ipv6, Location: 美国, ISP: CloudFlare Inc., Date: None, Delay: -1 ms, Speed: 0.00 M/s, Resolution: None
Name: 黑龙江都市, URL: https://stream1.freetv.fun/hei-long-jiang-du-shi-8.m3u8, From: subscribe, IPv_Type: ipv6, Location: 美国, ISP: CloudFlare Inc., Date: None, Delay: -1 ms, Speed: 0.00 M/s, Resolution: None
Name: 黑龙江都市, URL: https://stream1.freetv.fun/hei-long-jiang-du-shi-1.m3u8, From: subscribe, IPv_Type: ipv6, Location: 美国, ISP: CloudFlare Inc., Date: None, Delay: -1 ms, Speed: 0.00 M/s, Resolution: None
Name: 黑龙江公共农村, URL: https://idclive.hljtv.com:4430/live/hljgg_hd.m3u8, From: local, IPv_Type: ipv6, Location: 中国, ISP: 中国移动, Date: None, Delay: -1 ms, Speed: 0.00 M/s, Resolution: None
Name: 黑龙江公共农村, URL: http://ottrrs.hl.chinamobile.com/PLTV/88888888/224/3221225994/index.m3u8, From: subscribe, IPv_Type: ipv6, Location: 中国, ISP: 中国移动, Date: None, Delay: -1 ms, Speed: 0.00 M/s, Resolution: None
Name: 黑龙江少儿, URL: https://idclive.hljtv.com:4430/live/hljse_hd.m3u8, From: local, IPv_Type: ipv6, Location: 中国, ISP: 中国移动, Date: None, Delay: -1 ms, Speed: 0.00 M/s, Resolution: None
Name: 黑龙江少儿, URL: http://php.jdshipin.com/TVOD/hljyd.php?id=3221226304, From: subscribe, IPv_Type: ipv6, Location: 美国, ISP: CloudFlare Inc., Date: None, Delay: -1 ms, Speed: 0.00 M/s, Resolution: None
Name: 黑龙江少儿, URL: https://ls.qingting.fm/live/4972/64k.m3u8, From: subscribe, IPv_Type: ipv6, Location: 美国, ISP: , Date: None, Delay: -1 ms, Speed: 0.00 M/s, Resolution: None
Name: 黑龙江少儿, URL: http://[2409:8087:1a01:df::7005]/ottrrs.hl.chinamobile.com/PLTV/88888888/224/3221226304/index.m3u8, From: subscribe, IPv_Type: ipv6, Location: 中国, ISP: 中国移动, Date: None, Delay: -1 ms, Speed: 0.00 M/s, Resolution: None
Name: 黑龙江少儿, URL: https://stream1.freetv.fun/hei-long-jiang-shao-er-8.m3u8, From: subscribe, IPv_Type: ipv6, Location: 美国, ISP: CloudFlare Inc., Date: None, Delay: -1 ms, Speed: 0.00 M/s, Resolution: None
Name: 黑龙江少儿, URL: https://stream1.freetv.fun/hei-long-jiang-shao-er-2.m3u8, From: subscribe, IPv_Type: ipv6, Location: 美国, ISP: CloudFlare Inc., Date: None, Delay: -1 ms, Speed: 0.00 M/s, Resolution: None
Name: NewTV军事评论, URL: http://[2409:8087:2001:20:2800:0:df6e:eb18]:80/wh7f454c46tw3373254713_-1111569189/ott.mobaibox.com/PLTV/3/224/3221227544/index.m3u8, From: local, IPv_Type: ipv6, Location: 中国, ISP: 中国移动, Date: None, Delay: -1 ms, Speed: 0.00 M/s, Resolution: None
Name: NewTV军事评论, URL: http://[2409:8087:5e00:24::2d]:6610/000000001000/1/2000000003000000022/index.m3u8?channel-id=hnbblive&Contentid=2000000003000000022&livemode=1&stbId=YanG-1989, From: subscribe, IPv_Type: ipv6, Location: 中国, ISP: 中国移动, Date: None, Delay: -1 ms, Speed: 0.00 M/s, Resolution: None
Name: NewTV军事评论, URL: http://[2409:8087:1a0b:df::4005]:80/ottrrs.hl.chinamobile.com/TVOD/88888888/224/3221225668/index.m3u8, From: subscribe, IPv_Type: ipv6, Location: 中国, ISP: 中国移动, Date: None, Delay: -1 ms, Speed: 0.00 M/s, Resolution: None
Name: NewTV军事评论, URL: http://ottrrs.hl.chinamobile.com/PLTV/88888888/224/3221225668/index.m3u8, From: subscribe, IPv_Type: ipv6, Location: 中国, ISP: 中国移动, Date: None, Delay: -1 ms, Speed: 0.00 M/s, Resolution: None
Name: NewTV军事评论, URL: https://iptv.catvod.com/live.php?id=NewTV%E5%86%9B%E4%BA%8B%E8%AF%84%E8%AE%BA, From: subscribe, IPv_Type: ipv6, Location: 美国, ISP: CloudFlare Inc., Date: None, Delay: -1 ms, Speed: 0.00 M/s, Resolution: None
Name: NewTV军事评论, URL: http://ott.mobaibox.com/PLTV/3/224/3221227544/index.m3u8, From: subscribe, IPv_Type: ipv6, Location: 中国, ISP: 中国移动, Date: None, Delay: -1 ms, Speed: 0.00 M/s, Resolution: None
Name: NewTV军事评论, URL: http://hwltc.tv.cdn.zj.chinamobile.com/PLTV/88888888/224/3221236155/index.m3u8, From: subscribe, IPv_Type: ipv6, Location: 中国, ISP: 中国移动, Date: None, Delay: -1 ms, Speed: 0.00 M/s, Resolution: None
Name: NewTV军旅剧场, URL: http://[2409:8087:2001:20:2800:0:df6e:eb06]:80/wh7f454c46tw1807611386_-262631246/ott.mobaibox.com/PLTV/3/224/3221227603/index.m3u8, From: local, IPv_Type: ipv6, Location: 中国, ISP: 中国移动, Date: None, Delay: -1 ms, Speed: 0.00 M/s, Resolution: None
Name: NewTV军旅剧场, URL: http://[2409:8087:5e00:24::2d]:6610/000000001000/1/2000000003000000014/index.m3u8?channel-id=hnbblive&Contentid=2000000003000000014&livemode=1&stbId=YanG-1989, From: subscribe, IPv_Type: ipv6, Location: 中国, ISP: 中国移动, Date: None, Delay: -1 ms, Speed: 0.00 M/s, Resolution: None
Name: NewTV军旅剧场, URL: http://[2409:8087:1a0b:df::4018]:80/ottrrs.hl.chinamobile.com/TVOD/88888888/224/3221225676/index.m3u8, From: subscribe, IPv_Type: ipv6, Location: 中国, ISP: 中国移动, Date: None, Delay: -1 ms, Speed: 0.00 M/s, Resolution: None
Name: NewTV军旅剧场, URL: http://ottrrs.hl.chinamobile.com/PLTV/88888888/224/3221225676/index.m3u8, From: subscribe, IPv_Type: ipv6, Location: 中国, ISP: 中国移动, Date: None, Delay: -1 ms, Speed: 0.00 M/s, Resolution: None
Name: NewTV军旅剧场, URL: http://[2409:8087:5e00:24::1e]:6060/200000001898/460000089800010079/1.m3u8, From: subscribe, IPv_Type: ipv6, Location: 中国, ISP: 中国移动, Date: None, Delay: -1 ms, Speed: 0.00 M/s, Resolution: None
Name: NewTV军旅剧场, URL: https://iptv.catvod.com/live.php?id=NewTV%E5%86%9B%E6%97%85%E5%89%A7%E5%9C%BA, From: subscribe, IPv_Type: ipv6, Location: 美国, ISP: CloudFlare Inc., Date: None, Delay: -1 ms, Speed: 0.00 M/s, Resolution: None
Name: NewTV军旅剧场, URL: http://hwltc.tv.cdn.zj.chinamobile.com/PLTV/88888888/224/3221236278/index.m3u8, From: subscribe, IPv_Type: ipv6, Location: 中国, ISP: 中国移动, Date: None, Delay: -1 ms, Speed: 0.00 M/s, Resolution: None
Name: NewTV军旅剧场, URL: http://ott.mobaibox.com/PLTV/3/224/3221227603/index.m3u8, From: subscribe, IPv_Type: ipv6, Location: 中国, ISP: 中国移动, Date: None, Delay: -1 ms, Speed: 0.00 M/s, Resolution: None
Name: NewTV家庭剧场, URL: http://[2409:8087:2001:20:2800:0:df6e:eb06]:80/wh7f454c46tw3441504651_1879058580/ott.mobaibox.com/PLTV/3/224/3221227600/index.m3u8, From: local, IPv_Type: ipv6, Location: 中国, ISP: 中国移动, Date: None, Delay: -1 ms, Speed: 0.00 M/s, Resolution: None
Name: NewTV家庭剧场, URL: http://[2409:8087:5e00:24::2d]:6610/000000001000/1/1000000004000008284/index.m3u8?channel-id=ystenlive&Contentid=1000000004000008284&livemode=1&stbId=YanG-1989, From: subscribe, IPv_Type: ipv6, Location: 中国, ISP: 中国移动, Date: None, Delay: -1 ms, Speed: 0.00 M/s, Resolution: None
Name: NewTV家庭剧场, URL: http://[2409:8087:1a15:10d1::36]/ottrrs.hl.chinamobile.com/PLTV/88888888/224/3221225677/index.m3u8, From: subscribe, IPv_Type: ipv6, Location: 中国, ISP: 中国移动, Date: None, Delay: -1 ms, Speed: 0.00 M/s, Resolution: None
Name: NewTV家庭剧场, URL: http://[2409:8087:1a0b:df::4007]:80/ottrrs.hl.chinamobile.com/TVOD/88888888/224/3221225677/index.m3u8, From: subscribe, IPv_Type: ipv6, Location: 中国, ISP: 中国移动, Date: None, Delay: -1 ms, Speed: 0.00 M/s, Resolution: None
Name: NewTV家庭剧场, URL: http://ottrrs.hl.chinamobile.com/PLTV/88888888/224/3221225677/index.m3u8, From: subscribe, IPv_Type: ipv6, Location: 中国, ISP: 中国移动, Date: None, Delay: -1 ms, Speed: 0.00 M/s, Resolution: None
Name: NewTV家庭剧场, URL: https://iptv.catvod.com/live.php?id=NewTV%E5%AE%B6%E5%BA%AD%E5%89%A7%E5%9C%BA, From: subscribe, IPv_Type: ipv6, Location: 美国, ISP: CloudFlare Inc., Date: None, Delay: -1 ms, Speed: 0.00 M/s, Resolution: None
Name: NewTV家庭剧场, URL: http://ott.mobaibox.com/PLTV/3/224/3221227600/index.m3u8, From: subscribe, IPv_Type: ipv6, Location: 中国, ISP: 中国移动, Date: None, Delay: -1 ms, Speed: 0.00 M/s, Resolution: None
Name: NewTV家庭剧场, URL: http://hwltc.tv.cdn.zj.chinamobile.com/PLTV/88888888/224/3221236206/index.m3u8, From: subscribe, IPv_Type: ipv6, Location: 中国, ISP: 中国移动, Date: None, Delay: -1 ms, Speed: 0.00 M/s, Resolution: None
Name: NewTV中国功夫, URL: http://[2409:8087:2001:20:2800:0:df6e:eb19]:80/wh7f454c46tw1934355864_2070028581/ott.mobaibox.com/PLTV/3/224/3221227530/index.m3u8, From: local, IPv_Type: ipv6, Location: 中国, ISP: 中国移动, Date: None, Delay: -1 ms, Speed: 0.00 M/s, Resolution: None
Name: NewTV中国功夫, URL: http://[2409:8087:5e00:24::2d]:6610/000000001000/1/2000000003000000009/index.m3u8?channel-id=hnbblive&Contentid=2000000003000000009&livemode=1&stbId=YanG-1989, From: subscribe, IPv_Type: ipv6, Location: 中国, ISP: 中国移动, Date: None, Delay: -1 ms, Speed: 0.00 M/s, Resolution: None
Name: NewTV中国功夫, URL: http://[2409:8087:1a15:10d1::34]/ottrrs.hl.chinamobile.com/PLTV/88888888/224/3221225681/index.m3u8, From: subscribe, IPv_Type: ipv6, Location: 中国, ISP: 中国移动, Date: None, Delay: -1 ms, Speed: 0.00 M/s, Resolution: None
Name: NewTV中国功夫, URL: http://[2409:8087:1a0b:df::4001]:80/ottrrs.hl.chinamobile.com/TVOD/88888888/224/3221225681/index.m3u8, From: subscribe, IPv_Type: ipv6, Location: 中国, ISP: 中国移动, Date: None, Delay: -1 ms, Speed: 0.00 M/s, Resolution: None
Name: NewTV中国功夫, URL: http://ottrrs.hl.chinamobile.com/PLTV/88888888/224/3221225681/index.m3u8, From: subscribe, IPv_Type: ipv6, Location: 中国, ISP: 中国移动, Date: None, Delay: -1 ms, Speed: 0.00 M/s, Resolution: None
Name: NewTV中国功夫, URL: http://[2409:8087:5e00:24::1e]:6060/200000001898/460000089800010087/1.m3u8, From: subscribe, IPv_Type: ipv6, Location: 中国, ISP: 中国移动, Date: None, Delay: -1 ms, Speed: 0.00 M/s, Resolution: None
Name: NewTV中国功夫, URL: https://iptv.catvod.com/live.php?id=NewTV%E4%B8%AD%E5%9B%BD%E5%8A%9F%E5%A4%AB, From: subscribe, IPv_Type: ipv6, Location: 美国, ISP: CloudFlare Inc., Date: None, Delay: -1 ms, Speed: 0.00 M/s, Resolution: None
Name: NewTV中国功夫, URL: http://ott.mobaibox.com/PLTV/3/224/3221227530/index.m3u8, From: subscribe, IPv_Type: ipv6, Location: 中国, ISP: 中国移动, Date: None, Delay: -1 ms, Speed: 0.00 M/s, Resolution: None
Name: NewTV中国功夫, URL: http://hwltc.tv.cdn.zj.chinamobile.com/PLTV/88888888/224/3221236267/index.m3u8, From: subscribe, IPv_Type: ipv6, Location: 中国, ISP: 中国移动, Date: None, Delay: -1 ms, Speed: 0.00 M/s, Resolution: None
Name: NewTV东北热剧, URL: http://[2409:8087:1a01:df::7005]:80/ottrrs.hl.chinamobile.com/PLTV/88888888/224/3221225741/index.m3u8, From: local, IPv_Type: ipv6, Location: 中国, ISP: 中国移动, Date: None, Delay: -1 ms, Speed: 0.00 M/s, Resolution: None
Name: NewTV惊悚悬疑, URL: http://[2409:8087:2001:20:2800:0:df6e:eb18]/wh7f454c46tw2482771376_951312812/ott.mobaibox.com/PLTV/3/224/3221227536/index.m3u8, From: local, IPv_Type: ipv6, Location: 中国, ISP: 中国移动, Date: None, Delay: -1 ms, Speed: 0.00 M/s, Resolution: None
Name: NewTV惊悚悬疑, URL: http://php.jdshipin.com/TVOD/hnyd.php?id=200000001898/460000089800010077, From: subscribe, IPv_Type: ipv6, Location: 美国, ISP: CloudFlare Inc., Date: None, Delay: -1 ms, Speed: 0.00 M/s, Resolution: None
Name: NewTV惊悚悬疑, URL: http://3501776.xyz:35455/itv/1000000004000024282.m3u8?cdn=ystenlive, From: subscribe, IPv_Type: ipv6, Location: 美国, ISP: CloudFlare Inc., Date: None, Delay: -1 ms, Speed: 0.00 M/s, Resolution: None
Name: NewTV惊悚悬疑, URL: http://[2409:8087:5e00:24::2d]:6610/000000001000/1/1000000004000024282/index.m3u8?channel-id=ystenlive&Contentid=1000000004000024282&livemode=1&stbId=YanG-1989, From: subscribe, IPv_Type: ipv6, Location: 中国, ISP: 中国移动, Date: None, Delay: -1 ms, Speed: 0.00 M/s, Resolution: None
Name: NewTV惊悚悬疑, URL: http://[2409:8087:1a0b:df::4002]:80/ottrrs.hl.chinamobile.com/TVOD/88888888/224/3221225665/index.m3u8, From: subscribe, IPv_Type: ipv6, Location: 中国, ISP: 中国移动, Date: None, Delay: -1 ms, Speed: 0.00 M/s, Resolution: None
Name: NewTV惊悚悬疑, URL: http://ottrrs.hl.chinamobile.com/PLTV/88888888/224/3221225665/index.m3u8, From: subscribe, IPv_Type: ipv6, Location: 中国, ISP: 中国移动, Date: None, Delay: -1 ms, Speed: 0.00 M/s, Resolution: None
Name: NewTV惊悚悬疑, URL: http://iptv.666230.xyz/iptv/bjyd.php/7013, From: subscribe, IPv_Type: ipv6, Location: 美国, ISP: CloudFlare Inc., Date: None, Delay: -1 ms, Speed: 0.00 M/s, Resolution: None
Name: NewTV惊悚悬疑, URL: https://iptv.catvod.com/live.php?id=NewTV%E6%83%8A%E6%82%9A%E6%82%AC%E7%96%91, From: subscribe, IPv_Type: ipv6, Location: 美国, ISP: CloudFlare Inc., Date: None, Delay: -1 ms, Speed: 0.00 M/s, Resolution: None
Name: NewTV惊悚悬疑, URL: http://ott.mobaibox.com/PLTV/3/224/3221227536/index.m3u8, From: subscribe, IPv_Type: ipv6, Location: 中国, ISP: 中国移动, Date: None, Delay: -1 ms, Speed: 0.00 M/s, Resolution: None
Name: NewTV惊悚悬疑, URL: http://hwltc.tv.cdn.zj.chinamobile.com/PLTV/88888888/224/3221236223/index.m3u8, From: subscribe, IPv_Type: ipv6, Location: 中国, ISP: 中国移动, Date: None, Delay: -1 ms, Speed: 0.00 M/s, Resolution: None
Name: NewTV明星大片, URL: http://[2409:8087:2001:20:2800:0:df6e:eb18]:80/wh7f454c46tw2856695654_946966165/ott.mobaibox.com/PLTV/3/224/3221227594/index.m3u8, From: local, IPv_Type: ipv6, Location: 中国, ISP: 中国移动, Date: None, Delay: -1 ms, Speed: 0.00 M/s, Resolution: None
Name: NewTV明星大片, URL: http://[2409:8087:5e00:24::2d]:6610/000000001000/1/1000000004000019008/index.m3u8?channel-id=ystenlive&Contentid=1000000004000019008&livemode=1&stbId=YanG-1989, From: subscribe, IPv_Type: ipv6, Location: 中国, ISP: 中国移动, Date: None, Delay: -1 ms, Speed: 0.00 M/s, Resolution: None
Name: NewTV明星大片, URL: http://[2409:8087:1a0b:df::4005]:80/ottrrs.hl.chinamobile.com/TVOD/88888888/224/3221225664/index.m3u8, From: subscribe, IPv_Type: ipv6, Location: 中国, ISP: 中国移动, Date: None, Delay: -1 ms, Speed: 0.00 M/s, Resolution: None
Name: NewTV明星大片, URL: http://ottrrs.hl.chinamobile.com/PLTV/88888888/224/3221225664/index.m3u8, From: subscribe, IPv_Type: ipv6, Location: 中国, ISP: 中国移动, Date: None, Delay: -1 ms, Speed: 0.00 M/s, Resolution: None
Name: NewTV明星大片, URL: https://iptv.catvod.com/live.php?id=NewTV%E6%98%8E%E6%98%9F%E5%A4%A7%E7%89%87, From: subscribe, IPv_Type: ipv6, Location: 美国, ISP: CloudFlare Inc., Date: None, Delay: -1 ms, Speed: 0.00 M/s, Resolution: None
Name: NewTV明星大片, URL: http://ott.mobaibox.com/PLTV/3/224/3221227594/index.m3u8, From: subscribe, IPv_Type: ipv6, Location: 中国, ISP: 中国移动, Date: None, Delay: -1 ms, Speed: 0.00 M/s, Resolution: None
Name: NewTV欢乐剧场, URL: http://[2409:8087:1a01:df::7005]:80/ottrrs.hl.chinamobile.com/PLTV/88888888/224/3221225742/index.m3u8, From: local, IPv_Type: ipv6, Location: 中国, ISP: 中国移动, Date: None, Delay: -1 ms, Speed: 0.00 M/s, Resolution: None
Name: NewTV欢乐剧场, URL: http://hwltc.tv.cdn.zj.chinamobile.com/PLTV/88888888/224/3221236173/index.m3u8, From: subscribe, IPv_Type: ipv6, Location: 中国, ISP: 中国移动, Date: None, Delay: -1 ms, Speed: 0.00 M/s, Resolution: None
Name: NewTV潮妈辣婆, URL: http://[2409:8087:2001:20:2800:0:df6e:eb19]:80/wh7f454c46tw1705588260_46164741/ott.mobaibox.com/PLTV/3/224/3221227527/index.m3u8, From: local, IPv_Type: ipv6, Location: 中国, ISP: 中国移动, Date: None, Delay: -1 ms, Speed: 0.00 M/s, Resolution: None
Name: NewTV潮妈辣婆, URL: https://iptv.catvod.com/live.php?id=NewTV%E6%BD%AE%E5%A6%88%E8%BE%A3%E5%A9%86, From: subscribe, IPv_Type: ipv6, Location: 美国, ISP: CloudFlare Inc., Date: None, Delay: -1 ms, Speed: 0.00 M/s, Resolution: None
Name: NewTV潮妈辣婆, URL: http://ott.mobaibox.com/PLTV/3/224/3221227527/index.m3u8, From: subscribe, IPv_Type: ipv6, Location: 中国, ISP: 中国移动, Date: None, Delay: -1 ms, Speed: 0.00 M/s, Resolution: None
Name: NewTV炫舞未来, URL: http://[2409:8087:2001:20:2800:0:df6e:eb09]:80/wh7f454c46tw2582593423_1721070986/ott.mobaibox.com/PLTV/3/224/3221227475/index.m3u8, From: local, IPv_Type: ipv6, Location: 中国, ISP: 中国移动, Date: None, Delay: -1 ms, Speed: 0.00 M/s, Resolution: None
Name: NewTV炫舞未来, URL: https://iptv.catvod.com/live.php?id=NewTV%E7%82%AB%E8%88%9E%E6%9C%AA%E6%9D%A5, From: subscribe, IPv_Type: ipv6, Location: 美国, ISP: CloudFlare Inc., Date: None, Delay: -1 ms, Speed: 0.00 M/s, Resolution: None
Name: NewTV炫舞未来, URL: http://ott.mobaibox.com/PLTV/3/224/3221227475/index.m3u8, From: subscribe, IPv_Type: ipv6, Location: 中国, ISP: 中国移动, Date: None, Delay: -1 ms, Speed: 0.00 M/s, Resolution: None
Name: NewTV炫舞未来, URL: http://hwltc.tv.cdn.zj.chinamobile.com/PLTV/88888888/224/3221236230/index.m3u8, From: subscribe, IPv_Type: ipv6, Location: 中国, ISP: 中国移动, Date: None, Delay: -1 ms, Speed: 0.00 M/s, Resolution: None
Name: NewTV炫舞未来, URL: http://ottrrs.hl.chinamobile.com/PLTV/88888888/224/3221225719/index.m3u8, From: subscribe, IPv_Type: ipv6, Location: 中国, ISP: 中国移动, Date: None, Delay: -1 ms, Speed: 0.00 M/s, Resolution: None
Name: NewTV精品体育, URL: http://[2409:8087:2001:20:2800:0:df6e:eb1b]:80/wh7f454c46tw2797725038_-2054878207/ott.mobaibox.com/PLTV/3/224/3221227615/index.m3u8, From: local, IPv_Type: ipv6, Location: 中国, ISP: 中国移动, Date: None, Delay: -1 ms, Speed: 0.00 M/s, Resolution: None
Name: NewTV精品体育, URL: https://epg.pw/stream/f7556eccd4ae06b0c2991fdc7a4f8388496559f728cc82459a8e50346040e226.m3u8, From: subscribe, IPv_Type: ipv6, Location: 美国, ISP: CloudFlare Inc., Date: None, Delay: -1 ms, Speed: 0.00 M/s, Resolution: None
Name: NewTV精品体育, URL: https://epg.pw/stream/94ed0232b61ce8d89883160a4cdfbfc8f3225cae70ef8e17d93eec249a3c8ad6.m3u8, From: subscribe, IPv_Type: ipv6, Location: 美国, ISP: CloudFlare Inc., Date: None, Delay: -1 ms, Speed: 0.00 M/s, Resolution: None
Name: NewTV精品体育, URL: https://epg.pw/stream/866a097a0907c9832440f8df38272dd555abf05200dfbafcc137e214c9b30ca7.m3u8, From: subscribe, IPv_Type: ipv6, Location: 美国, ISP: CloudFlare Inc., Date: None, Delay: -1 ms, Speed: 0.00 M/s, Resolution: None
Name: NewTV精品体育, URL: http://ott.mobaibox.com/PLTV/3/224/3221227615/index.m3u8, From: subscribe, IPv_Type: ipv6, Location: 中国, ISP: 中国移动, Date: None, Delay: -1 ms, Speed: 0.00 M/s, Resolution: None
Name: NewTV精品体育, URL: http://hwltc.tv.cdn.zj.chinamobile.com/PLTV/88888888/224/3221236300/index.m3u8, From: subscribe, IPv_Type: ipv6, Location: 中国, ISP: 中国移动, Date: None, Delay: -1 ms, Speed: 0.00 M/s, Resolution: None
Name: NewTV精品大剧, URL: http://[2409:8087:2001:20:2800:0:df6e:eb1a]:80/wh7f454c46tw2817459161_-1430429466/ott.mobaibox.com/PLTV/3/224/3221227618/index.m3u8, From: local, IPv_Type: ipv6, Location: 中国, ISP: 中国移动, Date: None, Delay: -1 ms, Speed: 0.00 M/s, Resolution: None
Name: NewTV精品大剧, URL: http://[2409:8087:5e00:24::2d]:6610/000000001000/1/1000000004000013968/index.m3u8?channel-id=ystenlive&Contentid=1000000004000013968&livemode=1&stbId=YanG-1989, From: subscribe, IPv_Type: ipv6, Location: 中国, ISP: 中国移动, Date: None, Delay: -1 ms, Speed: 0.00 M/s, Resolution: None
Name: NewTV精品大剧, URL: http://[2409:8087:1a0b:df::4001]:80/ottrrs.hl.chinamobile.com/TVOD/88888888/224/3221225670/index.m3u8, From: subscribe, IPv_Type: ipv6, Location: 中国, ISP: 中国移动, Date: None, Delay: -1 ms, Speed: 0.00 M/s, Resolution: None
Name: NewTV精品大剧, URL: http://ottrrs.hl.chinamobile.com/PLTV/88888888/224/3221225670/index.m3u8, From: subscribe, IPv_Type: ipv6, Location: 中国, ISP: 中国移动, Date: None, Delay: -1 ms, Speed: 0.00 M/s, Resolution: None
Name: NewTV精品大剧, URL: http://[2409:8087:5e00:24::1e]:6060/200000001898/460000089800010072/1.m3u8, From: subscribe, IPv_Type: ipv6, Location: 中国, ISP: 中国移动, Date: None, Delay: -1 ms, Speed: 0.00 M/s, Resolution: None
Name: NewTV精品大剧, URL: https://iptv.catvod.com/live.php?id=NewTV%E7%B2%BE%E5%93%81%E5%A4%A7%E5%89%A7, From: subscribe, IPv_Type: ipv6, Location: 美国, ISP: CloudFlare Inc., Date: None, Delay: -1 ms, Speed: 0.00 M/s, Resolution: None
Name: NewTV精品大剧, URL: http://hwltc.tv.cdn.zj.chinamobile.com/PLTV/88888888/224/3221236239/index.m3u8, From: subscribe, IPv_Type: ipv6, Location: 中国, ISP: 中国移动, Date: None, Delay: -1 ms, Speed: 0.00 M/s, Resolution: None
Name: NewTV超级电影, URL: http://[2409:8087:1a01:df::7005]:80/ottrrs.hl.chinamobile.com/PLTV/88888888/224/3221225717/index.m3u8, From: local, IPv_Type: ipv6, Location: 中国, ISP: 中国移动, Date: None, Delay: -1 ms, Speed: 0.00 M/s, Resolution: None
Name: NewTV超级综艺, URL: http://[2409:8087:7000:20::4]:80/dbiptv.sn.chinamobile.com/PLTV/88888888/224/3221226009/index.m3u8, From: local, IPv_Type: ipv6, Location: 中国, ISP: 中国移动, Date: None, Delay: -1 ms, Speed: 0.00 M/s, Resolution: None
Name: NewTV超级电视剧, URL: http://[2409:8087:1a01:df::7005]:80/ottrrs.hl.chinamobile.com/PLTV/88888888/224/3221225716/index.m3u8, From: local, IPv_Type: ipv6, Location: 中国, ISP: 中国移动, Date: None, Delay: -1 ms, Speed: 0.00 M/s, Resolution: None
Name: NewTV超级电视剧, URL: https://iptv.catvod.com/live.php?id=NewTV%E8%B6%85%E7%BA%A7%E7%94%B5%E8%A7%86%E5%89%A7, From: subscribe, IPv_Type: ipv6, Location: 美国, ISP: CloudFlare Inc., Date: None, Delay: -1 ms, Speed: 0.00 M/s, Resolution: None
Name: 咪咕直播4K-1, URL: http://[2409:8087:1a01:df::4001]/PLTV/88888888/224/3221225655/index.m3u8, From: local, IPv_Type: ipv6, Location: 中国, ISP: 中国移动, Date: None, Delay: -1 ms, Speed: 0.00 M/s, Resolution: None
Name: 咪咕直播4K-2, URL: http://[2409:8087:1a01:df::4005]/PLTV/88888888/224/3221225651/index.m3u8, From: local, IPv_Type: ipv6, Location: 中国, ISP: 中国移动, Date: None, Delay: -1 ms, Speed: 0.00 M/s, Resolution: None
Name: 咪咕直播-1, URL: http://[2409:8087:1a01:df::4023]/PLTV/88888888/224/3221225611/index.m3u8, From: local, IPv_Type: ipv6, Location: 中国, ISP: 中国移动, Date: None, Delay: -1 ms, Speed: 0.00 M/s, Resolution: None
Name: 咪咕直播-2, URL: http://[2409:8087:1a01:df::4005]/PLTV/88888888/224/3221225613/index.m3u8, From: local, IPv_Type: ipv6, Location: 中国, ISP: 中国移动, Date: None, Delay: -1 ms, Speed: 0.00 M/s, Resolution: None
Name: 咪咕直播-3, URL: http://[2409:8087:1a01:df::4017]/PLTV/88888888/224/3221225619/index.m3u8, From: local, IPv_Type: ipv6, Location: 中国, ISP: 中国移动, Date: None, Delay: -1 ms, Speed: 0.00 M/s, Resolution: None
Name: 咪咕直播-4, URL: http://[2409:8087:1a01:df::4058]/PLTV/88888888/224/3221225620/index.m3u8, From: local, IPv_Type: ipv6, Location: 中国, ISP: 中国移动, Date: None, Delay: -1 ms, Speed: 0.00 M/s, Resolution: None
Name: 咪咕直播-5, URL: http://[2409:8087:1a01:df::4015]/PLTV/88888888/224/3221225639/index.m3u8, From: local, IPv_Type: ipv6, Location: 中国, ISP: 中国移动, Date: None, Delay: -1 ms, Speed: 0.00 M/s, Resolution: None
Name: 咪咕直播-6, URL: http://[2409:8087:1a01:df::4015]/PLTV/88888888/224/3221225641/index.m3u8, From: local, IPv_Type: ipv6, Location: 中国, ISP: 中国移动, Date: None, Delay: -1 ms, Speed: 0.00 M/s, Resolution: None
Name: 咪咕直播-7, URL: http://[2409:8087:1a01:df::4011]/PLTV/88888888/224/3221225643/index.m3u8, From: local, IPv_Type: ipv6, Location: 中国, ISP: 中国移动, Date: None, Delay: -1 ms, Speed: 0.00 M/s, Resolution: None
Name: 咪咕直播-8, URL: http://[2409:8087:1a01:df::4002]/PLTV/88888888/224/3221225645/index.m3u8, From: local, IPv_Type: ipv6, Location: 中国, ISP: 中国移动, Date: None, Delay: -1 ms, Speed: 0.00 M/s, Resolution: None
Name: 咪咕直播-9, URL: http://[2409:8087:1a01:df::4016]/PLTV/88888888/224/3221225647/index.m3u8, From: local, IPv_Type: ipv6, Location: 中国, ISP: 中国移动, Date: None, Delay: -1 ms, Speed: 0.00 M/s, Resolution: None
Name: 咪咕直播-10, URL: http://[2409:8087:1a01:df::4022]/PLTV/88888888/224/3221225648/index.m3u8, From: local, IPv_Type: ipv6, Location: 中国, ISP: 中国移动, Date: None, Delay: -1 ms, Speed: 0.00 M/s, Resolution: None
Name: 咪咕直播-11, URL: http://[2409:8087:1a01:df::402a]/ottrrs.hl.chinamobile.com/PLTV/88888888/224/3221226469/index.m3u8, From: local, IPv_Type: ipv6, Location: 中国, ISP: 中国移动, Date: None, Delay: -1 ms, Speed: 0.00 M/s, Resolution: None
Name: 咪咕直播-12, URL: http://[2409:8087:1a01:df::4046]/ottrrs.hl.chinamobile.com/PLTV/88888888/224/3221226472/index.m3u8, From: local, IPv_Type: ipv6, Location: 中国, ISP: 中国移动, Date: None, Delay: -1 ms, Speed: 0.00 M/s, Resolution: None
Name: 咪咕直播-13, URL: http://[2409:8087:1a01:df::4014]/PLTV/88888888/224/3221225652/index.m3u8, From: local, IPv_Type: ipv6, Location: 中国, ISP: 中国移动, Date: None, Delay: -1 ms, Speed: 0.00 M/s, Resolution: None
Name: 咪咕直播-14, URL: http://[2409:8087:1a01:df::4013]/PLTV/88888888/224/3221225653/index.m3u8, From: local, IPv_Type: ipv6, Location: 中国, ISP: 中国移动, Date: None, Delay: -1 ms, Speed: 0.00 M/s, Resolution: None
Name: 咪咕直播-15, URL: http://[2409:8087:1a01:df::4017]/PLTV/88888888/224/3221225654/index.m3u8, From: local, IPv_Type: ipv6, Location: 中国, ISP: 中国移动, Date: None, Delay: -1 ms, Speed: 0.00 M/s, Resolution: None
Name: 咪咕直播-16, URL: http://[2409:8087:1a01:df::4019]/PLTV/88888888/224/3221225658/index.m3u8, From: local, IPv_Type: ipv6, Location: 中国, ISP: 中国移动, Date: None, Delay: -1 ms, Speed: 0.00 M/s, Resolution: None
Name: 咪咕直播-17, URL: http://[2409:8087:1a01:df::4012]/PLTV/88888888/224/3221225660/index.m3u8, From: local, IPv_Type: ipv6, Location: 中国, ISP: 中国移动, Date: None, Delay: -1 ms, Speed: 0.00 M/s, Resolution: None
Name: 咪咕直播-18, URL: http://[2409:8087:1a01:df::4023]/PLTV/88888888/224/3221225662/index.m3u8, From: local, IPv_Type: ipv6, Location: 中国, ISP: 中国移动, Date: None, Delay: -1 ms, Speed: 0.00 M/s, Resolution: None
Name: 咪咕直播-19, URL: http://[2409:8087:1a01:df::4062]/PLTV/88888888/224/3221225733/index.m3u8, From: local, IPv_Type: ipv6, Location: 中国, ISP: 中国移动, Date: None, Delay: -1 ms, Speed: 0.00 M/s, Resolution: None
Name: 咪咕直播-20, URL: http://[2409:8087:1a01:df::4048]/PLTV/88888888/224/3221225735/index.m3u8, From: local, IPv_Type: ipv6, Location: 中国, ISP: 中国移动, Date: None, Delay: -1 ms, Speed: 0.00 M/s, Resolution: None
Name: 咪咕直播-21, URL: http://[2409:8087:1a01:df::4025]/PLTV/88888888/224/3221225737/index.m3u8, From: local, IPv_Type: ipv6, Location: 中国, ISP: 中国移动, Date: None, Delay: -1 ms, Speed: 0.00 M/s, Resolution: None
Name: 咪咕直播-22, URL: http://[2409:8087:1a01:df::4074]/PLTV/88888888/224/3221225739/index.m3u8, From: local, IPv_Type: ipv6, Location: 中国, ISP: 中国移动, Date: None, Delay: -1 ms, Speed: 0.00 M/s, Resolution: None
Name: 咪咕直播-23, URL: http://[2409:8087:1a01:df::4030]/PLTV/88888888/224/3221225754/index.m3u8, From: local, IPv_Type: ipv6, Location: 中国, ISP: 中国移动, Date: None, Delay: -1 ms, Speed: 0.00 M/s, Resolution: None
Name: 咪咕直播-24, URL: http://[2409:8087:1a01:df::4025]/PLTV/88888888/224/3221225756/index.m3u8, From: local, IPv_Type: ipv6, Location: 中国, ISP: 中国移动, Date: None, Delay: -1 ms, Speed: 0.00 M/s, Resolution: None
Name: 咪咕直播-25, URL: http://[2409:8087:1a01:df::4077]/PLTV/88888888/224/3221225758/index.m3u8, From: local, IPv_Type: ipv6, Location: 中国, ISP: 中国移动, Date: None, Delay: -1 ms, Speed: 0.00 M/s, Resolution: None
Name: 咪咕直播-26, URL: http://[2409:8087:1a01:df::4025]/PLTV/88888888/224/3221225760/index.m3u8, From: local, IPv_Type: ipv6, Location: 中国, ISP: 中国移动, Date: None, Delay: -1 ms, Speed: 0.00 M/s, Resolution: None
Name: 咪咕直播-27, URL: http://[2409:8087:1a01:df::4002]/PLTV/88888888/224/3221225895/index.m3u8, From: local, IPv_Type: ipv6, Location: 中国, ISP: 中国移动, Date: None, Delay: -1 ms, Speed: 0.00 M/s, Resolution: None
Name: 咪咕直播-28, URL: http://[2409:8087:1a01:df::4028]/PLTV/88888888/224/3221225897/index.m3u8, From: local, IPv_Type: ipv6, Location: 中国, ISP: 中国移动, Date: None, Delay: -1 ms, Speed: 0.00 M/s, Resolution: None
Name: 咪咕直播-29, URL: http://[2409:8087:1a01:df::4061]/PLTV/88888888/224/3221225899/index.m3u8, From: local, IPv_Type: ipv6, Location: 中国, ISP: 中国移动, Date: None, Delay: -1 ms, Speed: 0.00 M/s, Resolution: None
Name: 咪咕直播-30, URL: http://[2409:8087:1a01:df::4009]/PLTV/88888888/224/3221225901/index.m3u8, From: local, IPv_Type: ipv6, Location: 中国, ISP: 中国移动, Date: None, Delay: -1 ms, Speed: 0.00 M/s, Resolution: None
Name: 咪咕直播-31, URL: http://[2409:8087:1a01:df::4023]/PLTV/88888888/224/3221225903/index.m3u8, From: local, IPv_Type: ipv6, Location: 中国, ISP: 中国移动, Date: None, Delay: -1 ms, Speed: 0.00 M/s, Resolution: None
Name: 咪咕直播-32, URL: http://[2409:8087:1a01:df::403b]/ottrrs.hl.chinamobile.com/PLTV/88888888/224/3221226147/index.m3u8, From: local, IPv_Type: ipv6, Location: 中国, ISP: 中国移动, Date: None, Delay: -1 ms, Speed: 0.00 M/s, Resolution: None
Name: 咪咕直播-33, URL: http://[2409:8087:1a01:df::4051]/PLTV/88888888/224/3221225905/index.m3u8, From: local, IPv_Type: ipv6, Location: 中国, ISP: 中国移动, Date: None, Delay: -1 ms, Speed: 0.00 M/s, Resolution: None
Name: 咪咕直播-34, URL: http://[2409:8087:1a01:df::4033]/ottrrs.hl.chinamobile.com/PLTV/88888888/224/3221226398/index.m3u8, From: local, IPv_Type: ipv6, Location: 中国, ISP: 中国移动, Date: None, Delay: -1 ms, Speed: 0.00 M/s, Resolution: None
Name: 咪咕直播-35, URL: http://[2409:8087:1a01:df::4055]/PLTV/88888888/224/3221225910/index.m3u8, From: local, IPv_Type: ipv6, Location: 中国, ISP: 中国移动, Date: None, Delay: -1 ms, Speed: 0.00 M/s, Resolution: None
Name: 咪咕直播-36, URL: http://[2409:8087:1a01:df::4076]/PLTV/88888888/224/3221225912/index.m3u8, From: local, IPv_Type: ipv6, Location: 中国, ISP: 中国移动, Date: None, Delay: -1 ms, Speed: 0.00 M/s, Resolution: None
Name: 咪咕直播-37, URL: http://[2409:8087:1a01:df::4027]/PLTV/88888888/224/3221225914/index.m3u8, From: local, IPv_Type: ipv6, Location: 中国, ISP: 中国移动, Date: None, Delay: -1 ms, Speed: 0.00 M/s, Resolution: None
Name: 咪咕直播-38, URL: http://[2409:8087:1a01:df::4076]/PLTV/88888888/224/3221226027/index.m3u8, From: local, IPv_Type: ipv6, Location: 中国, ISP: 中国移动, Date: None, Delay: -1 ms, Speed: 0.00 M/s, Resolution: None
Name: 咪咕直播-39, URL: http://[2409:8087:1a01:df::4068]/PLTV/88888888/224/3221226031/index.m3u8, From: local, IPv_Type: ipv6, Location: 中国, ISP: 中国移动, Date: None, Delay: -1 ms, Speed: 0.00 M/s, Resolution: None
Name: 咪咕直播-40, URL: http://[2409:8087:1a01:df::4062]/PLTV/88888888/224/3221226046/index.m3u8, From: local, IPv_Type: ipv6, Location: 中国, ISP: 中国移动, Date: None, Delay: -1 ms, Speed: 0.00 M/s, Resolution: None
Name: 咪咕直播-41, URL: http://[2409:8087:1a01:df::4041]/PLTV/88888888/224/3221226053/index.m3u8, From: local, IPv_Type: ipv6, Location: 中国, ISP: 中国移动, Date: None, Delay: -1 ms, Speed: 0.00 M/s, Resolution: None
Name: 咪咕直播-42, URL: http://[2409:8087:1a01:df::404d]/ottrrs.hl.chinamobile.com/PLTV/88888888/224/3221226124/index.m3u8, From: local, IPv_Type: ipv6, Location: 中国, ISP: 中国移动, Date: None, Delay: -1 ms, Speed: 0.00 M/s, Resolution: None
